timestamp,x,y,yaw,speed,target_speed,lateral_error,steer_cmd,accel_cmd
3.696,-4.657,39.186,-0.179,0.000,2.600,-0.000,0.000,-0.005
3.700,-4.657,39.186,-0.180,-0.000,2.600,-0.000,0.000,-0.005
3.750,-4.658,39.187,-0.179,-0.000,2.600,-0.000,0.000,-0.005
3.800,-4.660,39.188,-0.179,-0.000,2.600,-0.001,0.000,-0.005
3.850,-4.663,39.189,-0.179,-0.000,2.600,-0.001,0.000,-0.005
3.900,-4.665,39.191,-0.180,-0.000,2.600,-0.002,0.000,-0.005
3.950,-4.668,39.193,-0.180,-0.000,2.600,-0.003,0.000,-0.005
4.000,-4.671,39.195,-0.179,-0.000,2.600,-0.004,0.000,-0.005
4.050,-4.673,39.197,-0.180,-0.000,2.600,-0.005,0.000,-0.005
4.100,-4.676,39.199,-0.180,-0.000,2.600,-0.006,0.000,-0.005
4.150,-4.678,39.201,-0.179,-0.000,2.600,-0.007,0.000,-0.005
4.200,-4.680,39.202,-0.180,-0.000,2.600,-0.008,0.000,-0.005
4.251,-4.682,39.204,-0.181,-0.000,2.600,-0.009,0.000,-0.005
4.300,-4.683,39.206,-0.180,-0.000,2.600,-0.010,0.000,-0.005
4.350,-4.685,39.207,-0.180,-0.000,2.600,-0.011,0.000,-0.005
4.400,-4.686,39.209,-0.180,-0.000,2.600,-0.012,0.000,-0.005
4.450,-4.687,39.210,-0.179,-0.000,2.600,-0.013,0.000,-0.005
4.500,-4.689,39.212,-0.180,-0.000,2.600,-0.014,0.000,-0.005
4.550,-4.690,39.214,-0.178,-0.000,2.600,-0.015,0.000,-0.005
4.600,-4.691,39.215,-0.178,-0.000,2.600,-0.017,0.000,-0.005
4.650,-4.692,39.217,-0.178,-0.000,2.600,-0.018,0.000,-0.005
4.700,-4.693,39.219,-0.179,-0.000,2.600,-0.019,0.000,-0.005
4.750,-4.694,39.221,-0.180,-0.000,2.600,-0.021,0.000,-0.005
4.800,-4.695,39.222,-0.179,-0.000,2.600,-0.022,0.000,-0.005
4.850,-4.696,39.224,-0.178,-0.000,2.600,-0.023,0.000,-0.005
4.900,-4.697,39.226,-0.180,-0.000,2.600,-0.025,0.000,-0.005
4.950,-4.698,39.227,-0.176,-0.000,2.600,-0.026,0.000,-0.005
5.000,-4.699,39.229,-0.179,-0.000,2.600,-0.027,0.000,-0.005
5.050,-4.699,39.231,-0.174,-0.000,2.600,-0.029,0.000,-0.005
5.100,-4.700,39.232,-0.174,-0.000,2.600,-0.030,0.000,-0.005
5.150,-4.701,39.234,-0.179,-0.000,2.600,-0.032,0.000,-0.005
5.200,-4.702,39.236,-0.174,-0.000,2.600,-0.033,0.000,-0.005
5.250,-4.702,39.238,-0.178,-0.000,2.600,-0.034,0.000,-0.005
5.300,-4.703,39.239,-0.178,0.000,2.600,-0.036,0.000,-0.005
5.350,-4.703,39.241,-0.174,-0.000,2.600,-0.037,0.000,-0.005
5.400,-4.704,39.242,-0.174,-0.000,2.600,-0.038,0.000,-0.005
5.450,-4.704,39.244,-0.173,-0.000,2.600,-0.040,0.000,-0.005
5.500,-4.705,39.246,-0.174,-0.000,2.600,-0.041,0.000,-0.005
5.550,-4.706,39.248,-0.175,0.000,2.600,-0.043,0.000,-0.005
5.600,-4.706,39.250,-0.178,-0.000,2.600,-0.045,0.000,-0.005
5.650,-4.707,39.252,-0.174,0.000,2.600,-0.046,0.000,-0.005
5.700,-4.707,39.253,-0.173,0.000,2.600,-0.047,0.000,-0.005
5.750,-4.708,39.255,-0.173,0.000,2.600,-0.049,0.000,-0.005
5.800,-4.709,39.257,-0.172,-0.000,2.600,-0.050,0.000,-0.005
5.850,-4.709,39.259,-0.173,0.000,2.600,-0.052,0.000,-0.005
5.900,-4.710,39.261,-0.173,0.000,2.600,-0.054,0.000,-0.005
5.950,-4.710,39.263,-0.173,-0.000,2.600,-0.055,0.000,-0.005
6.000,-4.711,39.264,-0.173,-0.000,2.600,-0.057,0.000,-0.005
6.050,-4.711,39.266,-0.174,-0.000,2.600,-0.058,0.000,-0.005
6.100,-4.712,39.268,-0.172,0.000,2.600,-0.060,0.000,-0.005
6.150,-4.712,39.270,-0.172,0.000,2.600,-0.061,0.000,-0.005
6.200,-4.712,39.271,-0.171,0.000,2.600,-0.063,0.000,-0.005
6.250,-4.712,39.273,-0.171,0.000,2.600,-0.065,0.000,-0.005
6.300,-4.712,39.275,-0.169,0.000,2.600,-0.066,0.000,-0.005
6.350,-4.713,39.277,-0.171,0.000,2.600,-0.068,0.000,-0.005
6.400,-4.713,39.278,-0.171,0.000,2.600,-0.069,0.000,-0.005
6.450,-4.713,39.280,-0.173,0.000,2.600,-0.071,0.000,-0.005
6.500,-4.713,39.282,-0.171,0.000,2.600,-0.072,0.000,-0.005
6.550,-4.714,39.283,-0.169,0.000,2.600,-0.074,0.000,-0.005
6.600,-4.714,39.285,-0.172,0.000,2.600,-0.075,0.000,-0.005
6.650,-4.714,39.286,-0.169,0.000,2.600,-0.077,0.000,-0.005
6.700,-4.714,39.288,-0.170,0.000,2.600,-0.078,0.000,-0.005
6.750,-4.714,39.290,-0.170,0.000,2.600,-0.079,0.000,-0.005
6.800,-4.714,39.291,-0.168,0.000,2.600,-0.081,0.000,-0.005
6.850,-4.715,39.293,-0.169,0.000,2.600,-0.082,0.000,-0.005
6.900,-4.715,39.294,-0.168,0.000,2.600,-0.084,0.000,-0.005
6.950,-4.715,39.296,-0.169,0.000,2.600,-0.085,0.000,-0.005
7.000,-4.715,39.297,-0.168,0.000,2.600,-0.087,0.000,-0.005
7.050,-4.715,39.299,-0.168,0.000,2.600,-0.088,0.000,-0.005
7.100,-4.715,39.300,-0.168,0.000,2.600,-0.089,0.000,-0.005
7.150,-4.715,39.302,-0.168,0.000,2.600,-0.091,0.000,-0.005
7.200,-4.715,39.303,-0.168,0.000,2.600,-0.092,0.000,-0.005
7.250,-4.715,39.304,-0.167,0.000,2.600,-0.093,0.000,-0.005
7.300,-4.716,39.306,-0.167,0.000,2.600,-0.094,0.000,-0.005
7.350,-4.716,39.307,-0.167,0.000,2.600,-0.096,0.000,-0.005
7.400,-4.716,39.309,-0.168,0.000,2.600,-0.097,0.000,-0.005
7.450,-4.716,39.310,-0.167,0.000,2.600,-0.098,0.000,-0.005
7.500,-4.716,39.311,-0.168,0.000,2.600,-0.100,0.000,-0.005
7.550,-4.716,39.313,-0.167,0.000,2.600,-0.101,0.000,-0.005
7.600,-4.716,39.314,-0.166,0.000,2.600,-0.102,0.000,-0.005
7.650,-4.717,39.315,-0.166,0.000,2.600,-0.103,0.000,-0.005
7.700,-4.717,39.317,-0.166,0.000,2.600,-0.105,0.000,-0.005
7.750,-4.717,39.318,-0.166,0.000,2.600,-0.106,0.000,-0.005
7.800,-4.717,39.320,-0.167,0.000,2.600,-0.107,0.000,-0.005
7.850,-4.717,39.321,-0.165,0.000,2.600,-0.108,0.000,-0.005
7.900,-4.717,39.322,-0.166,0.000,2.600,-0.110,0.000,-0.005
7.950,-4.717,39.323,-0.167,0.000,2.600,-0.111,0.000,-0.005
8.000,-4.717,39.324,-0.164,0.000,2.600,-0.112,0.000,-0.005
8.050,-4.717,39.326,-0.164,0.000,2.600,-0.113,0.000,-0.005
8.100,-4.717,39.327,-0.165,0.000,2.600,-0.114,0.000,-0.005
8.150,-4.717,39.328,-0.165,0.000,2.600,-0.115,0.000,-0.005
8.200,-4.717,39.329,-0.165,0.000,2.600,-0.117,0.000,-0.005
8.250,-4.717,39.331,-0.166,0.000,2.600,-0.118,0.000,-0.005
8.300,-4.717,39.332,-0.166,0.000,2.600,-0.119,0.000,-0.005
8.350,-4.717,39.333,-0.165,0.000,2.600,-0.120,0.000,-0.005
8.400,-4.717,39.334,-0.164,-0.000,2.600,-0.121,0.000,-0.005
8.450,-4.717,39.335,-0.164,0.000,2.600,-0.122,0.000,-0.005
8.500,-4.717,39.336,-0.163,0.000,2.600,-0.123,0.000,-0.005
8.550,-4.717,39.338,-0.164,-0.000,2.600,-0.124,0.000,-0.005
8.600,-4.717,39.339,-0.164,-0.000,2.600,-0.125,0.000,-0.005
8.650,-4.717,39.340,-0.163,0.000,2.600,-0.126,0.000,-0.005
8.700,-4.717,39.341,-0.165,0.000,2.600,-0.127,0.000,-0.005
8.750,-4.717,39.342,-0.164,0.000,2.600,-0.129,0.000,-0.005
8.800,-4.717,39.343,-0.164,0.000,2.600,-0.130,0.000,-0.005
8.850,-4.717,39.344,-0.166,0.000,2.600,-0.131,0.000,-0.005
8.900,-4.717,39.345,-0.165,0.000,2.600,-0.131,0.000,-0.005
8.950,-4.717,39.346,-0.164,0.000,2.600,-0.132,0.000,-0.005
9.000,-4.717,39.347,-0.164,0.000,2.600,-0.133,0.000,-0.005
9.050,-4.717,39.348,-0.164,-0.000,2.600,-0.134,0.000,-0.005
9.100,-4.717,39.349,-0.164,-0.000,2.600,-0.135,0.000,-0.005
9.150,-4.717,39.350,-0.162,-0.000,2.600,-0.136,0.000,-0.005
9.200,-4.717,39.351,-0.163,-0.000,2.600,-0.137,0.000,-0.005
9.250,-4.717,39.353,-0.162,-0.000,2.600,-0.138,0.000,-0.005
9.300,-4.717,39.354,-0.162,-0.000,2.600,-0.139,0.000,-0.005
9.350,-4.717,39.355,-0.163,-0.000,2.600,-0.141,0.000,-0.005
9.400,-4.718,39.356,-0.161,-0.000,2.600,-0.142,0.000,-0.005
9.450,-4.718,39.357,-0.162,-0.000,2.600,-0.143,0.000,-0.005
9.500,-4.718,39.359,-0.163,-0.000,2.600,-0.144,0.000,-0.005
9.550,-4.718,39.360,-0.162,-0.000,2.600,-0.145,0.000,-0.005
9.600,-4.718,39.361,-0.161,-0.000,2.600,-0.146,0.000,-0.005
9.650,-4.718,39.362,-0.162,-0.000,2.600,-0.147,0.000,-0.005
9.700,-4.718,39.363,-0.162,-0.000,2.600,-0.148,0.000,-0.005
9.750,-4.718,39.364,-0.162,-0.000,2.600,-0.149,0.000,-0.005
9.800,-4.718,39.365,-0.161,0.000,2.600,-0.150,0.000,-0.005
9.850,-4.718,39.366,-0.161,0.000,2.600,-0.151,0.000,-0.005
9.900,-4.718,39.367,-0.163,0.000,2.600,-0.152,0.000,-0.005
9.950,-4.718,39.368,-0.162,-0.000,2.600,-0.153,0.000,-0.005
10.000,-4.718,39.369,-0.160,0.000,2.600,-0.154,0.000,-0.005
10.050,-4.718,39.370,-0.161,-0.000,2.600,-0.155,0.000,-0.005
10.100,-4.718,39.371,-0.161,-0.000,2.600,-0.156,0.000,-0.005
10.150,-4.718,39.372,-0.160,0.000,2.600,-0.156,0.000,-0.005
10.200,-4.718,39.373,-0.159,0.000,2.600,-0.157,0.000,-0.005
10.250,-4.718,39.374,-0.160,-0.000,2.600,-0.158,0.000,-0.005
10.300,-4.718,39.375,-0.159,0.000,2.600,-0.159,0.000,-0.005
10.350,-4.718,39.376,-0.160,0.000,2.600,-0.160,0.000,-0.005
10.400,-4.718,39.377,-0.160,0.000,2.600,-0.161,0.000,-0.005
10.450,-4.718,39.378,-0.160,0.000,2.600,-0.162,0.000,-0.005
10.500,-4.718,39.379,-0.159,0.000,2.600,-0.163,0.000,-0.005
10.550,-4.718,39.380,-0.160,0.000,2.600,-0.164,0.000,-0.005
10.600,-4.718,39.381,-0.161,-0.000,2.600,-0.165,0.000,-0.005
10.650,-4.718,39.382,-0.161,0.000,2.600,-0.165,0.000,-0.005
10.700,-4.718,39.382,-0.161,-0.000,2.600,-0.166,0.000,-0.005
10.750,-4.718,39.383,-0.161,-0.000,2.600,-0.167,0.000,-0.005
10.800,-4.718,39.384,-0.161,-0.000,2.600,-0.167,0.000,-0.005
10.850,-4.718,39.384,-0.160,-0.000,2.600,-0.168,0.000,-0.005
10.900,-4.718,39.385,-0.161,-0.000,2.600,-0.169,0.000,-0.005
10.950,-4.718,39.386,-0.161,0.000,2.600,-0.170,0.000,-0.005
11.000,-4.718,39.387,-0.159,-0.000,2.600,-0.170,0.000,-0.005
11.050,-4.718,39.387,-0.160,-0.000,2.600,-0.171,0.000,-0.005
11.101,-4.718,39.388,-0.160,-0.000,2.600,-0.172,0.000,-0.005
11.150,-4.718,39.389,-0.159,-0.000,2.600,-0.173,0.000,-0.005
11.200,-4.718,39.390,-0.158,0.000,2.600,-0.174,0.000,-0.005
11.250,-4.718,39.391,-0.159,-0.000,2.600,-0.174,0.000,-0.005
11.300,-4.718,39.392,-0.159,-0.000,2.600,-0.175,0.000,-0.005
11.350,-4.718,39.393,-0.159,-0.000,2.600,-0.176,0.000,-0.005
11.400,-4.718,39.394,-0.158,-0.000,2.600,-0.177,0.000,-0.005
11.450,-4.718,39.394,-0.159,-0.000,2.600,-0.178,0.000,-0.005
11.500,-4.718,39.395,-0.159,-0.000,2.600,-0.178,0.000,-0.005
11.550,-4.718,39.396,-0.160,-0.000,2.600,-0.179,0.000,-0.005
11.600,-4.718,39.397,-0.160,-0.000,2.600,-0.180,0.000,-0.005
11.650,-4.718,39.398,-0.159,-0.000,2.600,-0.181,0.000,-0.005
11.700,-4.718,39.398,-0.158,-0.000,2.600,-0.181,0.000,-0.005
11.750,-4.718,39.399,-0.158,-0.000,2.600,-0.182,0.000,-0.005
11.800,-4.718,39.400,-0.157,-0.000,2.600,-0.183,0.000,-0.005
11.850,-4.719,39.401,-0.157,-0.000,2.600,-0.184,0.000,-0.005
11.900,-4.719,39.402,-0.157,-0.000,2.600,-0.185,0.000,-0.005
11.950,-4.719,39.403,-0.158,-0.000,2.600,-0.185,0.000,-0.005
12.000,-4.719,39.404,-0.158,-0.000,2.600,-0.186,0.000,-0.005
12.050,-4.719,39.405,-0.157,-0.000,2.600,-0.187,0.000,-0.005
12.100,-4.719,39.406,-0.157,-0.000,2.600,-0.188,0.000,-0.005
12.150,-4.719,39.406,-0.157,-0.000,2.600,-0.189,0.000,-0.005
12.200,-4.719,39.407,-0.157,-0.000,2.600,-0.189,0.000,-0.005
12.250,-4.719,39.408,-0.157,-0.000,2.600,-0.190,0.000,-0.005
12.300,-4.719,39.409,-0.158,-0.000,2.600,-0.191,0.000,-0.005
12.350,-4.719,39.410,-0.157,-0.000,2.600,-0.192,0.000,-0.005
12.400,-4.719,39.410,-0.156,-0.000,2.600,-0.192,0.000,-0.005
12.450,-4.719,39.411,-0.156,-0.000,2.600,-0.193,0.000,-0.005
12.500,-4.719,39.412,-0.157,-0.000,2.600,-0.194,0.000,-0.005
12.550,-4.719,39.412,-0.157,-0.000,2.600,-0.194,0.000,-0.005
12.600,-4.719,39.413,-0.158,-0.000,2.600,-0.195,0.000,-0.005
12.650,-4.719,39.414,-0.158,-0.000,2.600,-0.195,0.000,-0.005
12.700,-4.719,39.414,-0.158,-0.000,2.600,-0.196,0.000,-0.005
12.750,-4.719,39.415,-0.157,-0.000,2.600,-0.196,0.000,-0.005
12.800,-4.719,39.415,-0.158,-0.000,2.600,-0.197,0.000,-0.005
12.850,-4.719,39.416,-0.158,-0.000,2.600,-0.197,0.000,-0.005
12.900,-4.719,39.416,-0.158,0.000,2.600,-0.198,0.000,-0.005
12.950,-4.719,39.417,-0.158,-0.000,2.600,-0.198,0.000,-0.005
13.000,-4.719,39.417,-0.157,-0.000,2.600,-0.199,0.000,-0.005
13.050,-4.719,39.418,-0.156,0.000,2.600,-0.199,0.000,-0.005
13.100,-4.719,39.418,-0.157,-0.000,2.600,-0.200,0.000,-0.005
13.150,-4.719,39.419,-0.157,-0.000,2.600,-0.201,0.000,-0.005
13.200,-4.719,39.420,-0.157,0.000,2.600,-0.201,0.000,-0.005
13.250,-4.719,39.420,-0.156,0.000,2.600,-0.202,0.000,-0.005
13.300,-4.719,39.421,-0.156,0.000,2.600,-0.203,0.000,-0.005
13.350,-4.719,39.422,-0.155,0.000,2.600,-0.203,0.000,-0.005
13.400,-4.719,39.422,-0.156,0.000,2.600,-0.204,0.000,-0.005
13.450,-4.719,39.423,-0.156,0.000,2.600,-0.205,0.000,-0.005
13.500,-4.719,39.424,-0.157,0.000,2.600,-0.205,0.000,-0.005
13.550,-4.719,39.425,-0.157,0.000,2.600,-0.206,0.000,-0.005
13.600,-4.719,39.425,-0.156,0.000,2.600,-0.207,0.000,-0.005
13.650,-4.719,39.426,-0.157,0.000,2.600,-0.207,0.000,-0.005
13.700,-4.719,39.427,-0.156,-0.000,2.600,-0.208,0.000,-0.005
13.750,-4.719,39.427,-0.155,0.000,2.600,-0.209,0.000,-0.005
13.800,-4.719,39.428,-0.156,0.000,2.600,-0.209,0.000,-0.005
13.850,-4.719,39.429,-0.155,0.000,2.600,-0.210,0.000,-0.005
13.900,-4.719,39.429,-0.156,0.000,2.600,-0.210,0.000,-0.005
13.950,-4.719,39.430,-0.156,0.000,2.600,-0.211,0.000,-0.005
14.000,-4.719,39.431,-0.155,-0.000,2.600,-0.211,0.000,-0.005
14.050,-4.719,39.431,-0.154,-0.000,2.600,-0.212,0.000,-0.005
14.100,-4.719,39.432,-0.155,0.000,2.600,-0.213,0.000,-0.005
14.150,-4.720,39.433,-0.155,0.000,2.600,-0.213,0.000,-0.005
14.200,-4.720,39.433,-0.154,0.000,2.600,-0.214,0.000,-0.005
14.250,-4.720,39.434,-0.154,-0.000,2.600,-0.214,0.000,-0.005
14.300,-4.720,39.435,-0.154,0.000,2.600,-0.215,0.000,-0.005
14.350,-4.720,39.435,-0.154,-0.000,2.600,-0.216,0.000,-0.005
14.400,-4.720,39.436,-0.154,-0.000,2.600,-0.216,0.000,-0.005
14.450,-4.720,39.437,-0.154,-0.000,2.600,-0.217,0.000,-0.005
14.500,-4.720,39.437,-0.155,-0.000,2.600,-0.218,0.000,-0.005
14.550,-4.720,39.438,-0.154,-0.000,2.600,-0.218,0.000,-0.005
14.600,-4.720,39.438,-0.152,0.000,2.600,-0.219,0.000,-0.005
14.650,-4.720,39.439,-0.153,0.000,2.600,-0.219,0.000,-0.005
14.700,-4.720,39.440,-0.153,-0.000,2.600,-0.220,0.000,-0.005
14.750,-4.720,39.441,-0.153,0.000,2.600,-0.221,0.000,-0.005
14.800,-4.720,39.441,-0.152,0.000,2.600,-0.221,0.000,-0.005
14.850,-4.720,39.442,-0.153,-0.000,2.600,-0.222,0.000,-0.005
14.900,-4.720,39.443,-0.153,-0.000,2.600,-0.223,0.000,-0.005
14.950,-4.720,39.443,-0.153,-0.000,2.600,-0.223,0.000,-0.005
15.000,-4.720,39.444,-0.154,-0.000,2.600,-0.224,0.000,-0.005
15.050,-4.720,39.445,-0.153,-0.000,2.600,-0.224,0.000,-0.005
15.100,-4.720,39.445,-0.153,-0.000,2.600,-0.225,0.000,-0.005
15.150,-4.720,39.446,-0.153,0.000,2.600,-0.225,0.000,-0.005
15.200,-4.721,39.446,-0.152,-0.000,2.600,-0.226,0.000,-0.005
15.250,-4.721,39.447,-0.152,0.000,2.600,-0.226,0.000,-0.005
15.300,-4.721,39.447,-0.152,-0.000,2.600,-0.227,0.000,-0.005
15.350,-4.721,39.448,-0.152,-0.000,2.600,-0.227,0.000,-0.005
15.400,-4.721,39.448,-0.152,0.000,2.600,-0.228,0.000,-0.005
15.450,-4.721,39.449,-0.153,-0.000,2.600,-0.228,0.000,-0.005
15.500,-4.721,39.449,-0.152,-0.000,2.600,-0.229,0.000,-0.005
15.550,-4.721,39.450,-0.151,-0.000,2.600,-0.229,0.000,-0.005
15.600,-4.721,39.450,-0.152,-0.000,2.600,-0.230,0.000,-0.005
15.650,-4.721,39.451,-0.152,-0.000,2.600,-0.230,0.000,-0.005
15.700,-4.721,39.451,-0.152,0.000,2.600,-0.230,0.000,-0.005
15.750,-4.721,39.452,-0.152,-0.000,2.600,-0.231,0.000,-0.005
15.800,-4.721,39.452,-0.152,-0.000,2.600,-0.231,0.000,-0.005
15.850,-4.721,39.452,-0.152,-0.000,2.600,-0.232,0.000,-0.005
15.900,-4.721,39.453,-0.151,-0.000,2.600,-0.232,0.000,-0.005
15.950,-4.721,39.453,-0.152,-0.000,2.600,-0.233,0.000,-0.005
16.000,-4.721,39.454,-0.151,-0.000,2.600,-0.233,0.000,-0.005
16.050,-4.721,39.455,-0.151,0.000,2.600,-0.234,0.000,-0.005
16.100,-4.721,39.455,-0.152,-0.000,2.600,-0.234,0.000,-0.005
16.150,-4.721,39.456,-0.152,-0.000,2.600,-0.235,0.000,-0.005
16.200,-4.721,39.456,-0.151,0.000,2.600,-0.235,0.000,-0.005
16.250,-4.721,39.456,-0.151,0.000,2.600,-0.235,0.000,-0.005
16.300,-4.721,39.457,-0.151,0.000,2.600,-0.236,0.000,-0.005
16.350,-4.721,39.457,-0.150,0.000,2.600,-0.236,0.000,-0.005
16.400,-4.721,39.458,-0.151,0.000,2.600,-0.237,0.000,-0.005
16.450,-4.721,39.458,-0.151,0.000,2.600,-0.237,0.000,-0.005
16.500,-4.721,39.459,-0.150,0.000,2.600,-0.238,0.000,-0.005
16.550,-4.721,39.460,-0.151,0.000,2.600,-0.238,0.000,-0.005
16.600,-4.721,39.460,-0.151,0.000,2.600,-0.239,0.000,-0.005
16.650,-4.721,39.461,-0.150,0.000,2.600,-0.239,0.000,-0.005
16.700,-4.721,39.461,-0.150,-0.000,2.600,-0.240,0.000,-0.005
16.750,-4.721,39.462,-0.150,0.000,2.600,-0.240,0.000,-0.005
16.800,-4.721,39.462,-0.150,-0.000,2.600,-0.241,0.000,-0.005
16.850,-4.721,39.463,-0.150,-0.000,2.600,-0.241,0.000,-0.005
16.900,-4.721,39.463,-0.150,-0.000,2.600,-0.242,0.000,-0.005
16.950,-4.721,39.464,-0.149,-0.000,2.600,-0.242,0.000,-0.005
17.000,-4.721,39.464,-0.148,-0.000,2.600,-0.243,0.000,-0.005
17.050,-4.721,39.465,-0.148,-0.000,2.600,-0.243,0.000,-0.005
17.100,-4.721,39.465,-0.148,-0.000,2.600,-0.244,0.000,-0.005
17.150,-4.721,39.466,-0.145,-0.000,2.600,-0.244,0.000,-0.005
17.200,-4.722,39.466,-0.149,-0.000,2.600,-0.245,0.000,-0.005
17.250,-4.722,39.467,-0.146,-0.000,2.600,-0.245,0.000,-0.005
17.300,-4.722,39.468,-0.149,-0.000,2.600,-0.246,0.000,-0.005
17.350,-4.722,39.468,-0.146,-0.000,2.600,-0.246,0.000,-0.005
17.400,-4.722,39.469,-0.146,-0.000,2.600,-0.247,0.000,-0.005
17.450,-4.723,39.470,-0.146,-0.000,2.600,-0.247,0.000,-0.005
17.500,-4.723,39.470,-0.146,-0.000,2.600,-0.248,0.000,-0.005
17.550,-4.723,39.471,-0.149,0.000,2.600,-0.248,0.000,-0.005
17.600,-4.723,39.471,-0.146,0.000,2.600,-0.249,0.000,-0.005
17.650,-4.723,39.472,-0.146,0.000,2.600,-0.249,0.000,-0.005
17.700,-4.723,39.472,-0.145,0.000,2.600,-0.250,0.000,-0.005
17.750,-4.723,39.473,-0.149,0.000,2.600,-0.250,0.000,-0.005
17.800,-4.723,39.473,-0.149,-0.000,2.600,-0.250,0.000,-0.005
17.850,-4.723,39.473,-0.148,-0.000,2.600,-0.251,0.000,-0.005
17.900,-4.723,39.473,-0.145,-0.000,2.600,-0.251,0.000,-0.005
17.950,-4.723,39.474,-0.145,-0.000,2.600,-0.251,0.000,-0.005
18.000,-4.723,39.474,-0.149,-0.000,2.600,-0.251,0.000,-0.005
18.050,-4.723,39.474,-0.149,0.000,2.600,-0.252,0.000,-0.005
18.100,-4.723,39.475,-0.146,-0.000,2.600,-0.252,0.000,-0.005
18.150,-4.723,39.475,-0.145,-0.000,2.600,-0.252,0.000,-0.005
18.200,-4.723,39.476,-0.148,-0.000,2.600,-0.253,0.000,-0.005
18.250,-4.723,39.476,-0.148,-0.000,2.600,-0.253,0.000,-0.005
18.300,-4.723,39.476,-0.147,0.000,2.600,-0.253,0.000,-0.005
18.350,-4.723,39.476,-0.148,0.000,2.600,-0.254,0.000,-0.005
18.400,-4.723,39.477,-0.148,-0.000,2.600,-0.254,0.000,-0.005
18.450,-4.723,39.477,-0.148,-0.000,2.600,-0.254,0.000,-0.005
18.500,-4.723,39.477,-0.148,0.000,2.600,-0.254,0.000,-0.005
18.550,-4.723,39.477,-0.148,0.000,2.600,-0.255,0.000,-0.005
18.600,-4.723,39.478,-0.148,0.000,2.600,-0.255,0.000,-0.005
18.650,-4.723,39.478,-0.147,0.000,2.600,-0.255,0.000,-0.005
18.700,-4.723,39.478,-0.144,0.000,2.600,-0.255,0.000,-0.005
18.750,-4.723,39.479,-0.147,0.000,2.600,-0.256,0.000,-0.005
18.800,-4.723,39.479,-0.148,-0.000,2.600,-0.256,0.000,-0.005
18.850,-4.723,39.480,-0.148,-0.000,2.600,-0.257,0.000,-0.005
18.900,-4.723,39.480,-0.147,0.000,2.600,-0.257,0.000,-0.005
18.950,-4.723,39.480,-0.148,0.000,2.600,-0.257,0.000,-0.005
19.000,-4.723,39.481,-0.147,0.000,2.600,-0.258,0.000,-0.005
19.050,-4.723,39.481,-0.147,-0.000,2.600,-0.258,0.000,-0.005
19.100,-4.723,39.481,-0.147,-0.000,2.600,-0.258,0.000,-0.005
19.150,-4.723,39.482,-0.147,-0.000,2.600,-0.259,0.000,-0.005
19.200,-4.723,39.482,-0.147,-0.000,2.600,-0.259,0.000,-0.005
19.250,-4.723,39.482,-0.147,-0.000,2.600,-0.259,0.000,-0.005
19.300,-4.723,39.483,-0.147,-0.000,2.600,-0.259,0.000,-0.005
19.350,-4.723,39.483,-0.146,0.000,2.600,-0.260,0.000,-0.005
19.400,-4.723,39.483,-0.147,-0.000,2.600,-0.260,0.000,-0.005
19.450,-4.723,39.484,-0.146,-0.000,2.600,-0.260,0.000,-0.005
19.500,-4.723,39.484,-0.145,-0.000,2.600,-0.261,0.000,-0.005
19.550,-4.723,39.484,-0.146,-0.000,2.600,-0.261,0.000,-0.005
19.600,-4.723,39.485,-0.146,-0.000,2.600,-0.262,0.000,-0.005
19.650,-4.723,39.485,-0.142,-0.000,2.600,-0.262,0.000,-0.005
19.700,-4.723,39.486,-0.142,-0.000,2.600,-0.263,0.000,-0.005
19.750,-4.723,39.487,-0.143,0.000,2.600,-0.263,0.000,-0.005
19.800,-4.724,39.487,-0.143,-0.000,2.600,-0.264,0.000,-0.005
19.850,-4.724,39.488,-0.143,-0.000,2.600,-0.265,0.000,-0.005
19.900,-4.724,39.489,-0.143,0.000,2.600,-0.265,0.000,-0.005
19.950,-4.725,39.490,-0.145,0.000,2.600,-0.266,0.000,-0.005
20.000,-4.725,39.490,-0.142,-0.000,2.600,-0.266,0.000,-0.005
20.050,-4.725,39.490,-0.143,-0.000,2.600,-0.266,0.000,-0.005
20.100,-4.725,39.491,-0.142,-0.000,2.600,-0.267,0.000,-0.005
20.150,-4.725,39.491,-0.143,-0.000,2.600,-0.267,0.000,-0.005
20.200,-4.725,39.492,-0.143,-0.000,2.600,-0.268,0.000,-0.005
20.250,-4.725,39.492,-0.142,-0.000,2.600,-0.268,0.000,-0.005
20.300,-4.725,39.493,-0.143,-0.000,2.600,-0.268,0.000,-0.005
20.350,-4.725,39.493,-0.141,-0.000,2.600,-0.269,0.000,-0.005
20.400,-4.725,39.493,-0.142,-0.000,2.600,-0.269,0.000,-0.005
20.450,-4.725,39.494,-0.142,-0.000,2.600,-0.269,0.000,-0.005
20.500,-4.725,39.494,-0.142,-0.000,2.600,-0.270,0.000,-0.005
20.550,-4.725,39.494,-0.141,-0.000,2.600,-0.270,0.000,-0.005
20.600,-4.725,39.495,-0.142,0.000,2.600,-0.270,0.000,-0.005
20.650,-4.725,39.495,-0.145,0.000,2.600,-0.271,0.000,-0.005
20.700,-4.725,39.495,-0.141,-0.000,2.600,-0.271,0.000,-0.005
20.750,-4.725,39.495,-0.141,0.000,2.600,-0.271,0.000,-0.005
20.800,-4.725,39.496,-0.141,0.000,2.600,-0.271,0.000,-0.005
20.850,-4.725,39.496,-0.142,0.000,2.600,-0.271,0.000,-0.005
20.900,-4.725,39.496,-0.145,0.000,2.600,-0.272,0.000,-0.005
20.950,-4.725,39.496,-0.142,0.000,2.600,-0.272,0.000,-0.005
21.000,-4.725,39.496,-0.141,0.000,2.600,-0.272,0.000,-0.005
21.050,-4.725,39.497,-0.141,0.000,2.600,-0.272,0.000,-0.005
21.100,-4.725,39.497,-0.141,0.000,2.600,-0.272,0.000,-0.005
21.151,-4.725,39.497,-0.141,0.000,2.600,-0.273,0.000,-0.005
21.200,-4.725,39.498,-0.141,0.000,2.600,-0.273,0.000,-0.005
21.250,-4.725,39.498,-0.141,0.000,2.600,-0.274,0.000,-0.005
21.300,-4.725,39.499,-0.140,0.000,2.600,-0.274,0.000,-0.005
21.350,-4.726,39.499,-0.143,0.000,2.600,-0.274,0.000,-0.005
21.400,-4.726,39.499,-0.138,-0.000,2.600,-0.274,0.000,-0.005
21.450,-4.726,39.500,-0.139,-0.000,2.600,-0.275,0.000,-0.005
21.500,-4.726,39.500,-0.140,-0.000,2.600,-0.275,0.000,-0.005
21.550,-4.726,39.500,-0.140,0.000,2.600,-0.275,0.000,-0.005
21.600,-4.726,39.501,-0.139,0.000,2.600,-0.276,0.000,-0.005
21.650,-4.726,39.501,-0.140,-0.000,2.600,-0.276,0.000,-0.005
21.700,-4.726,39.502,-0.140,-0.000,2.600,-0.276,0.000,-0.005
21.750,-4.726,39.502,-0.141,-0.000,2.600,-0.277,0.000,-0.005
21.800,-4.726,39.502,-0.140,-0.000,2.600,-0.277,0.000,-0.005
21.850,-4.726,39.502,-0.140,-0.000,2.600,-0.277,0.000,-0.005
21.900,-4.726,39.503,-0.140,-0.000,2.600,-0.277,0.000,-0.005
21.950,-4.726,39.503,-0.140,-0.000,2.600,-0.278,0.000,-0.005
22.000,-4.726,39.503,-0.141,-0.000,2.600,-0.278,0.000,-0.005
22.050,-4.727,39.503,-0.140,-0.000,2.600,-0.278,0.000,-0.005
22.101,-4.727,39.504,-0.141,0.000,2.600,-0.278,0.000,-0.005
22.150,-4.727,39.504,-0.141,-0.000,2.600,-0.278,0.000,-0.005
22.200,-4.727,39.504,-0.140,-0.000,2.600,-0.279,0.000,-0.005
22.250,-4.727,39.504,-0.141,-0.000,2.600,-0.279,0.000,-0.005
22.300,-4.727,39.504,-0.140,0.000,2.600,-0.279,0.000,-0.005
22.350,-4.727,39.505,-0.140,0.000,2.600,-0.279,0.000,-0.005
22.400,-4.727,39.505,-0.139,0.000,2.600,-0.279,0.000,-0.005
22.450,-4.727,39.505,-0.140,-0.000,2.600,-0.280,0.000,-0.005
22.500,-4.727,39.505,-0.139,-0.000,2.600,-0.280,0.000,-0.005
22.550,-4.727,39.506,-0.139,-0.000,2.600,-0.280,0.000,-0.005
22.600,-4.727,39.506,-0.139,0.000,2.600,-0.281,0.000,-0.005
22.650,-4.727,39.506,-0.140,0.000,2.600,-0.281,0.000,-0.005
22.700,-4.727,39.507,-0.140,0.000,2.600,-0.281,0.000,-0.005
22.750,-4.727,39.507,-0.139,-0.000,2.600,-0.281,0.000,-0.005
22.800,-4.727,39.507,-0.139,-0.000,2.600,-0.282,0.000,-0.005
22.850,-4.727,39.507,-0.140,0.000,2.600,-0.282,0.000,-0.005
22.900,-4.727,39.508,-0.138,-0.000,2.600,-0.282,0.000,-0.005
22.950,-4.727,39.508,-0.139,-0.000,2.600,-0.282,0.000,-0.005
23.000,-4.727,39.508,-0.139,-0.000,2.600,-0.283,0.000,-0.005
23.050,-4.727,39.509,-0.138,-0.000,2.600,-0.283,0.000,-0.005
23.100,-4.727,39.509,-0.138,0.000,2.600,-0.283,0.000,-0.005
23.150,-4.727,39.509,-0.137,-0.000,2.600,-0.283,0.000,-0.005
23.200,-4.727,39.510,-0.138,-0.000,2.600,-0.284,0.000,-0.005
23.250,-4.727,39.510,-0.138,-0.000,2.600,-0.284,0.000,-0.005
23.300,-4.727,39.510,-0.139,-0.000,2.600,-0.284,0.000,-0.005
23.350,-4.727,39.511,-0.139,-0.000,2.600,-0.285,0.000,-0.005
23.400,-4.727,39.511,-0.139,-0.000,2.600,-0.285,0.000,-0.005
23.450,-4.727,39.511,-0.139,-0.000,2.600,-0.285,0.000,-0.005
23.500,-4.727,39.511,-0.139,-0.000,2.600,-0.285,0.000,-0.005
23.550,-4.727,39.511,-0.138,-0.000,2.600,-0.285,0.000,-0.005
23.600,-4.727,39.511,-0.139,-0.000,2.600,-0.285,0.000,-0.005
23.650,-4.727,39.511,-0.138,-0.000,2.600,-0.286,0.000,-0.005
23.700,-4.727,39.512,-0.139,0.000,2.600,-0.286,0.000,-0.005
23.750,-4.727,39.512,-0.141,-0.000,2.600,-0.286,0.000,-0.005
23.800,-4.727,39.512,-0.138,-0.000,2.600,-0.286,0.000,-0.005
23.850,-4.727,39.512,-0.138,-0.000,2.600,-0.286,0.000,-0.005
23.900,-4.727,39.512,-0.138,-0.000,2.600,-0.286,0.000,-0.005
23.950,-4.727,39.513,-0.141,-0.000,2.600,-0.287,0.000,-0.005
24.000,-4.727,39.513,-0.138,-0.000,2.600,-0.287,0.000,-0.005
24.050,-4.727,39.513,-0.139,0.000,2.600,-0.287,0.000,-0.005
24.100,-4.727,39.513,-0.138,0.000,2.600,-0.287,0.000,-0.005
24.150,-4.727,39.514,-0.139,-0.000,2.600,-0.288,0.000,-0.005
24.200,-4.727,39.514,-0.138,0.000,2.600,-0.288,0.000,-0.005
24.250,-4.728,39.514,-0.138,-0.000,2.600,-0.288,0.000,-0.005
24.300,-4.728,39.515,-0.138,-0.000,2.600,-0.288,0.000,-0.005
24.350,-4.728,39.515,-0.138,-0.000,2.600,-0.289,0.000,-0.005
24.400,-4.728,39.515,-0.138,-0.000,2.600,-0.289,0.000,-0.005
24.450,-4.728,39.515,-0.137,-0.000,2.600,-0.289,0.000,-0.005
24.500,-4.728,39.516,-0.138,-0.000,2.600,-0.289,0.000,-0.005
24.550,-4.728,39.516,-0.138,-0.000,2.600,-0.289,0.000,-0.005
24.600,-4.728,39.516,-0.138,-0.000,2.600,-0.290,0.000,-0.005
24.650,-4.728,39.516,-0.139,-0.000,2.600,-0.290,0.000,-0.005
24.700,-4.728,39.516,-0.138,-0.000,2.600,-0.290,0.000,-0.005
24.750,-4.728,39.516,-0.138,-0.000,2.600,-0.290,0.000,-0.005
24.801,-4.728,39.517,-0.137,-0.000,2.600,-0.290,0.000,-0.005
24.850,-4.728,39.517,-0.137,0.000,2.600,-0.290,0.000,-0.005
24.900,-4.728,39.517,-0.137,-0.000,2.600,-0.291,0.000,-0.005
24.950,-4.728,39.517,-0.136,-0.000,2.600,-0.291,0.000,-0.005
25.000,-4.728,39.518,-0.137,-0.000,2.600,-0.291,0.000,-0.005
25.050,-4.728,39.518,-0.136,-0.000,2.600,-0.291,0.000,-0.005
25.100,-4.728,39.518,-0.137,-0.000,2.600,-0.292,0.000,-0.005
25.150,-4.727,39.518,-0.136,-0.000,2.600,-0.292,0.000,-0.005
25.200,-4.727,39.518,-0.136,-0.000,2.600,-0.292,0.000,-0.005
25.250,-4.727,39.519,-0.137,-0.000,2.600,-0.292,0.000,-0.005
25.300,-4.727,39.519,-0.136,-0.000,2.600,-0.292,0.000,-0.005
25.350,-4.727,39.519,-0.137,-0.000,2.600,-0.293,0.000,-0.005
25.400,-4.727,39.519,-0.138,-0.000,2.600,-0.293,0.000,-0.005
25.450,-4.727,39.519,-0.138,-0.000,2.600,-0.293,0.000,-0.005
25.500,-4.727,39.519,-0.138,-0.000,2.600,-0.293,0.000,-0.005
25.550,-4.727,39.519,-0.137,-0.000,2.600,-0.293,0.000,-0.005
25.600,-4.727,39.520,-0.137,-0.000,2.600,-0.293,0.000,-0.005
25.650,-4.727,39.520,-0.136,-0.000,2.600,-0.293,0.000,-0.005
25.700,-4.727,39.520,-0.137,-0.000,2.600,-0.293,0.000,-0.005
25.750,-4.727,39.520,-0.136,-0.000,2.600,-0.293,0.000,-0.005
25.800,-4.728,39.520,-0.136,-0.000,2.600,-0.294,0.000,-0.005
25.850,-4.728,39.521,-0.136,-0.000,2.600,-0.294,0.000,-0.005
25.900,-4.728,39.521,-0.136,-0.000,2.600,-0.294,0.000,-0.005
25.950,-4.728,39.521,-0.137,-0.000,2.600,-0.294,0.000,-0.005
26.000,-4.728,39.521,-0.136,0.000,2.600,-0.295,0.000,-0.005
26.050,-4.728,39.522,-0.137,-0.000,2.600,-0.295,0.000,-0.005
26.100,-4.728,39.522,-0.136,-0.000,2.600,-0.295,0.000,-0.005
26.150,-4.728,39.522,-0.136,-0.000,2.600,-0.295,0.000,-0.005
26.200,-4.728,39.522,-0.136,-0.000,2.600,-0.296,0.000,-0.005
26.250,-4.728,39.523,-0.136,-0.000,2.600,-0.296,0.000,-0.005
26.300,-4.728,39.523,-0.136,-0.000,2.600,-0.296,0.000,-0.005
26.350,-4.728,39.523,-0.137,0.000,2.600,-0.296,0.000,-0.005
26.400,-4.728,39.523,-0.136,-0.000,2.600,-0.296,0.000,-0.005
26.450,-4.728,39.523,-0.138,-0.000,2.600,-0.296,0.000,-0.005
26.500,-4.728,39.523,-0.138,0.000,2.600,-0.296,0.000,-0.005
26.550,-4.728,39.523,-0.136,-0.000,2.600,-0.296,0.000,-0.005
26.600,-4.728,39.523,-0.136,0.000,2.600,-0.296,0.000,-0.005
26.650,-4.728,39.523,-0.136,0.000,2.600,-0.297,0.000,-0.005
26.700,-4.728,39.523,-0.136,0.000,2.600,-0.297,0.000,-0.005
26.750,-4.728,39.524,-0.136,0.000,2.600,-0.297,0.000,-0.005
26.800,-4.728,39.524,-0.135,-0.000,2.600,-0.297,0.000,-0.005
26.850,-4.728,39.524,-0.136,-0.000,2.600,-0.297,0.000,-0.005
26.900,-4.728,39.524,-0.136,-0.000,2.600,-0.297,0.000,-0.005
26.950,-4.728,39.525,-0.136,0.000,2.600,-0.298,0.000,-0.005
27.000,-4.728,39.525,-0.136,0.000,2.600,-0.298,0.000,-0.005
27.050,-4.728,39.525,-0.135,0.000,2.600,-0.298,0.000,-0.005
27.100,-4.728,39.525,-0.136,-0.000,2.600,-0.298,0.000,-0.005
27.150,-4.728,39.525,-0.135,-0.000,2.600,-0.298,0.000,-0.005
27.200,-4.728,39.525,-0.136,-0.000,2.600,-0.298,0.000,-0.005
27.250,-4.728,39.526,-0.135,0.000,2.600,-0.299,0.000,-0.005
27.300,-4.728,39.526,-0.135,0.000,2.600,-0.299,0.000,-0.005
27.350,-4.729,39.526,-0.135,0.000,2.600,-0.299,0.000,-0.005
27.400,-4.729,39.527,-0.135,-0.000,2.600,-0.299,0.000,-0.005
27.450,-4.729,39.527,-0.136,0.000,2.600,-0.299,0.000,-0.005
27.500,-4.729,39.527,-0.136,-0.000,2.600,-0.300,0.000,-0.005
27.550,-4.729,39.527,-0.136,-0.000,2.600,-0.300,0.000,-0.005
27.600,-4.729,39.527,-0.134,0.000,2.600,-0.300,0.000,-0.005
27.651,-4.729,39.527,-0.135,-0.000,2.600,-0.300,0.000,-0.005
27.700,-4.729,39.527,-0.134,0.000,2.600,-0.300,0.000,-0.005
27.750,-4.729,39.528,-0.135,0.000,2.600,-0.300,0.000,-0.005
27.800,-4.729,39.528,-0.134,0.000,2.600,-0.301,0.000,-0.005
27.850,-4.729,39.528,-0.134,-0.000,2.600,-0.301,0.000,-0.005
27.900,-4.729,39.528,-0.135,0.000,2.600,-0.301,0.000,-0.005
27.950,-4.729,39.528,-0.135,-0.000,2.600,-0.301,0.000,-0.005
28.000,-4.729,39.529,-0.135,0.000,2.600,-0.301,0.000,-0.005
28.050,-4.729,39.529,-0.134,-0.000,2.600,-0.301,0.000,-0.005
28.100,-4.729,39.529,-0.135,-0.000,2.600,-0.301,0.000,-0.005
28.150,-4.729,39.529,-0.134,0.000,2.600,-0.302,0.000,-0.005
28.200,-4.729,39.529,-0.133,0.000,2.600,-0.302,0.000,-0.005
28.250,-4.729,39.530,-0.134,-0.000,2.600,-0.302,0.000,-0.005
28.300,-4.729,39.530,-0.134,0.000,2.600,-0.302,0.000,-0.005
28.350,-4.729,39.530,-0.134,0.000,2.600,-0.302,0.000,-0.005
28.400,-4.729,39.530,-0.133,-0.000,2.600,-0.303,0.000,-0.005
28.450,-4.729,39.530,-0.134,-0.000,2.600,-0.303,0.000,-0.005
28.500,-4.729,39.531,-0.134,0.000,2.600,-0.303,0.000,-0.005
28.550,-4.729,39.531,-0.134,0.000,2.600,-0.303,0.000,-0.005
28.600,-4.729,39.531,-0.134,0.000,2.600,-0.303,0.000,-0.005
28.650,-4.729,39.531,-0.133,0.000,2.600,-0.303,0.000,-0.005
28.700,-4.729,39.531,-0.134,0.000,2.600,-0.304,0.000,-0.005
28.750,-4.729,39.531,-0.134,0.000,2.600,-0.304,0.000,-0.005
28.800,-4.729,39.531,-0.133,0.000,2.600,-0.304,0.000,-0.005
28.850,-4.728,39.531,-0.133,0.000,2.600,-0.304,0.000,-0.005
28.900,-4.728,39.531,-0.133,0.000,2.600,-0.304,0.000,-0.005
28.950,-4.728,39.532,-0.134,0.000,2.600,-0.304,0.000,-0.005
29.000,-4.728,39.532,-0.134,-0.000,2.600,-0.304,0.000,-0.005
29.050,-4.728,39.532,-0.134,-0.000,2.600,-0.304,0.000,-0.005
29.100,-4.728,39.532,-0.134,-0.000,2.600,-0.304,0.000,-0.005
29.150,-4.728,39.532,-0.134,-0.000,2.600,-0.304,0.000,-0.005
29.200,-4.728,39.532,-0.134,-0.000,2.600,-0.304,0.000,-0.005
29.250,-4.729,39.532,-0.133,-0.000,2.600,-0.305,0.000,-0.005
29.300,-4.729,39.532,-0.134,-0.000,2.600,-0.305,0.000,-0.005
29.350,-4.729,39.532,-0.134,-0.000,2.600,-0.305,0.000,-0.005
29.400,-4.729,39.533,-0.134,-0.000,2.600,-0.305,0.000,-0.005
29.450,-4.729,39.533,-0.134,-0.000,2.600,-0.305,0.000,-0.005
29.500,-4.729,39.533,-0.133,-0.000,2.600,-0.305,0.000,-0.005
29.550,-4.729,39.533,-0.133,-0.000,2.600,-0.305,0.000,-0.005
29.600,-4.729,39.533,-0.134,-0.000,2.600,-0.306,0.000,-0.005
29.650,-4.729,39.533,-0.134,-0.000,2.600,-0.306,0.000,-0.005
29.700,-4.729,39.534,-0.134,-0.000,2.600,-0.306,0.000,-0.005
29.750,-4.729,39.534,-0.133,-0.000,2.600,-0.306,0.000,-0.005
29.800,-4.728,39.534,-0.133,-0.000,2.600,-0.306,0.000,-0.005
29.850,-4.728,39.534,-0.133,-0.000,2.600,-0.306,0.000,-0.005
29.900,-4.728,39.534,-0.133,-0.000,2.600,-0.306,0.000,-0.005
29.950,-4.728,39.534,-0.133,0.000,2.600,-0.307,0.000,-0.005
30.000,-4.728,39.534,-0.133,0.000,2.600,-0.307,0.000,-0.005
30.050,-4.728,39.534,-0.133,-0.000,2.600,-0.307,0.000,-0.005
30.100,-4.728,39.534,-0.133,-0.000,2.600,-0.307,0.000,-0.005
30.150,-4.728,39.535,-0.133,-0.000,2.600,-0.307,0.000,-0.005
30.200,-4.728,39.535,-0.132,-0.000,2.600,-0.307,0.000,-0.005
30.250,-4.728,39.535,-0.133,-0.000,2.600,-0.307,0.000,-0.005
30.300,-4.728,39.535,-0.133,-0.000,2.600,-0.307,0.000,-0.005
30.350,-4.729,39.535,-0.133,0.000,2.600,-0.308,0.000,-0.005
30.400,-4.729,39.535,-0.133,-0.000,2.600,-0.308,0.000,-0.005
30.450,-4.729,39.536,-0.132,0.000,2.600,-0.308,0.000,-0.005
30.500,-4.729,39.536,-0.132,-0.000,2.600,-0.308,0.000,-0.005
30.550,-4.729,39.536,-0.132,-0.000,2.600,-0.308,0.000,-0.005
30.600,-4.729,39.536,-0.133,0.000,2.600,-0.308,0.000,-0.005
30.650,-4.729,39.536,-0.133,-0.000,2.600,-0.308,0.000,-0.005
30.700,-4.729,39.536,-0.132,-0.000,2.600,-0.308,0.000,-0.005
30.750,-4.729,39.536,-0.132,-0.000,2.600,-0.309,0.000,-0.005
30.800,-4.729,39.537,-0.131,-0.000,2.600,-0.309,0.000,-0.005
30.850,-4.729,39.537,-0.132,0.000,2.600,-0.309,0.000,-0.005
30.900,-4.729,39.537,-0.131,-0.000,2.600,-0.309,0.000,-0.005
30.950,-4.729,39.537,-0.133,-0.000,2.600,-0.309,0.000,-0.005
31.000,-4.729,39.537,-0.133,0.000,2.600,-0.309,0.000,-0.005
31.050,-4.729,39.537,-0.132,-0.000,2.600,-0.309,0.000,-0.005
31.100,-4.729,39.537,-0.133,0.000,2.600,-0.309,0.000,-0.005
31.150,-4.729,39.537,-0.134,-0.000,2.600,-0.309,0.000,-0.005
31.200,-4.729,39.537,-0.134,0.000,2.600,-0.309,0.000,-0.005
31.250,-4.729,39.537,-0.134,-0.000,2.600,-0.309,0.000,-0.005
31.300,-4.729,39.537,-0.132,-0.000,2.600,-0.309,0.000,-0.005
31.350,-4.729,39.537,-0.133,-0.000,2.600,-0.309,0.000,-0.005
31.400,-4.729,39.537,-0.133,-0.000,2.600,-0.309,0.000,-0.005
31.450,-4.729,39.537,-0.133,-0.000,2.600,-0.309,0.000,-0.005
31.500,-4.729,39.537,-0.132,-0.000,2.600,-0.310,0.000,-0.005
31.550,-4.729,39.538,-0.131,-0.000,2.600,-0.310,0.000,-0.005
31.600,-4.729,39.538,-0.132,-0.000,2.600,-0.310,0.000,-0.005
31.650,-4.729,39.538,-0.132,0.000,2.600,-0.310,0.000,-0.005
31.700,-4.729,39.538,-0.132,0.000,2.600,-0.310,0.000,-0.005
31.750,-4.729,39.538,-0.132,-0.000,2.600,-0.310,0.000,-0.005
31.800,-4.729,39.538,-0.132,-0.000,2.600,-0.310,0.000,-0.005
31.850,-4.729,39.539,-0.132,0.000,2.600,-0.311,0.000,-0.005
31.900,-4.729,39.539,-0.131,-0.000,2.600,-0.311,0.000,-0.005
31.950,-4.729,39.539,-0.132,-0.000,2.600,-0.311,0.000,-0.005
32.000,-4.729,39.539,-0.131,-0.000,2.600,-0.311,0.000,-0.005
32.050,-4.729,39.539,-0.132,0.000,2.600,-0.311,0.000,-0.005
32.100,-4.730,39.540,-0.133,0.000,2.600,-0.311,0.000,-0.005
32.150,-4.730,39.540,-0.132,-0.000,2.600,-0.311,0.000,-0.005
32.200,-4.730,39.540,-0.133,0.000,2.600,-0.311,0.000,-0.005
32.250,-4.730,39.540,-0.133,-0.000,2.600,-0.311,0.000,-0.005
32.300,-4.730,39.540,-0.133,0.000,2.600,-0.311,0.000,-0.005
32.350,-4.730,39.540,-0.133,0.000,2.600,-0.312,0.000,-0.005
32.400,-4.730,39.540,-0.132,0.000,2.600,-0.312,0.000,-0.005
32.450,-4.730,39.540,-0.131,0.000,2.600,-0.312,0.000,-0.005
32.500,-4.730,39.540,-0.132,0.000,2.600,-0.312,0.000,-0.005
32.550,-4.730,39.540,-0.132,0.000,2.600,-0.312,0.000,-0.005
32.600,-4.730,39.540,-0.132,0.000,2.600,-0.312,0.000,-0.005
32.650,-4.730,39.540,-0.133,0.000,2.600,-0.312,0.000,-0.005
32.700,-4.730,39.540,-0.133,0.000,2.600,-0.312,0.000,-0.005
32.750,-4.730,39.540,-0.131,0.000,2.600,-0.312,0.000,-0.005
32.800,-4.730,39.541,-0.132,-0.000,2.600,-0.312,0.000,-0.005
32.850,-4.729,39.541,-0.131,-0.000,2.600,-0.312,0.000,-0.005
32.900,-4.730,39.541,-0.131,-0.000,2.600,-0.313,0.000,-0.005
32.950,-4.730,39.541,-0.130,-0.000,2.600,-0.313,0.000,-0.005
33.000,-4.730,39.541,-0.131,-0.000,2.600,-0.313,0.000,-0.005
33.050,-4.730,39.542,-0.129,-0.000,2.600,-0.313,0.000,-0.005
33.100,-4.730,39.542,-0.130,-0.000,2.600,-0.314,0.000,-0.005
33.150,-4.730,39.542,-0.131,-0.000,2.600,-0.314,0.000,-0.005
33.200,-4.730,39.543,-0.130,-0.000,2.600,-0.314,0.000,-0.005
33.250,-4.730,39.543,-0.130,-0.000,2.600,-0.314,0.000,-0.005
33.300,-4.730,39.543,-0.130,-0.000,2.600,-0.314,0.000,-0.005
33.350,-4.730,39.543,-0.131,-0.000,2.600,-0.314,0.000,-0.005
33.400,-4.730,39.543,-0.130,-0.000,2.600,-0.315,0.000,-0.005
33.450,-4.730,39.543,-0.131,-0.000,2.600,-0.315,0.000,-0.005
33.500,-4.730,39.543,-0.130,-0.000,2.600,-0.315,0.000,-0.005
33.550,-4.730,39.543,-0.130,-0.000,2.600,-0.315,0.000,-0.005
33.600,-4.730,39.543,-0.130,-0.000,2.600,-0.315,0.000,-0.005
33.650,-4.730,39.543,-0.129,0.000,2.600,-0.315,0.000,-0.005
33.700,-4.730,39.543,-0.130,0.000,2.600,-0.315,0.000,-0.005
33.750,-4.730,39.543,-0.130,0.000,2.600,-0.315,0.000,-0.005
33.800,-4.730,39.544,-0.129,0.000,2.600,-0.315,0.000,-0.005
33.850,-4.730,39.544,-0.130,0.000,2.600,-0.315,0.000,-0.005
33.900,-4.730,39.544,-0.130,0.000,2.600,-0.315,0.000,-0.005
33.950,-4.730,39.544,-0.131,-0.000,2.600,-0.315,0.000,-0.005
34.000,-4.730,39.544,-0.131,-0.000,2.600,-0.315,0.000,-0.005
34.050,-4.730,39.544,-0.131,-0.000,2.600,-0.315,0.000,-0.005
34.100,-4.730,39.544,-0.131,-0.000,2.600,-0.316,0.000,-0.005
34.150,-4.730,39.544,-0.130,-0.000,2.600,-0.316,0.000,-0.005
34.200,-4.730,39.544,-0.131,-0.000,2.600,-0.316,0.000,-0.005
34.250,-4.730,39.544,-0.131,-0.000,2.600,-0.316,0.000,-0.005
34.300,-4.730,39.544,-0.131,-0.000,2.600,-0.316,0.000,-0.005
34.350,-4.730,39.544,-0.131,-0.000,2.600,-0.316,0.000,-0.005
34.400,-4.730,39.544,-0.130,-0.000,2.600,-0.316,0.000,-0.005
34.450,-4.730,39.544,-0.131,-0.000,2.600,-0.316,0.000,-0.005
34.500,-4.730,39.544,-0.130,-0.000,2.600,-0.316,0.000,-0.005
34.550,-4.730,39.544,-0.131,-0.000,2.600,-0.316,0.000,-0.005
34.600,-4.730,39.544,-0.130,-0.000,2.600,-0.316,0.000,-0.005
34.650,-4.730,39.544,-0.131,-0.000,2.600,-0.316,0.000,-0.005
34.700,-4.730,39.545,-0.131,-0.000,2.600,-0.316,0.000,-0.005
34.750,-4.730,39.545,-0.130,-0.000,2.600,-0.316,0.000,-0.005
34.800,-4.730,39.545,-0.131,-0.000,2.600,-0.316,0.000,-0.005
34.850,-4.730,39.545,-0.130,-0.000,2.600,-0.316,0.000,-0.005
34.900,-4.731,39.545,-0.130,-0.000,2.600,-0.316,0.000,-0.005
34.950,-4.731,39.545,-0.130,-0.000,2.600,-0.316,0.000,-0.005
35.000,-4.730,39.545,-0.129,-0.000,2.600,-0.317,0.000,-0.005
35.050,-4.730,39.546,-0.130,-0.000,2.600,-0.317,0.000,-0.005
35.100,-4.730,39.546,-0.130,-0.000,2.600,-0.317,0.000,-0.005
35.150,-4.730,39.546,-0.130,0.000,2.600,-0.317,0.000,-0.005
35.200,-4.730,39.546,-0.130,-0.000,2.600,-0.317,0.000,-0.005
35.250,-4.730,39.546,-0.129,-0.000,2.600,-0.317,0.000,-0.005
35.300,-4.730,39.546,-0.130,0.000,2.600,-0.317,0.000,-0.005
35.350,-4.730,39.546,-0.130,0.000,2.600,-0.317,0.000,-0.005
35.400,-4.730,39.546,-0.130,0.000,2.600,-0.318,0.000,-0.005
35.450,-4.730,39.546,-0.131,-0.000,2.600,-0.318,0.000,-0.005
35.500,-4.730,39.546,-0.130,0.000,2.600,-0.318,0.000,-0.005
35.550,-4.730,39.546,-0.127,-0.000,2.600,-0.318,0.000,-0.005
35.600,-4.730,39.547,-0.129,0.000,2.600,-0.318,0.000,-0.005
35.650,-4.730,39.547,-0.126,0.000,2.600,-0.318,0.000,-0.005
35.700,-4.730,39.547,-0.126,-0.000,2.600,-0.318,0.000,-0.005
35.750,-4.731,39.548,-0.130,-0.000,2.600,-0.319,0.000,-0.005
35.800,-4.731,39.548,-0.131,-0.000,2.600,-0.319,0.000,-0.005
35.850,-4.731,39.548,-0.130,-0.000,2.600,-0.319,0.000,-0.005
35.900,-4.731,39.548,-0.127,-0.000,2.600,-0.319,0.000,-0.005
35.950,-4.731,39.548,-0.130,-0.000,2.600,-0.319,0.000,-0.005
36.000,-4.731,39.548,-0.126,0.000,2.600,-0.319,0.000,-0.005
36.050,-4.731,39.548,-0.129,0.000,2.600,-0.319,0.000,-0.005
36.100,-4.731,39.548,-0.130,0.000,2.600,-0.319,0.000,-0.005
36.150,-4.731,39.548,-0.127,0.000,2.600,-0.319,0.000,-0.005
36.200,-4.731,39.548,-0.130,0.000,2.600,-0.319,0.000,-0.005
36.250,-4.731,39.549,-0.130,0.000,2.600,-0.319,0.000,-0.005
36.300,-4.731,39.549,-0.129,0.000,2.600,-0.319,0.000,-0.005
36.350,-4.731,39.549,-0.129,0.000,2.600,-0.319,0.000,-0.005
36.400,-4.731,39.549,-0.129,0.000,2.600,-0.319,0.000,-0.005
36.450,-4.731,39.549,-0.129,0.000,2.600,-0.319,0.000,-0.005
36.500,-4.731,39.549,-0.129,0.000,2.600,-0.319,0.000,-0.005
36.550,-4.731,39.549,-0.129,0.000,2.600,-0.319,0.000,-0.005
36.600,-4.731,39.549,-0.129,-0.000,2.600,-0.319,0.000,-0.005
36.650,-4.731,39.549,-0.125,-0.000,2.600,-0.320,0.000,-0.005
36.700,-4.731,39.549,-0.128,0.000,2.600,-0.320,0.000,-0.005
36.750,-4.731,39.549,-0.128,-0.000,2.600,-0.320,0.000,-0.005
36.800,-4.731,39.549,-0.128,-0.000,2.600,-0.320,0.000,-0.005
36.850,-4.730,39.549,-0.128,-0.000,2.600,-0.320,0.000,-0.005
36.900,-4.730,39.549,-0.128,-0.000,2.600,-0.320,0.000,-0.005
36.950,-4.730,39.550,-0.128,0.000,2.600,-0.321,0.000,-0.005
37.000,-4.730,39.550,-0.127,-0.000,2.600,-0.321,0.000,-0.005
37.051,-4.730,39.550,-0.128,-0.000,2.600,-0.321,0.000,-0.005
37.100,-4.730,39.550,-0.127,-0.000,2.600,-0.321,0.000,-0.005
37.150,-4.730,39.550,-0.128,-0.000,2.600,-0.321,0.000,-0.005
37.200,-4.730,39.550,-0.127,0.000,2.600,-0.321,0.000,-0.005
37.250,-4.730,39.550,-0.132,-0.000,2.600,-0.321,0.000,-0.005
37.300,-4.730,39.550,-0.129,-0.000,2.600,-0.321,0.000,-0.005
37.350,-4.730,39.550,-0.127,-0.000,2.600,-0.321,0.000,-0.005
37.400,-4.730,39.550,-0.126,-0.000,2.600,-0.321,0.000,-0.005
37.450,-4.730,39.550,-0.126,0.000,2.600,-0.321,0.000,-0.005
37.500,-4.731,39.551,-0.126,-0.000,2.600,-0.321,0.000,-0.005
37.550,-4.731,39.551,-0.126,-0.000,2.600,-0.322,0.000,-0.005
37.600,-4.731,39.551,-0.128,0.000,2.600,-0.322,0.000,-0.005
37.650,-4.731,39.552,-0.125,-0.000,2.600,-0.322,0.000,-0.005
37.700,-4.732,39.552,-0.125,-0.000,2.600,-0.322,0.000,-0.005
37.750,-4.732,39.552,-0.125,-0.000,2.600,-0.323,0.000,-0.005
37.800,-4.732,39.553,-0.125,0.000,2.600,-0.323,0.000,-0.005
37.850,-4.732,39.553,-0.125,-0.000,2.600,-0.323,0.000,-0.005
37.900,-4.732,39.553,-0.126,-0.000,2.600,-0.323,0.000,-0.005
37.950,-4.732,39.553,-0.126,-0.000,2.600,-0.324,0.000,-0.005
38.000,-4.733,39.554,-0.125,-0.000,2.600,-0.324,0.000,-0.005
38.050,-4.733,39.554,-0.125,-0.000,2.600,-0.324,0.000,-0.005
38.100,-4.733,39.554,-0.129,-0.000,2.600,-0.324,0.000,-0.005
38.150,-4.733,39.554,-0.129,-0.000,2.600,-0.324,0.000,-0.005
38.200,-4.733,39.554,-0.124,-0.000,2.600,-0.324,0.000,-0.005
38.250,-4.732,39.554,-0.125,0.000,2.600,-0.324,0.000,-0.005
38.300,-4.732,39.554,-0.124,-0.000,2.600,-0.324,0.000,-0.005
38.350,-4.732,39.554,-0.125,0.000,2.600,-0.324,0.000,-0.005
38.400,-4.733,39.554,-0.124,0.000,2.600,-0.324,0.000,-0.005
38.450,-4.733,39.554,-0.124,0.000,2.600,-0.324,0.000,-0.005
38.500,-4.733,39.554,-0.124,-0.000,2.600,-0.324,0.000,-0.005
38.550,-4.733,39.555,-0.127,0.000,2.600,-0.325,0.000,-0.005
38.600,-4.733,39.555,-0.124,0.000,2.600,-0.325,0.000,-0.005
38.650,-4.733,39.555,-0.124,0.000,2.600,-0.325,0.000,-0.005
38.700,-4.733,39.555,-0.124,0.000,2.600,-0.325,0.000,-0.005
38.750,-4.733,39.555,-0.125,0.000,2.600,-0.325,0.000,-0.005
38.800,-4.733,39.555,-0.124,0.000,2.600,-0.325,0.000,-0.005
38.850,-4.733,39.555,-0.123,0.000,2.600,-0.325,0.000,-0.005
38.900,-4.733,39.555,-0.123,0.000,2.600,-0.325,0.000,-0.005
38.950,-4.733,39.556,-0.123,0.000,2.600,-0.326,0.000,-0.005
39.000,-4.733,39.556,-0.124,0.000,2.600,-0.326,0.000,-0.005
39.050,-4.733,39.556,-0.123,0.000,2.600,-0.326,0.000,-0.005
39.100,-4.733,39.556,-0.124,0.000,2.600,-0.326,0.000,-0.005
39.150,-4.733,39.556,-0.127,0.000,2.600,-0.326,0.000,-0.005
39.200,-4.733,39.556,-0.124,0.000,2.600,-0.326,0.000,-0.005
39.250,-4.733,39.556,-0.124,0.000,2.600,-0.326,0.000,-0.005
39.300,-4.733,39.556,-0.127,0.000,2.600,-0.326,0.000,-0.005
39.350,-4.733,39.556,-0.124,0.000,2.600,-0.326,0.000,-0.005
39.400,-4.733,39.556,-0.127,0.000,2.600,-0.326,0.000,-0.005
39.450,-4.733,39.556,-0.123,0.000,2.600,-0.326,0.000,-0.005
39.500,-4.733,39.556,-0.124,-0.000,2.600,-0.326,0.000,-0.005
39.550,-4.733,39.556,-0.123,0.000,2.600,-0.326,0.000,-0.005
39.600,-4.733,39.556,-0.123,0.000,2.600,-0.326,0.000,-0.005
39.650,-4.733,39.556,-0.123,0.000,2.600,-0.326,0.000,-0.005
39.700,-4.733,39.557,-0.123,0.000,2.600,-0.326,0.000,-0.005
39.750,-4.733,39.557,-0.123,0.000,2.600,-0.327,0.000,-0.005
39.800,-4.733,39.557,-0.123,-0.000,2.600,-0.327,0.000,-0.005
39.850,-4.733,39.557,-0.126,0.000,2.600,-0.327,0.000,-0.005
39.900,-4.733,39.557,-0.123,-0.000,2.600,-0.327,0.000,-0.005
39.950,-4.733,39.557,-0.124,0.000,2.600,-0.327,0.000,-0.005
40.000,-4.733,39.558,-0.124,0.000,2.600,-0.327,0.000,-0.005
40.050,-4.733,39.558,-0.124,-0.000,2.600,-0.327,0.000,-0.005
40.100,-4.734,39.558,-0.123,0.000,2.600,-0.327,0.000,-0.005
40.150,-4.734,39.558,-0.124,0.000,2.600,-0.327,0.000,-0.005
40.200,-4.734,39.558,-0.123,0.000,2.600,-0.327,0.000,-0.005
40.250,-4.734,39.558,-0.124,0.000,2.600,-0.327,0.000,-0.005
40.300,-4.734,39.558,-0.124,0.000,2.600,-0.327,0.000,-0.005
40.350,-4.734,39.558,-0.124,0.000,2.600,-0.327,0.000,-0.005
40.400,-4.734,39.558,-0.124,0.000,2.600,-0.328,0.000,-0.005
40.450,-4.734,39.558,-0.124,0.000,2.600,-0.328,0.000,-0.005
40.500,-4.734,39.558,-0.124,0.000,2.600,-0.328,0.000,-0.005
40.550,-4.733,39.558,-0.124,-0.000,2.600,-0.328,0.000,-0.005
40.600,-4.733,39.558,-0.125,0.000,2.600,-0.328,0.000,-0.005
40.650,-4.733,39.558,-0.124,0.000,2.600,-0.328,0.000,-0.005
40.700,-4.733,39.558,-0.124,0.000,2.600,-0.328,0.000,-0.005
40.750,-4.733,39.558,-0.124,0.000,2.600,-0.328,0.000,-0.005
40.800,-4.733,39.558,-0.124,-0.000,2.600,-0.328,0.000,-0.005
40.850,-4.733,39.558,-0.123,0.000,2.600,-0.328,0.000,-0.005
40.900,-4.733,39.558,-0.123,0.000,2.600,-0.328,0.000,-0.005
40.950,-4.733,39.558,-0.123,-0.000,2.600,-0.328,0.000,-0.005
41.000,-4.733,39.558,-0.123,0.000,2.600,-0.328,0.000,-0.005
41.050,-4.733,39.558,-0.123,0.000,2.600,-0.328,0.000,-0.005
41.100,-4.733,39.559,-0.124,0.000,2.600,-0.328,0.000,-0.005
41.150,-4.733,39.559,-0.124,-0.000,2.600,-0.328,0.000,-0.005
41.200,-4.733,39.559,-0.124,-0.000,2.600,-0.328,0.000,-0.005
41.250,-4.733,39.559,-0.123,-0.000,2.600,-0.328,0.000,-0.005
41.300,-4.733,39.559,-0.124,0.000,2.600,-0.328,0.000,-0.005
41.350,-4.733,39.559,-0.124,0.000,2.600,-0.328,0.000,-0.005
41.400,-4.733,39.559,-0.123,-0.000,2.600,-0.328,0.000,-0.005
41.450,-4.733,39.559,-0.124,-0.000,2.600,-0.328,0.000,-0.005
41.500,-4.733,39.559,-0.123,-0.000,2.600,-0.328,0.000,-0.005
41.550,-4.733,39.559,-0.123,-0.000,2.600,-0.328,0.000,-0.005
41.600,-4.733,39.559,-0.122,0.000,2.600,-0.329,0.000,-0.005
41.650,-4.733,39.559,-0.123,-0.000,2.600,-0.329,0.000,-0.005
41.700,-4.733,39.559,-0.122,-0.000,2.600,-0.329,0.000,-0.005
41.750,-4.733,39.559,-0.122,-0.000,2.600,-0.329,0.000,-0.005
41.800,-4.733,39.559,-0.122,-0.000,2.600,-0.329,0.000,-0.005
41.850,-4.733,39.560,-0.122,-0.000,2.600,-0.329,0.000,-0.005
41.900,-4.733,39.560,-0.123,-0.000,2.600,-0.329,0.000,-0.005
41.950,-4.733,39.560,-0.123,-0.000,2.600,-0.329,0.000,-0.005
42.000,-4.733,39.560,-0.122,-0.000,2.600,-0.329,0.000,-0.005
42.050,-4.733,39.560,-0.123,-0.000,2.600,-0.329,0.000,-0.005
42.100,-4.734,39.560,-0.123,0.000,2.600,-0.329,0.000,-0.005
42.150,-4.734,39.560,-0.123,0.000,2.600,-0.329,0.000,-0.005
42.201,-4.734,39.560,-0.123,0.000,2.600,-0.329,0.000,-0.005
42.250,-4.734,39.560,-0.123,0.000,2.600,-0.329,0.000,-0.005
42.300,-4.734,39.560,-0.122,0.000,2.600,-0.329,0.000,-0.005
42.350,-4.734,39.560,-0.122,0.000,2.600,-0.329,0.000,-0.005
42.400,-4.734,39.560,-0.122,0.000,2.600,-0.330,0.000,-0.005
42.450,-4.734,39.560,-0.123,0.000,2.600,-0.330,0.000,-0.005
42.500,-4.734,39.560,-0.123,0.000,2.600,-0.330,0.000,-0.005
42.550,-4.734,39.560,-0.121,0.000,2.600,-0.330,0.000,-0.005
42.600,-4.734,39.561,-0.121,0.000,2.600,-0.330,0.000,-0.005
42.650,-4.734,39.561,-0.122,-0.000,2.600,-0.330,0.000,-0.005
42.700,-4.734,39.561,-0.122,-0.000,2.600,-0.330,0.000,-0.005
42.750,-4.734,39.561,-0.123,-0.000,2.600,-0.330,0.000,-0.005
42.800,-4.734,39.561,-0.123,-0.000,2.600,-0.330,0.000,-0.005
42.850,-4.733,39.561,-0.123,-0.000,2.600,-0.330,0.000,-0.005
42.900,-4.733,39.561,-0.123,-0.000,2.600,-0.330,0.000,-0.005
42.951,-4.733,39.561,-0.123,-0.000,2.600,-0.330,0.000,-0.005
43.000,-4.733,39.561,-0.123,-0.000,2.600,-0.330,0.000,-0.005
43.050,-4.734,39.561,-0.122,-0.000,2.600,-0.330,0.000,-0.005
43.100,-4.734,39.561,-0.122,-0.000,2.600,-0.330,0.000,-0.005
43.150,-4.734,39.561,-0.123,-0.000,2.600,-0.330,0.000,-0.005
43.200,-4.734,39.561,-0.123,-0.000,2.600,-0.331,0.000,-0.005
43.250,-4.734,39.561,-0.123,-0.000,2.600,-0.331,0.000,-0.005
43.300,-4.734,39.561,-0.123,-0.000,2.600,-0.331,0.000,-0.005
43.350,-4.734,39.561,-0.123,-0.000,2.600,-0.331,0.000,-0.005
43.400,-4.734,39.561,-0.122,-0.000,2.600,-0.331,0.000,-0.005
43.450,-4.734,39.561,-0.122,-0.000,2.600,-0.331,0.000,-0.005
43.500,-4.734,39.561,-0.122,-0.000,2.600,-0.331,0.000,-0.005
43.550,-4.734,39.562,-0.121,-0.000,2.600,-0.331,0.000,-0.005
43.600,-4.734,39.562,-0.122,-0.000,2.600,-0.331,0.000,-0.005
43.650,-4.734,39.562,-0.121,-0.000,2.600,-0.331,0.000,-0.005
43.700,-4.734,39.562,-0.122,-0.000,2.600,-0.331,0.000,-0.005
43.750,-4.734,39.562,-0.123,-0.000,2.600,-0.331,0.000,-0.005
43.800,-4.734,39.562,-0.123,-0.000,2.600,-0.331,0.000,-0.005
43.850,-4.734,39.562,-0.123,-0.000,2.600,-0.331,0.000,-0.005
43.900,-4.734,39.562,-0.122,-0.000,2.600,-0.331,0.000,-0.005
43.950,-4.734,39.562,-0.123,-0.000,2.600,-0.331,0.000,-0.005
44.000,-4.734,39.562,-0.123,-0.000,2.600,-0.331,0.000,-0.005
44.050,-4.734,39.562,-0.123,-0.000,2.600,-0.331,0.000,-0.005
44.100,-4.734,39.562,-0.122,-0.000,2.600,-0.331,0.000,-0.005
44.150,-4.734,39.562,-0.123,-0.000,2.600,-0.331,0.000,-0.005
44.200,-4.734,39.562,-0.122,0.000,2.600,-0.331,0.000,-0.005
44.250,-4.734,39.562,-0.122,-0.000,2.600,-0.331,0.000,-0.005
44.300,-4.734,39.562,-0.121,-0.000,2.600,-0.331,0.000,-0.005
44.350,-4.734,39.562,-0.121,0.000,2.600,-0.332,0.000,-0.005
44.400,-4.734,39.563,-0.121,-0.000,2.600,-0.332,0.000,-0.005
44.450,-4.734,39.563,-0.122,-0.000,2.600,-0.332,0.000,-0.005
44.500,-4.734,39.563,-0.122,-0.000,2.600,-0.332,0.000,-0.005
44.550,-4.735,39.563,-0.121,-0.000,2.600,-0.332,0.000,-0.005
44.600,-4.735,39.563,-0.122,0.000,2.600,-0.332,0.000,-0.005
44.650,-4.735,39.564,-0.122,0.000,2.600,-0.332,0.000,-0.005
44.700,-4.735,39.564,-0.122,-0.000,2.600,-0.332,0.000,-0.005
44.750,-4.734,39.564,-0.122,0.000,2.600,-0.332,0.000,-0.005
44.800,-4.734,39.564,-0.122,-0.000,2.600,-0.333,0.000,-0.005
44.850,-4.734,39.564,-0.122,-0.000,2.600,-0.333,0.000,-0.005
44.900,-4.734,39.564,-0.122,-0.000,2.600,-0.333,0.000,-0.005
44.950,-4.734,39.564,-0.122,-0.000,2.600,-0.333,0.000,-0.005
45.000,-4.734,39.564,-0.122,-0.000,2.600,-0.333,0.000,-0.005
45.050,-4.734,39.564,-0.122,-0.000,2.600,-0.333,0.000,-0.005
45.100,-4.734,39.564,-0.122,0.000,2.600,-0.333,0.000,-0.005
45.150,-4.734,39.564,-0.122,0.000,2.600,-0.333,0.000,-0.005
45.200,-4.734,39.564,-0.121,-0.000,2.600,-0.333,0.000,-0.005
45.250,-4.734,39.564,-0.121,-0.000,2.600,-0.333,0.000,-0.005
45.300,-4.734,39.564,-0.122,-0.000,2.600,-0.333,0.000,-0.005
45.350,-4.734,39.564,-0.121,-0.000,2.600,-0.333,0.000,-0.005
45.400,-4.734,39.564,-0.120,-0.000,2.600,-0.333,0.000,-0.005
45.450,-4.734,39.564,-0.121,0.000,2.600,-0.333,0.000,-0.005
45.500,-4.734,39.564,-0.120,-0.000,2.600,-0.333,0.000,-0.005
45.550,-4.734,39.565,-0.121,-0.000,2.600,-0.334,0.000,-0.005
45.600,-4.734,39.565,-0.121,0.000,2.600,-0.334,0.000,-0.005
45.650,-4.734,39.565,-0.122,-0.000,2.600,-0.334,0.000,-0.005
45.700,-4.734,39.565,-0.122,-0.000,2.600,-0.334,0.000,-0.005
45.750,-4.734,39.565,-0.122,-0.000,2.600,-0.334,0.000,-0.005
45.800,-4.734,39.565,-0.123,-0.000,2.600,-0.334,0.000,-0.005
45.850,-4.734,39.565,-0.122,-0.000,2.600,-0.334,0.000,-0.005
45.900,-4.734,39.565,-0.122,-0.000,2.600,-0.334,0.000,-0.005
45.950,-4.734,39.565,-0.121,-0.000,2.600,-0.333,0.000,-0.005
46.000,-4.734,39.565,-0.122,-0.000,2.600,-0.333,0.000,-0.005
46.050,-4.734,39.565,-0.121,-0.000,2.600,-0.333,0.000,-0.005
46.100,-4.734,39.565,-0.121,-0.000,2.600,-0.334,0.000,-0.005
46.150,-4.734,39.565,-0.121,-0.000,2.600,-0.334,0.000,-0.005
46.200,-4.734,39.565,-0.120,-0.000,2.600,-0.334,0.000,-0.005
46.250,-4.734,39.565,-0.121,-0.000,2.600,-0.334,0.000,-0.005
46.300,-4.734,39.565,-0.121,-0.000,2.600,-0.334,0.000,-0.005
46.350,-4.735,39.565,-0.122,-0.000,2.600,-0.334,0.000,-0.005
46.400,-4.734,39.565,-0.121,-0.000,2.600,-0.334,0.000,-0.005
46.450,-4.734,39.565,-0.120,-0.000,2.600,-0.334,0.000,-0.005
46.500,-4.734,39.565,-0.121,-0.000,2.600,-0.334,0.000,-0.005
46.550,-4.734,39.565,-0.120,-0.000,2.600,-0.334,0.000,-0.005
46.600,-4.734,39.566,-0.121,-0.000,2.600,-0.334,0.000,-0.005
46.650,-4.734,39.566,-0.121,-0.000,2.600,-0.335,0.000,-0.005
46.700,-4.734,39.566,-0.121,-0.000,2.600,-0.335,0.000,-0.005
46.750,-4.734,39.566,-0.121,-0.000,2.600,-0.335,0.000,-0.005
46.800,-4.734,39.566,-0.121,-0.000,2.600,-0.335,0.000,-0.005
46.850,-4.734,39.566,-0.122,0.000,2.600,-0.335,0.000,-0.005
46.900,-4.733,39.566,-0.122,-0.000,2.600,-0.335,0.000,-0.005
46.950,-4.733,39.565,-0.122,-0.000,2.600,-0.335,0.000,-0.005
47.000,-4.733,39.565,-0.122,-0.000,2.600,-0.335,0.000,-0.005
47.050,-4.733,39.565,-0.122,-0.000,2.600,-0.334,0.000,-0.005
47.100,-4.733,39.565,-0.122,-0.000,2.600,-0.334,0.000,-0.005
47.150,-4.734,39.565,-0.121,-0.000,2.600,-0.334,0.000,-0.005
47.200,-4.734,39.565,-0.121,-0.000,2.600,-0.334,0.000,-0.005
47.250,-4.734,39.565,-0.120,-0.000,2.600,-0.335,0.000,-0.005
47.300,-4.734,39.566,-0.121,0.000,2.600,-0.335,0.000,-0.005
47.350,-4.734,39.566,-0.120,-0.000,2.600,-0.335,0.000,-0.005
47.400,-4.734,39.566,-0.120,-0.000,2.600,-0.335,0.000,-0.005
47.450,-4.734,39.566,-0.121,-0.000,2.600,-0.335,0.000,-0.005
47.500,-4.734,39.566,-0.120,-0.000,2.600,-0.335,0.000,-0.005
47.550,-4.734,39.566,-0.121,-0.000,2.600,-0.335,0.000,-0.005
47.600,-4.734,39.566,-0.120,-0.000,2.600,-0.335,0.000,-0.005
47.650,-4.734,39.567,-0.121,0.000,2.600,-0.335,0.000,-0.005
47.700,-4.734,39.567,-0.120,-0.000,2.600,-0.336,0.000,-0.005
47.750,-4.734,39.567,-0.121,-0.000,2.600,-0.336,0.000,-0.005
47.800,-4.734,39.567,-0.121,-0.000,2.600,-0.336,0.000,-0.005
47.850,-4.734,39.567,-0.120,-0.000,2.600,-0.336,0.000,-0.005
47.900,-4.734,39.567,-0.121,-0.000,2.600,-0.336,0.000,-0.005
47.950,-4.734,39.567,-0.121,0.000,2.600,-0.336,0.000,-0.005
48.000,-4.734,39.567,-0.121,-0.000,2.600,-0.336,0.000,-0.005
48.050,-4.734,39.567,-0.121,0.000,2.600,-0.336,0.000,-0.005
48.100,-4.734,39.567,-0.120,0.000,2.600,-0.336,0.000,-0.005
48.150,-4.734,39.567,-0.120,-0.000,2.600,-0.336,0.000,-0.005
48.200,-4.734,39.567,-0.120,0.000,2.600,-0.336,0.000,-0.005
48.250,-4.734,39.567,-0.121,0.000,2.600,-0.336,0.000,-0.005
48.300,-4.734,39.567,-0.121,0.000,2.600,-0.336,0.000,-0.005
48.350,-4.734,39.567,-0.121,0.000,2.600,-0.336,0.000,-0.005
48.400,-4.734,39.567,-0.121,0.000,2.600,-0.336,0.000,-0.005
48.450,-4.734,39.567,-0.120,0.000,2.600,-0.336,0.000,-0.005
48.500,-4.734,39.567,-0.121,0.000,2.600,-0.336,0.000,-0.005
48.550,-4.734,39.567,-0.121,0.000,2.600,-0.336,0.000,-0.005
48.600,-4.734,39.567,-0.121,0.000,2.600,-0.336,0.000,-0.005
48.650,-4.734,39.567,-0.121,0.000,2.600,-0.336,0.000,-0.005
48.700,-4.734,39.567,-0.121,0.000,2.600,-0.336,0.000,-0.005
48.750,-4.734,39.567,-0.121,0.000,2.600,-0.336,0.000,-0.005
48.800,-4.734,39.567,-0.120,-0.000,2.600,-0.336,0.000,-0.005
48.850,-4.734,39.567,-0.121,0.000,2.600,-0.336,0.000,-0.005
48.900,-4.734,39.567,-0.121,0.000,2.600,-0.336,0.000,-0.005
48.950,-4.734,39.567,-0.121,-0.000,2.600,-0.336,0.000,-0.005
49.000,-4.734,39.567,-0.121,-0.000,2.600,-0.336,0.000,-0.005
49.050,-4.734,39.567,-0.122,0.000,2.600,-0.336,0.000,-0.005
49.100,-4.734,39.567,-0.121,-0.000,2.600,-0.336,0.000,-0.005
49.150,-4.734,39.567,-0.121,0.000,2.600,-0.336,0.000,-0.005
49.200,-4.734,39.567,-0.120,0.000,2.600,-0.336,0.000,-0.005
49.250,-4.734,39.567,-0.121,0.000,2.600,-0.336,0.000,-0.005
49.300,-4.734,39.567,-0.120,0.000,2.600,-0.336,0.000,-0.005
49.350,-4.734,39.567,-0.121,0.000,2.600,-0.336,0.000,-0.005
49.400,-4.734,39.567,-0.121,0.000,2.600,-0.336,0.000,-0.005
49.450,-4.734,39.567,-0.122,-0.000,2.600,-0.336,0.000,-0.005
49.500,-4.734,39.567,-0.120,0.000,2.600,-0.336,0.000,-0.005
49.550,-4.734,39.568,-0.121,-0.000,2.600,-0.336,0.000,-0.005
49.600,-4.734,39.568,-0.121,0.000,2.600,-0.336,0.000,-0.005
49.650,-4.734,39.568,-0.120,-0.000,2.600,-0.336,0.000,-0.005
49.700,-4.734,39.568,-0.121,0.000,2.600,-0.336,0.000,-0.005
49.750,-4.734,39.568,-0.121,0.000,2.600,-0.337,0.000,-0.005
49.800,-4.734,39.568,-0.120,0.000,2.600,-0.337,0.000,-0.005
49.850,-4.734,39.568,-0.121,-0.000,2.600,-0.337,0.000,-0.005
49.900,-4.735,39.568,-0.120,0.000,2.600,-0.337,0.000,-0.005
49.950,-4.735,39.568,-0.120,0.000,2.600,-0.337,0.000,-0.005
50.000,-4.735,39.568,-0.120,0.000,2.600,-0.337,0.000,-0.005
50.050,-4.735,39.568,-0.121,0.000,2.600,-0.337,0.000,-0.005
50.100,-4.735,39.568,-0.121,0.000,2.600,-0.337,0.000,-0.005
50.150,-4.735,39.568,-0.121,0.000,2.600,-0.337,0.000,-0.005
50.200,-4.735,39.568,-0.121,-0.000,2.600,-0.337,0.000,-0.005
50.250,-4.735,39.568,-0.121,0.000,2.600,-0.337,0.000,-0.005
50.300,-4.735,39.568,-0.120,0.000,2.600,-0.337,0.000,-0.005
50.350,-4.735,39.568,-0.120,-0.000,2.600,-0.337,0.000,-0.005
50.400,-4.735,39.568,-0.121,0.000,2.600,-0.337,0.000,-0.005
50.450,-4.735,39.568,-0.119,-0.000,2.600,-0.337,0.000,-0.005
50.500,-4.735,39.569,-0.120,-0.000,2.600,-0.337,0.000,-0.005
50.550,-4.735,39.569,-0.120,0.000,2.600,-0.337,0.000,-0.005
50.600,-4.734,39.569,-0.120,-0.000,2.600,-0.337,0.000,-0.005
50.650,-4.734,39.569,-0.120,0.000,2.600,-0.338,0.000,-0.005
50.700,-4.734,39.569,-0.119,0.000,2.600,-0.338,0.000,-0.005
50.750,-4.734,39.569,-0.120,0.000,2.600,-0.338,0.000,-0.005
50.800,-4.734,39.569,-0.120,0.000,2.600,-0.338,0.000,-0.005
50.850,-4.735,39.569,-0.120,0.000,2.600,-0.338,0.000,-0.005
50.900,-4.735,39.569,-0.120,-0.000,2.600,-0.338,0.000,-0.005
50.950,-4.735,39.569,-0.120,0.000,2.600,-0.338,0.000,-0.005
51.000,-4.735,39.569,-0.120,0.000,2.600,-0.338,0.000,-0.005
51.050,-4.735,39.569,-0.120,-0.000,2.600,-0.338,0.000,-0.005
51.100,-4.735,39.569,-0.119,-0.000,2.600,-0.338,0.000,-0.005
51.150,-4.735,39.570,-0.120,0.000,2.600,-0.338,0.000,-0.005
51.200,-4.735,39.570,-0.120,-0.000,2.600,-0.338,0.000,-0.005
51.250,-4.735,39.570,-0.119,-0.000,2.600,-0.338,0.000,-0.005
51.300,-4.735,39.570,-0.119,-0.000,2.600,-0.338,0.000,-0.005
51.350,-4.735,39.570,-0.120,-0.000,2.600,-0.338,0.000,-0.005
51.400,-4.735,39.570,-0.120,-0.000,2.600,-0.338,0.000,-0.005
51.450,-4.735,39.570,-0.119,-0.000,2.600,-0.338,0.000,-0.005
51.500,-4.735,39.570,-0.119,-0.000,2.600,-0.338,0.000,-0.005
51.550,-4.735,39.570,-0.119,0.000,2.600,-0.338,0.000,-0.005
51.600,-4.735,39.570,-0.120,0.000,2.600,-0.338,0.000,-0.005
51.650,-4.735,39.570,-0.120,0.000,2.600,-0.339,0.000,-0.005
51.700,-4.735,39.570,-0.119,-0.000,2.600,-0.339,0.000,-0.005
51.750,-4.735,39.570,-0.119,-0.000,2.600,-0.339,0.000,-0.005
51.800,-4.735,39.570,-0.120,-0.000,2.600,-0.339,0.000,-0.005
51.850,-4.735,39.570,-0.119,-0.000,2.600,-0.339,0.000,-0.005
51.900,-4.735,39.570,-0.119,-0.000,2.600,-0.339,0.000,-0.005
51.950,-4.735,39.570,-0.119,-0.000,2.600,-0.339,0.000,-0.005
52.000,-4.735,39.570,-0.120,0.000,2.600,-0.339,0.000,-0.005
52.050,-4.735,39.570,-0.119,0.000,2.600,-0.339,0.000,-0.005
52.100,-4.735,39.571,-0.119,-0.000,2.600,-0.339,0.000,-0.005
52.150,-4.735,39.571,-0.119,0.000,2.600,-0.339,0.000,-0.005
52.200,-4.735,39.571,-0.119,0.000,2.600,-0.339,0.000,-0.005
52.250,-4.735,39.571,-0.118,0.000,2.600,-0.339,0.000,-0.005
52.300,-4.735,39.571,-0.119,0.000,2.600,-0.339,0.000,-0.005
52.350,-4.735,39.571,-0.119,0.000,2.600,-0.339,0.000,-0.005
52.400,-4.735,39.571,-0.119,-0.000,2.600,-0.339,0.000,-0.005
52.450,-4.735,39.571,-0.119,0.000,2.600,-0.339,0.000,-0.005
52.500,-4.735,39.571,-0.119,-0.000,2.600,-0.339,0.000,-0.005
52.550,-4.735,39.571,-0.119,0.000,2.600,-0.339,0.000,-0.005
52.600,-4.735,39.571,-0.119,0.000,2.600,-0.339,0.000,-0.005
52.650,-4.735,39.571,-0.118,0.000,2.600,-0.339,0.000,-0.005
52.700,-4.735,39.571,-0.119,0.000,2.600,-0.339,0.000,-0.005
52.750,-4.735,39.571,-0.118,-0.000,2.600,-0.340,0.000,-0.005
52.800,-4.735,39.571,-0.119,-0.000,2.600,-0.340,0.000,-0.005
52.850,-4.735,39.571,-0.119,-0.000,2.600,-0.340,0.000,-0.005
52.900,-4.735,39.571,-0.118,0.000,2.600,-0.340,0.000,-0.005
52.950,-4.735,39.571,-0.118,-0.000,2.600,-0.340,0.000,-0.005
53.000,-4.735,39.572,-0.119,-0.000,2.600,-0.340,0.000,-0.005
53.050,-4.735,39.572,-0.119,-0.000,2.600,-0.340,0.000,-0.005
53.100,-4.735,39.572,-0.119,-0.000,2.600,-0.340,0.000,-0.005
53.150,-4.735,39.572,-0.119,0.000,2.600,-0.340,0.000,-0.005
53.200,-4.735,39.572,-0.119,-0.000,2.600,-0.340,0.000,-0.005
53.250,-4.735,39.572,-0.118,-0.000,2.600,-0.340,0.000,-0.005
53.300,-4.736,39.572,-0.115,-0.000,2.600,-0.340,0.000,-0.005
53.350,-4.736,39.572,-0.115,-0.000,2.600,-0.340,0.000,-0.005
53.400,-4.736,39.573,-0.115,-0.000,2.600,-0.341,0.000,-0.005
53.450,-4.736,39.573,-0.119,0.000,2.600,-0.341,0.000,-0.005
53.500,-4.736,39.573,-0.116,-0.000,2.600,-0.341,0.000,-0.005
53.550,-4.736,39.574,-0.116,0.000,2.600,-0.341,0.000,-0.005
53.600,-4.736,39.574,-0.116,0.000,2.600,-0.342,0.000,-0.005
53.650,-4.736,39.574,-0.116,0.000,2.600,-0.342,0.000,-0.005
53.700,-4.736,39.574,-0.118,-0.000,2.600,-0.342,0.000,-0.005
53.750,-4.736,39.574,-0.115,-0.000,2.600,-0.342,0.000,-0.005
53.800,-4.736,39.574,-0.116,-0.000,2.600,-0.342,0.000,-0.005
53.850,-4.736,39.574,-0.117,-0.000,2.600,-0.342,0.000,-0.005
53.900,-4.736,39.574,-0.117,-0.000,2.600,-0.342,0.000,-0.005
53.950,-4.736,39.574,-0.120,-0.000,2.600,-0.342,0.000,-0.005
54.000,-4.736,39.574,-0.117,0.000,2.600,-0.342,0.000,-0.005
54.050,-4.736,39.574,-0.120,-0.000,2.600,-0.342,0.000,-0.005
54.100,-4.736,39.574,-0.119,-0.000,2.600,-0.342,0.000,-0.005
54.150,-4.736,39.574,-0.116,-0.000,2.600,-0.341,0.000,-0.005
54.200,-4.736,39.573,-0.116,-0.000,2.600,-0.341,0.000,-0.005
54.250,-4.736,39.573,-0.119,-0.000,2.600,-0.341,0.000,-0.005
54.300,-4.736,39.573,-0.119,-0.000,2.600,-0.341,0.000,-0.005
54.350,-4.736,39.573,-0.119,-0.000,2.600,-0.341,0.000,-0.005
54.400,-4.736,39.573,-0.118,-0.000,2.600,-0.341,0.000,-0.005
54.450,-4.736,39.573,-0.116,-0.000,2.600,-0.341,0.000,-0.005
54.500,-4.735,39.573,-0.118,-0.000,2.600,-0.341,0.000,-0.005
54.551,-4.735,39.573,-0.118,-0.000,2.600,-0.341,0.000,-0.005
54.600,-4.735,39.573,-0.117,-0.000,2.600,-0.341,0.000,-0.005
54.650,-4.735,39.573,-0.117,-0.000,2.600,-0.341,0.000,-0.005
54.700,-4.735,39.573,-0.117,-0.000,2.600,-0.341,0.000,-0.005
54.750,-4.736,39.573,-0.118,-0.000,2.600,-0.342,0.000,-0.005
54.801,-4.736,39.574,-0.118,-0.000,2.600,-0.342,0.000,-0.005
54.850,-4.736,39.574,-0.117,-0.000,2.600,-0.342,0.000,-0.005
54.900,-4.736,39.574,-0.118,-0.000,2.600,-0.342,0.000,-0.005
54.950,-4.736,39.574,-0.117,-0.000,2.600,-0.342,0.000,-0.005
55.000,-4.736,39.574,-0.119,0.000,2.600,-0.342,0.000,-0.005
55.050,-4.736,39.574,-0.118,0.000,2.600,-0.342,0.000,-0.005
55.100,-4.736,39.574,-0.119,-0.000,2.600,-0.342,0.000,-0.005
55.150,-4.736,39.574,-0.118,0.000,2.600,-0.342,0.000,-0.005
55.200,-4.736,39.574,-0.118,-0.000,2.600,-0.342,0.000,-0.005
55.250,-4.736,39.574,-0.118,-0.000,2.600,-0.342,0.000,-0.005
55.300,-4.736,39.574,-0.116,-0.000,2.600,-0.342,0.000,-0.005
55.350,-4.736,39.574,-0.116,-0.000,2.600,-0.342,0.000,-0.005
55.400,-4.736,39.574,-0.116,-0.000,2.600,-0.342,0.000,-0.005
55.450,-4.736,39.574,-0.116,-0.000,2.600,-0.342,0.000,-0.005
55.500,-4.736,39.574,-0.116,-0.000,2.600,-0.342,0.000,-0.005
55.550,-4.736,39.575,-0.114,-0.000,2.600,-0.343,0.000,-0.005
55.600,-4.736,39.575,-0.114,-0.000,2.600,-0.343,0.000,-0.005
55.650,-4.736,39.575,-0.114,-0.000,2.600,-0.343,0.000,-0.005
55.700,-4.736,39.575,-0.114,-0.000,2.600,-0.343,0.000,-0.005
55.750,-4.736,39.576,-0.115,-0.000,2.600,-0.343,0.000,-0.005
55.800,-4.736,39.576,-0.116,-0.000,2.600,-0.344,0.000,-0.005
55.850,-4.736,39.576,-0.115,-0.000,2.600,-0.344,0.000,-0.005
55.900,-4.736,39.576,-0.116,-0.000,2.600,-0.344,0.000,-0.005
55.950,-4.736,39.576,-0.115,-0.000,2.600,-0.344,0.000,-0.005
56.000,-4.736,39.576,-0.115,-0.000,2.600,-0.344,0.000,-0.005
56.050,-4.736,39.576,-0.115,-0.000,2.600,-0.344,0.000,-0.005
56.100,-4.736,39.576,-0.115,0.000,2.600,-0.344,0.000,-0.005
56.150,-4.736,39.576,-0.115,0.000,2.600,-0.344,0.000,-0.005
56.200,-4.736,39.576,-0.115,-0.000,2.600,-0.344,0.000,-0.005
56.250,-4.736,39.576,-0.115,-0.000,2.600,-0.344,0.000,-0.005
56.300,-4.736,39.576,-0.115,-0.000,2.600,-0.344,0.000,-0.005
56.350,-4.736,39.576,-0.117,-0.000,2.600,-0.344,0.000,-0.005
56.400,-4.736,39.576,-0.115,-0.000,2.600,-0.344,0.000,-0.005
56.450,-4.736,39.576,-0.114,-0.000,2.600,-0.344,0.000,-0.005
56.500,-4.736,39.576,-0.115,-0.000,2.600,-0.344,0.000,-0.005
56.550,-4.736,39.576,-0.115,-0.000,2.600,-0.344,0.000,-0.005
56.600,-4.736,39.576,-0.114,-0.000,2.600,-0.344,0.000,-0.005
56.650,-4.736,39.576,-0.115,-0.000,2.600,-0.344,0.000,-0.005
56.700,-4.736,39.576,-0.114,-0.000,2.600,-0.344,0.000,-0.005
56.750,-4.736,39.577,-0.117,-0.000,2.600,-0.344,0.000,-0.005
56.800,-4.736,39.577,-0.114,-0.000,2.600,-0.344,0.000,-0.005
56.850,-4.736,39.577,-0.117,-0.000,2.600,-0.344,0.000,-0.005
56.900,-4.736,39.576,-0.114,-0.000,2.600,-0.344,0.000,-0.005
56.950,-4.736,39.577,-0.114,-0.000,2.600,-0.344,0.000,-0.005
57.000,-4.736,39.577,-0.114,-0.000,2.600,-0.344,0.000,-0.005
57.050,-4.736,39.577,-0.113,-0.000,2.600,-0.344,0.000,-0.005
57.100,-4.737,39.577,-0.114,-0.000,2.600,-0.344,0.000,-0.005
57.150,-4.737,39.577,-0.114,-0.000,2.600,-0.345,0.000,-0.005
57.200,-4.737,39.577,-0.114,0.000,2.600,-0.345,0.000,-0.005
57.250,-4.737,39.578,-0.114,0.000,2.600,-0.345,0.000,-0.005
57.300,-4.737,39.578,-0.114,0.000,2.600,-0.345,0.000,-0.005
57.350,-4.737,39.578,-0.114,0.000,2.600,-0.345,0.000,-0.005
57.400,-4.737,39.578,-0.114,0.000,2.600,-0.345,0.000,-0.005
57.450,-4.737,39.578,-0.117,0.000,2.600,-0.345,0.000,-0.005
57.500,-4.737,39.578,-0.114,0.000,2.600,-0.345,0.000,-0.005
57.550,-4.737,39.578,-0.114,0.000,2.600,-0.345,0.000,-0.005
57.600,-4.737,39.578,-0.114,0.000,2.600,-0.345,0.000,-0.005
57.650,-4.737,39.578,-0.114,0.000,2.600,-0.345,0.000,-0.005
57.700,-4.737,39.578,-0.114,0.000,2.600,-0.345,0.000,-0.005
57.750,-4.737,39.578,-0.115,0.000,2.600,-0.345,0.000,-0.005
57.800,-4.737,39.578,-0.115,0.000,2.600,-0.345,0.000,-0.005
57.850,-4.737,39.578,-0.115,0.000,2.600,-0.345,0.000,-0.005
57.900,-4.737,39.578,-0.115,0.000,2.600,-0.345,0.000,-0.005
57.950,-4.737,39.578,-0.114,0.000,2.600,-0.345,0.000,-0.005
58.000,-4.737,39.578,-0.114,0.000,2.600,-0.345,0.000,-0.005
58.050,-4.737,39.578,-0.117,0.000,2.600,-0.345,0.000,-0.005
58.100,-4.737,39.578,-0.114,0.000,2.600,-0.345,0.000,-0.005
58.150,-4.737,39.578,-0.114,0.000,2.600,-0.345,0.000,-0.005
58.200,-4.737,39.578,-0.114,0.000,2.600,-0.345,0.000,-0.005
58.250,-4.737,39.578,-0.115,-0.000,2.600,-0.345,0.000,-0.005
58.300,-4.737,39.578,-0.114,-0.000,2.600,-0.345,0.000,-0.005
58.350,-4.737,39.578,-0.114,-0.000,2.600,-0.345,0.000,-0.005
58.400,-4.737,39.578,-0.114,0.000,2.600,-0.345,0.000,-0.005
58.450,-4.737,39.578,-0.114,-0.000,2.600,-0.345,0.000,-0.005
58.500,-4.737,39.578,-0.114,-0.000,2.600,-0.345,0.000,-0.005
58.550,-4.737,39.578,-0.114,0.000,2.600,-0.345,0.000,-0.005
58.600,-4.737,39.578,-0.114,0.000,2.600,-0.345,0.000,-0.005
58.650,-4.737,39.578,-0.113,0.000,2.600,-0.345,0.000,-0.005
58.700,-4.737,39.578,-0.114,0.000,2.600,-0.346,0.000,-0.005
58.750,-4.737,39.578,-0.114,0.000,2.600,-0.346,0.000,-0.005
58.800,-4.737,39.578,-0.114,-0.000,2.600,-0.346,0.000,-0.005
58.850,-4.737,39.578,-0.114,-0.000,2.600,-0.346,0.000,-0.005
58.900,-4.737,39.579,-0.114,-0.000,2.600,-0.346,0.000,-0.005
58.950,-4.737,39.579,-0.115,-0.000,2.600,-0.346,0.000,-0.005
59.000,-4.737,39.579,-0.114,-0.000,2.600,-0.346,0.000,-0.005
59.050,-4.737,39.579,-0.114,0.000,2.600,-0.346,0.000,-0.005
59.100,-4.737,39.579,-0.114,-0.000,2.600,-0.346,0.000,-0.005
59.150,-4.737,39.579,-0.114,0.000,2.600,-0.346,0.000,-0.005
59.200,-4.737,39.579,-0.117,-0.000,2.600,-0.346,0.000,-0.005
59.250,-4.737,39.579,-0.115,0.000,2.600,-0.346,0.000,-0.005
59.300,-4.737,39.579,-0.114,0.000,2.600,-0.346,0.000,-0.005
59.350,-4.737,39.579,-0.114,-0.000,2.600,-0.346,0.000,-0.005
59.400,-4.737,39.579,-0.114,0.000,2.600,-0.346,0.000,-0.005
59.450,-4.737,39.579,-0.113,0.000,2.600,-0.346,0.000,-0.005
59.500,-4.737,39.579,-0.114,0.000,2.600,-0.346,0.000,-0.005
59.550,-4.737,39.579,-0.114,-0.000,2.600,-0.346,0.000,-0.005
59.600,-4.737,39.579,-0.114,0.000,2.600,-0.346,0.000,-0.005
59.650,-4.737,39.579,-0.114,0.000,2.600,-0.346,0.000,-0.005
59.700,-4.737,39.579,-0.114,0.000,2.600,-0.346,0.000,-0.005
59.750,-4.737,39.579,-0.114,0.000,2.600,-0.346,0.000,-0.005
59.800,-4.737,39.579,-0.113,0.000,2.600,-0.346,0.000,-0.005
59.850,-4.737,39.579,-0.114,-0.000,2.600,-0.346,0.000,-0.005
59.900,-4.737,39.579,-0.113,0.000,2.600,-0.346,0.000,-0.005
59.950,-4.737,39.579,-0.113,0.000,2.600,-0.346,0.000,-0.005
60.000,-4.738,39.579,-0.114,-0.000,2.600,-0.346,0.000,-0.005
60.050,-4.738,39.579,-0.114,0.000,2.600,-0.346,0.000,-0.005
60.100,-4.738,39.579,-0.114,0.000,2.600,-0.346,0.000,-0.005
60.150,-4.738,39.579,-0.115,0.000,2.600,-0.346,0.000,-0.005
60.200,-4.738,39.579,-0.114,-0.000,2.600,-0.346,0.000,-0.005
60.250,-4.738,39.579,-0.114,-0.000,2.600,-0.346,0.000,-0.005
60.300,-4.738,39.579,-0.115,-0.000,2.600,-0.346,0.000,-0.005
60.350,-4.737,39.579,-0.115,0.000,2.600,-0.346,0.000,-0.005
60.400,-4.737,39.579,-0.114,-0.000,2.600,-0.346,0.000,-0.005
60.450,-4.737,39.579,-0.114,-0.000,2.600,-0.346,0.000,-0.005
60.500,-4.737,39.579,-0.114,-0.000,2.600,-0.346,0.000,-0.005
60.550,-4.737,39.579,-0.113,-0.000,2.600,-0.346,0.000,-0.005
60.600,-4.737,39.579,-0.113,0.000,2.600,-0.346,0.000,-0.005
60.650,-4.737,39.579,-0.114,-0.000,2.600,-0.347,0.000,-0.005
60.700,-4.737,39.580,-0.113,-0.000,2.600,-0.347,0.000,-0.005
60.750,-4.737,39.580,-0.114,-0.000,2.600,-0.347,0.000,-0.005
60.800,-4.737,39.580,-0.113,-0.000,2.600,-0.347,0.000,-0.005
60.850,-4.737,39.580,-0.114,-0.000,2.600,-0.347,0.000,-0.005
60.900,-4.737,39.580,-0.113,-0.000,2.600,-0.347,0.000,-0.005
60.950,-4.737,39.580,-0.113,0.000,2.600,-0.347,0.000,-0.005
61.000,-4.737,39.580,-0.113,0.000,2.600,-0.347,0.000,-0.005
61.050,-4.737,39.580,-0.113,-0.000,2.600,-0.347,0.000,-0.005
61.100,-4.737,39.580,-0.113,0.000,2.600,-0.347,0.000,-0.005
61.150,-4.737,39.580,-0.113,0.000,2.600,-0.347,0.000,-0.005
61.200,-4.737,39.580,-0.114,-0.000,2.600,-0.347,0.000,-0.005
61.250,-4.737,39.580,-0.113,-0.000,2.600,-0.347,0.000,-0.005
61.300,-4.737,39.580,-0.114,0.000,2.600,-0.347,0.000,-0.005
61.350,-4.737,39.580,-0.113,-0.000,2.600,-0.347,0.000,-0.005
61.400,-4.737,39.580,-0.112,-0.000,2.600,-0.348,0.000,-0.005
61.450,-4.737,39.580,-0.113,-0.000,2.600,-0.348,0.000,-0.005
61.500,-4.737,39.581,-0.113,0.000,2.600,-0.348,0.000,-0.005
61.550,-4.737,39.581,-0.113,0.000,2.600,-0.348,0.000,-0.005
61.600,-4.737,39.581,-0.114,0.000,2.600,-0.348,0.000,-0.005
61.650,-4.737,39.581,-0.114,0.000,2.600,-0.348,0.000,-0.005
61.700,-4.737,39.581,-0.114,-0.000,2.600,-0.348,0.000,-0.005
61.750,-4.738,39.581,-0.114,-0.000,2.600,-0.348,0.000,-0.005
61.800,-4.738,39.581,-0.113,-0.000,2.600,-0.348,0.000,-0.005
61.850,-4.737,39.580,-0.113,-0.000,2.600,-0.347,0.000,-0.005
61.900,-4.737,39.580,-0.113,-0.000,2.600,-0.348,0.000,-0.005
61.950,-4.737,39.581,-0.112,-0.000,2.600,-0.348,0.000,-0.005
62.000,-4.737,39.581,-0.113,-0.000,2.600,-0.348,0.000,-0.005
62.050,-4.737,39.581,-0.113,-0.000,2.600,-0.348,0.000,-0.005
62.100,-4.737,39.581,-0.114,0.000,2.600,-0.348,0.000,-0.005
62.150,-4.737,39.581,-0.114,-0.000,2.600,-0.348,0.000,-0.005
62.200,-4.737,39.581,-0.114,0.000,2.600,-0.348,0.000,-0.005
62.250,-4.737,39.581,-0.115,-0.000,2.600,-0.348,0.000,-0.005
62.300,-4.737,39.581,-0.115,-0.000,2.600,-0.348,0.000,-0.005
62.350,-4.737,39.581,-0.115,-0.000,2.600,-0.348,0.000,-0.005
62.400,-4.737,39.580,-0.114,0.000,2.600,-0.348,0.000,-0.005
62.450,-4.737,39.580,-0.113,-0.000,2.600,-0.348,0.000,-0.005
62.500,-4.737,39.580,-0.113,-0.000,2.600,-0.348,0.000,-0.005
62.550,-4.737,39.580,-0.114,-0.000,2.600,-0.348,0.000,-0.005
62.600,-4.737,39.581,-0.114,0.000,2.600,-0.348,0.000,-0.005
62.650,-4.737,39.581,-0.113,-0.000,2.600,-0.348,0.000,-0.005
62.700,-4.737,39.581,-0.112,-0.000,2.600,-0.348,0.000,-0.005
62.750,-4.737,39.581,-0.113,-0.000,2.600,-0.348,0.000,-0.005
62.800,-4.737,39.581,-0.113,-0.000,2.600,-0.348,0.000,-0.005
62.850,-4.737,39.581,-0.113,-0.000,2.600,-0.348,0.000,-0.005
62.900,-4.737,39.581,-0.113,-0.000,2.600,-0.348,0.000,-0.005
62.950,-4.737,39.581,-0.113,0.000,2.600,-0.348,0.000,-0.005
63.000,-4.737,39.581,-0.113,-0.000,2.600,-0.348,0.000,-0.005
63.050,-4.737,39.581,-0.112,-0.000,2.600,-0.348,0.000,-0.005
63.100,-4.737,39.581,-0.113,-0.000,2.600,-0.349,0.000,-0.005
63.150,-4.737,39.582,-0.113,0.000,2.600,-0.349,0.000,-0.005
63.200,-4.737,39.582,-0.112,0.000,2.600,-0.349,0.000,-0.005
63.250,-4.737,39.582,-0.113,-0.000,2.600,-0.349,0.000,-0.005
63.300,-4.738,39.582,-0.113,-0.000,2.600,-0.349,0.000,-0.005
63.350,-4.738,39.582,-0.113,-0.000,2.600,-0.349,0.000,-0.005
63.400,-4.738,39.582,-0.113,-0.000,2.600,-0.349,0.000,-0.005
63.450,-4.738,39.582,-0.113,-0.000,2.600,-0.349,0.000,-0.005
63.500,-4.738,39.582,-0.114,-0.000,2.600,-0.349,0.000,-0.005
63.550,-4.738,39.582,-0.114,-0.000,2.600,-0.349,0.000,-0.005
63.600,-4.738,39.582,-0.115,-0.000,2.600,-0.349,0.000,-0.005
63.650,-4.738,39.582,-0.113,-0.000,2.600,-0.349,0.000,-0.005
63.700,-4.738,39.582,-0.113,-0.000,2.600,-0.348,0.000,-0.005
63.750,-4.737,39.582,-0.113,-0.000,2.600,-0.348,0.000,-0.005
63.800,-4.737,39.582,-0.112,-0.000,2.600,-0.349,0.000,-0.005
63.850,-4.737,39.582,-0.113,-0.000,2.600,-0.349,0.000,-0.005
63.900,-4.737,39.582,-0.113,-0.000,2.600,-0.349,0.000,-0.005
63.950,-4.737,39.582,-0.113,-0.000,2.600,-0.349,0.000,-0.005
64.000,-4.737,39.582,-0.113,-0.000,2.600,-0.349,0.000,-0.005
64.050,-4.737,39.582,-0.113,-0.000,2.600,-0.349,0.000,-0.005
64.100,-4.737,39.582,-0.113,0.000,2.600,-0.349,0.000,-0.005
64.150,-4.737,39.582,-0.113,-0.000,2.600,-0.349,0.000,-0.005
64.200,-4.738,39.582,-0.113,-0.000,2.600,-0.349,0.000,-0.005
64.250,-4.738,39.582,-0.113,-0.000,2.600,-0.349,0.000,-0.005
64.300,-4.738,39.582,-0.113,-0.000,2.600,-0.349,0.000,-0.005
64.350,-4.738,39.582,-0.113,-0.000,2.600,-0.349,0.000,-0.005
64.400,-4.738,39.582,-0.112,-0.000,2.600,-0.349,0.000,-0.005
64.450,-4.738,39.582,-0.112,-0.000,2.600,-0.349,0.000,-0.005
64.500,-4.738,39.582,-0.112,-0.000,2.600,-0.349,0.000,-0.005
64.550,-4.738,39.582,-0.113,-0.000,2.600,-0.349,0.000,-0.005
64.600,-4.738,39.582,-0.113,-0.000,2.600,-0.349,0.000,-0.005
64.650,-4.738,39.582,-0.113,-0.000,2.600,-0.349,0.000,-0.005
64.700,-4.738,39.582,-0.113,-0.000,2.600,-0.349,0.000,-0.005
64.750,-4.738,39.582,-0.113,-0.000,2.600,-0.349,0.000,-0.005
64.800,-4.738,39.582,-0.114,-0.000,2.600,-0.349,0.000,-0.005
64.850,-4.738,39.582,-0.113,-0.000,2.600,-0.349,0.000,-0.005
64.900,-4.738,39.582,-0.114,-0.000,2.600,-0.349,0.000,-0.005
64.950,-4.738,39.582,-0.112,-0.000,2.600,-0.349,0.000,-0.005
65.000,-4.738,39.582,-0.113,-0.000,2.600,-0.349,0.000,-0.005
65.050,-4.738,39.582,-0.114,-0.000,2.600,-0.349,0.000,-0.005
65.101,-4.738,39.582,-0.114,-0.000,2.600,-0.349,0.000,-0.005
65.150,-4.737,39.582,-0.114,-0.000,2.600,-0.349,0.000,-0.005
65.200,-4.738,39.582,-0.113,-0.000,2.600,-0.349,0.000,-0.005
65.250,-4.738,39.582,-0.114,-0.000,2.600,-0.349,0.000,-0.005
65.300,-4.738,39.582,-0.114,-0.000,2.600,-0.349,0.000,-0.005
65.350,-4.738,39.582,-0.113,-0.000,2.600,-0.349,0.000,-0.005
65.400,-4.738,39.582,-0.113,-0.000,2.600,-0.349,0.000,-0.005
65.450,-4.738,39.582,-0.113,-0.000,2.600,-0.349,0.000,-0.005
65.500,-4.738,39.582,-0.113,-0.000,2.600,-0.349,0.000,-0.005
65.550,-4.738,39.582,-0.113,-0.000,2.600,-0.349,0.000,-0.005
65.600,-4.738,39.582,-0.114,-0.000,2.600,-0.349,0.000,-0.005
65.650,-4.738,39.582,-0.114,-0.000,2.600,-0.349,0.000,-0.005
65.700,-4.738,39.582,-0.113,0.000,2.600,-0.349,0.000,-0.005
65.750,-4.738,39.582,-0.113,0.000,2.600,-0.349,0.000,-0.005
65.800,-4.738,39.582,-0.113,-0.000,2.600,-0.349,0.000,-0.005
65.850,-4.738,39.582,-0.114,-0.000,2.600,-0.349,0.000,-0.005
65.900,-4.738,39.582,-0.114,-0.000,2.600,-0.349,0.000,-0.005
65.950,-4.738,39.582,-0.113,0.000,2.600,-0.349,0.000,-0.005
66.000,-4.738,39.582,-0.113,-0.000,2.600,-0.349,0.000,-0.005
66.050,-4.738,39.582,-0.113,0.000,2.600,-0.349,0.000,-0.005
66.100,-4.738,39.582,-0.113,0.000,2.600,-0.349,0.000,-0.005
66.150,-4.738,39.582,-0.112,0.000,2.600,-0.349,0.000,-0.005
66.200,-4.738,39.582,-0.112,-0.000,2.600,-0.349,0.000,-0.005
66.250,-4.738,39.583,-0.113,-0.000,2.600,-0.349,0.000,-0.005
66.300,-4.738,39.583,-0.113,0.000,2.600,-0.350,0.000,-0.005
66.350,-4.738,39.583,-0.112,0.000,2.600,-0.350,0.000,-0.005
66.400,-4.738,39.583,-0.112,0.000,2.600,-0.350,0.000,-0.005
66.450,-4.738,39.583,-0.112,0.000,2.600,-0.350,0.000,-0.005
66.500,-4.738,39.583,-0.112,-0.000,2.600,-0.350,0.000,-0.005
66.550,-4.738,39.583,-0.111,-0.000,2.600,-0.350,0.000,-0.005
66.600,-4.738,39.583,-0.111,-0.000,2.600,-0.350,0.000,-0.005
66.650,-4.738,39.583,-0.111,-0.000,2.600,-0.350,0.000,-0.005
66.700,-4.738,39.584,-0.111,-0.000,2.600,-0.350,0.000,-0.005
66.750,-4.738,39.584,-0.111,-0.000,2.600,-0.351,0.000,-0.005
66.800,-4.737,39.584,-0.112,-0.000,2.600,-0.351,0.000,-0.005
66.850,-4.737,39.584,-0.112,-0.000,2.600,-0.351,0.000,-0.005
66.900,-4.737,39.584,-0.112,-0.000,2.600,-0.351,0.000,-0.005
66.950,-4.737,39.584,-0.112,-0.000,2.600,-0.351,0.000,-0.005
67.000,-4.737,39.584,-0.112,-0.000,2.600,-0.351,0.000,-0.005
67.050,-4.737,39.584,-0.113,-0.000,2.600,-0.351,0.000,-0.005
67.100,-4.737,39.584,-0.112,-0.000,2.600,-0.351,0.000,-0.005
67.150,-4.737,39.583,-0.112,-0.000,2.600,-0.350,0.000,-0.005
67.200,-4.737,39.583,-0.111,-0.000,2.600,-0.350,0.000,-0.005
67.250,-4.737,39.583,-0.112,-0.000,2.600,-0.350,0.000,-0.005
67.300,-4.737,39.584,-0.111,0.000,2.600,-0.350,0.000,-0.005
67.350,-4.737,39.584,-0.111,0.000,2.600,-0.350,0.000,-0.005
67.400,-4.737,39.584,-0.111,-0.000,2.600,-0.351,0.000,-0.005
67.450,-4.737,39.584,-0.112,-0.000,2.600,-0.351,0.000,-0.005
67.500,-4.737,39.584,-0.112,0.000,2.600,-0.351,0.000,-0.005
67.550,-4.737,39.584,-0.112,0.000,2.600,-0.351,0.000,-0.005
67.600,-4.737,39.584,-0.112,0.000,2.600,-0.351,0.000,-0.005
67.650,-4.737,39.584,-0.112,-0.000,2.600,-0.351,0.000,-0.005
67.700,-4.737,39.584,-0.112,-0.000,2.600,-0.351,0.000,-0.005
67.750,-4.737,39.584,-0.113,-0.000,2.600,-0.351,0.000,-0.005
67.800,-4.737,39.584,-0.112,-0.000,2.600,-0.351,0.000,-0.005
67.850,-4.737,39.584,-0.113,-0.000,2.600,-0.351,0.000,-0.005
67.900,-4.737,39.584,-0.112,-0.000,2.600,-0.351,0.000,-0.005
67.950,-4.737,39.583,-0.112,0.000,2.600,-0.350,0.000,-0.005
68.000,-4.737,39.583,-0.112,-0.000,2.600,-0.350,0.000,-0.005
68.050,-4.737,39.583,-0.112,-0.000,2.600,-0.350,0.000,-0.005
68.100,-4.737,39.583,-0.112,0.000,2.600,-0.351,0.000,-0.005
68.150,-4.737,39.584,-0.111,-0.000,2.600,-0.351,0.000,-0.005
68.200,-4.737,39.584,-0.111,0.000,2.600,-0.351,0.000,-0.005
68.250,-4.737,39.584,-0.112,-0.000,2.600,-0.351,0.000,-0.005
68.300,-4.737,39.584,-0.111,-0.000,2.600,-0.351,0.000,-0.005
68.350,-4.738,39.584,-0.112,-0.000,2.600,-0.351,0.000,-0.005
68.400,-4.738,39.584,-0.112,-0.000,2.600,-0.351,0.000,-0.005
68.450,-4.738,39.584,-0.112,-0.000,2.600,-0.351,0.000,-0.005
68.500,-4.738,39.584,-0.112,-0.000,2.600,-0.351,0.000,-0.005
68.550,-4.738,39.584,-0.112,0.000,2.600,-0.351,0.000,-0.005
68.600,-4.738,39.584,-0.112,-0.000,2.600,-0.351,0.000,-0.005
68.650,-4.738,39.584,-0.111,-0.000,2.600,-0.351,0.000,-0.005
68.700,-4.738,39.584,-0.113,-0.000,2.600,-0.351,0.000,-0.005
68.750,-4.738,39.584,-0.113,-0.000,2.600,-0.351,0.000,-0.005
68.800,-4.738,39.584,-0.112,0.000,2.600,-0.351,0.000,-0.005
68.850,-4.738,39.584,-0.112,-0.000,2.600,-0.351,0.000,-0.005
68.900,-4.738,39.584,-0.111,0.000,2.600,-0.351,0.000,-0.005
68.950,-4.738,39.584,-0.110,-0.000,2.600,-0.351,0.000,-0.005
69.000,-4.738,39.584,-0.111,-0.000,2.600,-0.351,0.000,-0.005
69.050,-4.738,39.584,-0.111,0.000,2.600,-0.351,0.000,-0.005
69.100,-4.738,39.584,-0.111,0.000,2.600,-0.351,0.000,-0.005
69.150,-4.738,39.585,-0.112,0.000,2.600,-0.351,0.000,-0.005
69.200,-4.738,39.585,-0.113,-0.000,2.600,-0.351,0.000,-0.005
69.250,-4.738,39.585,-0.112,-0.000,2.600,-0.351,0.000,-0.005
69.300,-4.738,39.585,-0.112,-0.000,2.600,-0.351,0.000,-0.005
69.350,-4.738,39.585,-0.111,0.000,2.600,-0.351,0.000,-0.005
69.400,-4.738,39.585,-0.112,-0.000,2.600,-0.351,0.000,-0.005
69.450,-4.738,39.584,-0.112,0.000,2.600,-0.351,0.000,-0.005
69.500,-4.738,39.584,-0.112,-0.000,2.600,-0.351,0.000,-0.005
69.550,-4.738,39.584,-0.112,0.000,2.600,-0.351,0.000,-0.005
69.600,-4.738,39.584,-0.112,0.000,2.600,-0.351,0.000,-0.005
69.650,-4.738,39.584,-0.112,0.000,2.600,-0.351,0.000,-0.005
69.700,-4.738,39.584,-0.112,0.000,2.600,-0.351,0.000,-0.005
69.750,-4.738,39.584,-0.112,0.000,2.600,-0.351,0.000,-0.005
69.800,-4.738,39.584,-0.112,0.000,2.600,-0.351,0.000,-0.005
69.850,-4.738,39.584,-0.111,0.000,2.600,-0.351,0.000,-0.005
69.900,-4.738,39.584,-0.112,0.000,2.600,-0.351,0.000,-0.005
69.950,-4.738,39.584,-0.112,0.000,2.600,-0.351,0.000,-0.005
70.000,-4.737,39.584,-0.112,0.000,2.600,-0.351,0.000,-0.005
70.050,-4.737,39.584,-0.112,0.000,2.600,-0.351,0.000,-0.005
70.100,-4.737,39.584,-0.112,0.000,2.600,-0.351,0.000,-0.005
70.150,-4.737,39.585,-0.112,0.000,2.600,-0.351,0.000,-0.005
70.200,-4.738,39.585,-0.112,0.000,2.600,-0.351,0.000,-0.005
70.250,-4.738,39.585,-0.112,0.000,2.600,-0.351,0.000,-0.005
70.300,-4.738,39.585,-0.111,0.000,2.600,-0.351,0.000,-0.005
70.350,-4.738,39.585,-0.112,0.000,2.600,-0.352,0.000,-0.005
70.400,-4.738,39.585,-0.111,0.000,2.600,-0.352,0.000,-0.005
70.450,-4.738,39.585,-0.112,0.000,2.600,-0.352,0.000,-0.005
70.500,-4.738,39.585,-0.112,0.000,2.600,-0.352,0.000,-0.005
70.550,-4.738,39.585,-0.111,0.000,2.600,-0.352,0.000,-0.005
70.600,-4.738,39.585,-0.112,0.000,2.600,-0.352,0.000,-0.005
70.650,-4.738,39.585,-0.113,0.000,2.600,-0.352,0.000,-0.005
70.700,-4.738,39.585,-0.112,0.000,2.600,-0.352,0.000,-0.005
70.750,-4.738,39.585,-0.112,0.000,2.600,-0.352,0.000,-0.005
70.800,-4.738,39.585,-0.112,0.000,2.600,-0.352,0.000,-0.005
70.850,-4.738,39.585,-0.112,0.000,2.600,-0.352,0.000,-0.005
70.900,-4.738,39.585,-0.112,0.000,2.600,-0.352,0.000,-0.005
70.950,-4.738,39.585,-0.112,0.000,2.600,-0.352,0.000,-0.005
71.000,-4.738,39.585,-0.111,0.000,2.600,-0.352,0.000,-0.005
71.050,-4.738,39.585,-0.112,0.000,2.600,-0.352,0.000,-0.005
71.100,-4.738,39.585,-0.111,0.000,2.600,-0.352,0.000,-0.005
71.150,-4.738,39.585,-0.109,0.000,2.600,-0.352,0.000,-0.005
71.200,-4.738,39.585,-0.109,0.000,2.600,-0.352,0.000,-0.005
71.250,-4.738,39.586,-0.109,0.000,2.600,-0.352,0.000,-0.005
71.300,-4.738,39.586,-0.109,0.000,2.600,-0.352,0.000,-0.005
71.350,-4.738,39.586,-0.109,0.000,2.600,-0.353,0.000,-0.005
71.400,-4.738,39.587,-0.108,0.000,2.600,-0.353,0.000,-0.005
71.450,-4.739,39.587,-0.111,0.000,2.600,-0.353,0.000,-0.005
71.500,-4.739,39.587,-0.109,0.000,2.600,-0.353,0.000,-0.005
71.550,-4.739,39.587,-0.109,0.000,2.600,-0.353,0.000,-0.005
71.600,-4.739,39.587,-0.109,-0.000,2.600,-0.353,0.000,-0.005
71.650,-4.739,39.587,-0.109,0.000,2.600,-0.354,0.000,-0.005
71.700,-4.739,39.587,-0.108,0.000,2.600,-0.354,0.000,-0.005
71.750,-4.739,39.588,-0.109,0.000,2.600,-0.354,0.000,-0.005
71.800,-4.739,39.588,-0.112,-0.000,2.600,-0.354,0.000,-0.005
71.850,-4.739,39.587,-0.111,0.000,2.600,-0.354,0.000,-0.005
71.900,-4.739,39.587,-0.108,0.000,2.600,-0.354,0.000,-0.005
71.950,-4.739,39.587,-0.110,-0.000,2.600,-0.353,0.000,-0.005
72.000,-4.739,39.587,-0.111,-0.000,2.600,-0.353,0.000,-0.005
72.050,-4.738,39.587,-0.111,-0.000,2.600,-0.353,0.000,-0.005
72.100,-4.738,39.587,-0.111,-0.000,2.600,-0.353,0.000,-0.005
72.150,-4.738,39.587,-0.110,0.000,2.600,-0.353,0.000,-0.005
72.200,-4.738,39.587,-0.110,0.000,2.600,-0.353,0.000,-0.005
72.250,-4.738,39.586,-0.111,-0.000,2.600,-0.353,0.000,-0.005
72.300,-4.738,39.586,-0.108,-0.000,2.600,-0.353,0.000,-0.005
72.350,-4.738,39.587,-0.111,0.000,2.600,-0.353,0.000,-0.005
72.400,-4.738,39.587,-0.108,-0.000,2.600,-0.353,0.000,-0.005
72.450,-4.738,39.587,-0.108,0.000,2.600,-0.353,0.000,-0.005
72.500,-4.739,39.587,-0.108,0.000,2.600,-0.354,0.000,-0.005
72.550,-4.739,39.588,-0.110,0.000,2.600,-0.354,0.000,-0.005
72.600,-4.739,39.588,-0.111,-0.000,2.600,-0.354,0.000,-0.005
72.650,-4.739,39.588,-0.108,0.000,2.600,-0.354,0.000,-0.005
72.700,-4.739,39.588,-0.110,-0.000,2.600,-0.354,0.000,-0.005
72.750,-4.739,39.588,-0.110,0.000,2.600,-0.354,0.000,-0.005
72.800,-4.739,39.588,-0.110,0.000,2.600,-0.354,0.000,-0.005
72.850,-4.739,39.588,-0.110,0.000,2.600,-0.354,0.000,-0.005
72.900,-4.739,39.587,-0.110,0.000,2.600,-0.354,0.000,-0.005
72.950,-4.739,39.587,-0.111,0.000,2.600,-0.354,0.000,-0.005
73.000,-4.739,39.587,-0.110,0.000,2.600,-0.354,0.000,-0.005
73.050,-4.739,39.587,-0.111,0.000,2.600,-0.353,0.000,-0.005
73.100,-4.739,39.587,-0.111,0.000,2.600,-0.353,0.000,-0.005
73.150,-4.739,39.587,-0.111,0.000,2.600,-0.353,0.000,-0.005
73.200,-4.739,39.587,-0.111,0.000,2.600,-0.353,0.000,-0.005
73.250,-4.739,39.587,-0.110,0.000,2.600,-0.353,0.000,-0.005
73.300,-4.739,39.587,-0.111,0.000,2.600,-0.353,0.000,-0.005
73.350,-4.739,39.587,-0.110,0.000,2.600,-0.353,0.000,-0.005
73.400,-4.739,39.587,-0.110,0.000,2.600,-0.353,0.000,-0.005
73.450,-4.739,39.587,-0.110,0.000,2.600,-0.353,0.000,-0.005
73.500,-4.739,39.587,-0.111,0.000,2.600,-0.353,0.000,-0.005
73.550,-4.739,39.587,-0.111,0.000,2.600,-0.353,0.000,-0.005
73.600,-4.739,39.587,-0.110,0.000,2.600,-0.353,0.000,-0.005
73.650,-4.739,39.587,-0.110,0.000,2.600,-0.353,0.000,-0.005
73.700,-4.739,39.587,-0.108,0.000,2.600,-0.353,0.000,-0.005
73.750,-4.739,39.587,-0.108,0.000,2.600,-0.354,0.000,-0.005
73.800,-4.739,39.588,-0.108,0.000,2.600,-0.354,0.000,-0.005
73.851,-4.739,39.588,-0.108,0.000,2.600,-0.354,0.000,-0.005
73.900,-4.740,39.588,-0.108,0.000,2.600,-0.354,0.000,-0.005
73.950,-4.740,39.588,-0.108,0.000,2.600,-0.354,0.000,-0.005
74.000,-4.740,39.589,-0.108,0.000,2.600,-0.355,0.000,-0.005
74.050,-4.740,39.589,-0.108,0.000,2.600,-0.355,0.000,-0.005
74.100,-4.740,39.589,-0.108,-0.000,2.600,-0.355,0.000,-0.005
74.150,-4.740,39.589,-0.108,0.000,2.600,-0.355,0.000,-0.005
74.200,-4.740,39.589,-0.107,-0.000,2.600,-0.355,0.000,-0.005
74.250,-4.740,39.589,-0.108,-0.000,2.600,-0.355,0.000,-0.005
74.300,-4.740,39.589,-0.108,0.000,2.600,-0.355,0.000,-0.005
74.350,-4.740,39.589,-0.107,0.000,2.600,-0.355,0.000,-0.005
74.400,-4.740,39.589,-0.110,-0.000,2.600,-0.355,0.000,-0.005
74.450,-4.740,39.589,-0.107,-0.000,2.600,-0.355,0.000,-0.005
74.500,-4.740,39.589,-0.107,0.000,2.600,-0.355,0.000,-0.005
74.550,-4.740,39.590,-0.108,-0.000,2.600,-0.355,0.000,-0.005
74.600,-4.740,39.590,-0.107,0.000,2.600,-0.355,0.000,-0.005
74.650,-4.740,39.590,-0.110,0.000,2.600,-0.355,0.000,-0.005
74.700,-4.740,39.590,-0.110,-0.000,2.600,-0.355,0.000,-0.005
74.750,-4.740,39.589,-0.108,0.000,2.600,-0.355,0.000,-0.005
74.800,-4.739,39.589,-0.109,-0.000,2.600,-0.355,0.000,-0.005
74.850,-4.739,39.589,-0.108,-0.000,2.600,-0.355,0.000,-0.005
74.900,-4.739,39.589,-0.107,-0.000,2.600,-0.355,0.000,-0.005
74.950,-4.739,39.589,-0.110,-0.000,2.600,-0.355,0.000,-0.005
75.000,-4.739,39.589,-0.107,-0.000,2.600,-0.355,0.000,-0.005
75.050,-4.739,39.589,-0.107,0.000,2.600,-0.355,0.000,-0.005
75.100,-4.739,39.589,-0.107,-0.000,2.600,-0.355,0.000,-0.005
75.150,-4.739,39.589,-0.107,-0.000,2.600,-0.355,0.000,-0.005
75.200,-4.739,39.589,-0.107,-0.000,2.600,-0.355,0.000,-0.005
75.250,-4.739,39.590,-0.110,-0.000,2.600,-0.356,0.000,-0.005
75.300,-4.739,39.590,-0.107,-0.000,2.600,-0.356,0.000,-0.005
75.350,-4.739,39.590,-0.110,-0.000,2.600,-0.356,0.000,-0.005
75.400,-4.739,39.589,-0.110,0.000,2.600,-0.356,0.000,-0.005
75.450,-4.739,39.589,-0.110,0.000,2.600,-0.355,0.000,-0.005
75.500,-4.739,39.589,-0.107,-0.000,2.600,-0.355,0.000,-0.005
75.550,-4.739,39.589,-0.107,-0.000,2.600,-0.355,0.000,-0.005
75.600,-4.739,39.589,-0.107,0.000,2.600,-0.355,0.000,-0.005
75.650,-4.739,39.589,-0.106,-0.000,2.600,-0.355,0.000,-0.005
75.700,-4.739,39.589,-0.108,-0.000,2.600,-0.355,0.000,-0.005
75.750,-4.740,39.590,-0.107,-0.000,2.600,-0.355,0.000,-0.005
75.800,-4.740,39.590,-0.108,-0.000,2.600,-0.356,0.000,-0.005
75.850,-4.740,39.590,-0.107,-0.000,2.600,-0.356,0.000,-0.005
75.900,-4.740,39.590,-0.107,-0.000,2.600,-0.356,0.000,-0.005
75.950,-4.739,39.590,-0.107,-0.000,2.600,-0.356,0.000,-0.005
76.000,-4.739,39.590,-0.107,-0.000,2.600,-0.356,0.000,-0.005
76.050,-4.739,39.590,-0.107,-0.000,2.600,-0.356,0.000,-0.005
76.100,-4.739,39.590,-0.107,-0.000,2.600,-0.356,0.000,-0.005
76.150,-4.739,39.590,-0.107,-0.000,2.600,-0.356,0.000,-0.005
76.200,-4.739,39.590,-0.108,-0.000,2.600,-0.356,0.000,-0.005
76.250,-4.739,39.590,-0.108,-0.000,2.600,-0.356,0.000,-0.005
76.300,-4.739,39.590,-0.107,-0.000,2.600,-0.356,0.000,-0.005
76.350,-4.739,39.590,-0.107,-0.000,2.600,-0.356,0.000,-0.005
76.400,-4.739,39.590,-0.107,-0.000,2.600,-0.356,0.000,-0.005
76.450,-4.740,39.590,-0.110,-0.000,2.600,-0.356,0.000,-0.005
76.500,-4.740,39.590,-0.107,-0.000,2.600,-0.356,0.000,-0.005
76.550,-4.740,39.590,-0.107,-0.000,2.600,-0.356,0.000,-0.005
76.600,-4.740,39.590,-0.107,-0.000,2.600,-0.356,0.000,-0.005
76.650,-4.740,39.590,-0.107,-0.000,2.600,-0.356,0.000,-0.005
76.700,-4.740,39.590,-0.107,-0.000,2.600,-0.356,0.000,-0.005
76.750,-4.740,39.590,-0.107,0.000,2.600,-0.356,0.000,-0.005
76.800,-4.740,39.590,-0.107,-0.000,2.600,-0.356,0.000,-0.005
76.850,-4.740,39.590,-0.106,-0.000,2.600,-0.356,0.000,-0.005
76.900,-4.740,39.591,-0.106,-0.000,2.600,-0.356,0.000,-0.005
76.950,-4.740,39.591,-0.108,-0.000,2.600,-0.357,0.000,-0.005
77.000,-4.740,39.591,-0.107,-0.000,2.600,-0.357,0.000,-0.005
77.050,-4.740,39.591,-0.107,-0.000,2.600,-0.357,0.000,-0.005
77.100,-4.740,39.591,-0.107,-0.000,2.600,-0.357,0.000,-0.005
77.150,-4.740,39.591,-0.107,-0.000,2.600,-0.357,0.000,-0.005
77.200,-4.740,39.591,-0.108,-0.000,2.600,-0.357,0.000,-0.005
77.250,-4.740,39.591,-0.108,-0.000,2.600,-0.357,0.000,-0.005
77.300,-4.740,39.591,-0.107,-0.000,2.600,-0.357,0.000,-0.005
77.350,-4.740,39.591,-0.108,-0.000,2.600,-0.357,0.000,-0.005
77.400,-4.740,39.591,-0.108,-0.000,2.600,-0.357,0.000,-0.005
77.450,-4.740,39.591,-0.106,-0.000,2.600,-0.356,0.000,-0.005
77.500,-4.740,39.591,-0.107,-0.000,2.600,-0.356,0.000,-0.005
77.550,-4.740,39.591,-0.107,-0.000,2.600,-0.357,0.000,-0.005
77.600,-4.740,39.591,-0.108,-0.000,2.600,-0.357,0.000,-0.005
77.650,-4.740,39.591,-0.107,-0.000,2.600,-0.357,0.000,-0.005
77.700,-4.740,39.591,-0.107,-0.000,2.600,-0.357,0.000,-0.005
77.750,-4.740,39.591,-0.107,-0.000,2.600,-0.357,0.000,-0.005
77.800,-4.740,39.591,-0.107,-0.000,2.600,-0.357,0.000,-0.005
77.850,-4.740,39.591,-0.106,-0.000,2.600,-0.357,0.000,-0.005
77.900,-4.740,39.591,-0.109,-0.000,2.600,-0.357,0.000,-0.005
77.950,-4.740,39.591,-0.109,-0.000,2.600,-0.357,0.000,-0.005
78.000,-4.740,39.591,-0.110,-0.000,2.600,-0.357,0.000,-0.005
78.050,-4.740,39.591,-0.110,-0.000,2.600,-0.356,0.000,-0.005
78.100,-4.740,39.590,-0.110,-0.000,2.600,-0.356,0.000,-0.005
78.150,-4.740,39.590,-0.110,-0.000,2.600,-0.356,0.000,-0.005
78.200,-4.739,39.590,-0.107,-0.000,2.600,-0.356,0.000,-0.005
78.250,-4.739,39.590,-0.107,-0.000,2.600,-0.356,0.000,-0.005
78.300,-4.739,39.590,-0.107,-0.000,2.600,-0.356,0.000,-0.005
78.350,-4.739,39.590,-0.107,-0.000,2.600,-0.356,0.000,-0.005
78.400,-4.739,39.590,-0.107,-0.000,2.600,-0.356,0.000,-0.005
78.450,-4.739,39.590,-0.107,-0.000,2.600,-0.356,0.000,-0.005
78.500,-4.739,39.591,-0.107,-0.000,2.600,-0.356,0.000,-0.005
78.550,-4.740,39.591,-0.106,-0.000,2.600,-0.357,0.000,-0.005
78.600,-4.740,39.591,-0.107,-0.000,2.600,-0.357,0.000,-0.005
78.650,-4.740,39.591,-0.106,-0.000,2.600,-0.357,0.000,-0.005
78.700,-4.740,39.591,-0.105,0.000,2.600,-0.357,0.000,-0.005
78.750,-4.740,39.592,-0.107,-0.000,2.600,-0.357,0.000,-0.005
78.800,-4.740,39.592,-0.107,-0.000,2.600,-0.357,0.000,-0.005
78.850,-4.740,39.592,-0.107,0.000,2.600,-0.357,0.000,-0.005
78.900,-4.740,39.592,-0.107,0.000,2.600,-0.357,0.000,-0.005
78.950,-4.740,39.592,-0.107,0.000,2.600,-0.357,0.000,-0.005
79.000,-4.740,39.592,-0.106,-0.000,2.600,-0.357,0.000,-0.005
79.050,-4.740,39.592,-0.107,0.000,2.600,-0.357,0.000,-0.005
79.100,-4.740,39.592,-0.106,-0.000,2.600,-0.357,0.000,-0.005
79.150,-4.740,39.592,-0.106,-0.000,2.600,-0.357,0.000,-0.005
79.200,-4.740,39.592,-0.107,0.000,2.600,-0.357,0.000,-0.005
79.250,-4.740,39.592,-0.106,0.000,2.600,-0.357,0.000,-0.005
79.300,-4.740,39.592,-0.107,-0.000,2.600,-0.357,0.000,-0.005
79.350,-4.740,39.592,-0.106,0.000,2.600,-0.357,0.000,-0.005
79.400,-4.740,39.592,-0.105,0.000,2.600,-0.358,0.000,-0.005
79.450,-4.740,39.592,-0.107,-0.000,2.600,-0.358,0.000,-0.005
79.500,-4.740,39.592,-0.107,-0.000,2.600,-0.358,0.000,-0.005
79.550,-4.740,39.592,-0.107,-0.000,2.600,-0.358,0.000,-0.005
79.600,-4.740,39.592,-0.106,-0.000,2.600,-0.357,0.000,-0.005
79.650,-4.740,39.592,-0.107,-0.000,2.600,-0.357,0.000,-0.005
79.700,-4.740,39.592,-0.107,-0.000,2.600,-0.357,0.000,-0.005
79.750,-4.740,39.592,-0.107,-0.000,2.600,-0.357,0.000,-0.005
79.800,-4.740,39.592,-0.108,-0.000,2.600,-0.357,0.000,-0.005
79.850,-4.740,39.592,-0.107,-0.000,2.600,-0.357,0.000,-0.005
79.900,-4.740,39.591,-0.107,-0.000,2.600,-0.357,0.000,-0.005
79.950,-4.740,39.591,-0.107,-0.000,2.600,-0.357,0.000,-0.005
80.000,-4.740,39.591,-0.106,-0.000,2.600,-0.357,0.000,-0.005
80.050,-4.739,39.591,-0.107,-0.000,2.600,-0.357,0.000,-0.005
80.100,-4.740,39.591,-0.107,-0.000,2.600,-0.357,0.000,-0.005
80.150,-4.740,39.592,-0.107,-0.000,2.600,-0.357,0.000,-0.005
80.200,-4.740,39.592,-0.107,0.000,2.600,-0.357,0.000,-0.005
80.250,-4.740,39.592,-0.107,0.000,2.600,-0.357,0.000,-0.005
80.300,-4.740,39.592,-0.107,-0.000,2.600,-0.357,0.000,-0.005
80.350,-4.740,39.592,-0.107,0.000,2.600,-0.357,0.000,-0.005
80.400,-4.740,39.592,-0.108,-0.000,2.600,-0.357,0.000,-0.005
80.450,-4.740,39.592,-0.108,-0.000,2.600,-0.357,0.000,-0.005
80.500,-4.740,39.592,-0.107,0.000,2.600,-0.357,0.000,-0.005
80.550,-4.740,39.592,-0.108,0.000,2.600,-0.357,0.000,-0.005
80.600,-4.740,39.592,-0.108,-0.000,2.600,-0.357,0.000,-0.005
80.650,-4.740,39.591,-0.107,-0.000,2.600,-0.357,0.000,-0.005
80.700,-4.740,39.591,-0.106,0.000,2.600,-0.357,0.000,-0.005
80.750,-4.740,39.592,-0.106,-0.000,2.600,-0.357,0.000,-0.005
80.800,-4.740,39.592,-0.106,-0.000,2.600,-0.357,0.000,-0.005
80.850,-4.740,39.592,-0.106,0.000,2.600,-0.357,0.000,-0.005
80.900,-4.740,39.592,-0.107,-0.000,2.600,-0.357,0.000,-0.005
80.950,-4.740,39.592,-0.106,0.000,2.600,-0.358,0.000,-0.005
81.000,-4.740,39.592,-0.106,0.000,2.600,-0.358,0.000,-0.005
81.050,-4.740,39.592,-0.106,0.000,2.600,-0.358,0.000,-0.005
81.100,-4.740,39.592,-0.106,0.000,2.600,-0.358,0.000,-0.005
81.150,-4.740,39.592,-0.107,0.000,2.600,-0.358,0.000,-0.005
81.200,-4.740,39.592,-0.107,0.000,2.600,-0.358,0.000,-0.005
81.250,-4.740,39.592,-0.107,0.000,2.600,-0.358,0.000,-0.005
81.300,-4.740,39.592,-0.107,0.000,2.600,-0.358,0.000,-0.005
81.350,-4.740,39.592,-0.107,0.000,2.600,-0.358,0.000,-0.005
81.400,-4.740,39.592,-0.106,0.000,2.600,-0.358,0.000,-0.005
81.450,-4.740,39.592,-0.107,0.000,2.600,-0.358,0.000,-0.005
81.500,-4.740,39.592,-0.107,0.000,2.600,-0.358,0.000,-0.005
81.550,-4.740,39.592,-0.106,0.000,2.600,-0.358,0.000,-0.005
81.600,-4.740,39.592,-0.106,0.000,2.600,-0.358,0.000,-0.005
81.650,-4.740,39.592,-0.106,0.000,2.600,-0.358,0.000,-0.005
81.700,-4.740,39.593,-0.107,0.000,2.600,-0.358,0.000,-0.005
81.750,-4.740,39.593,-0.107,0.000,2.600,-0.358,0.000,-0.005
81.800,-4.740,39.593,-0.107,-0.000,2.600,-0.358,0.000,-0.005
81.850,-4.740,39.593,-0.107,0.000,2.600,-0.358,0.000,-0.005
81.900,-4.740,39.593,-0.106,-0.000,2.600,-0.358,0.000,-0.005
81.950,-4.740,39.593,-0.106,0.000,2.600,-0.358,0.000,-0.005
82.000,-4.740,39.593,-0.106,-0.000,2.600,-0.358,0.000,-0.005
82.050,-4.740,39.593,-0.106,0.000,2.600,-0.358,0.000,-0.005
82.100,-4.740,39.593,-0.106,-0.000,2.600,-0.358,0.000,-0.005
82.150,-4.740,39.593,-0.105,-0.000,2.600,-0.358,0.000,-0.005
82.200,-4.740,39.593,-0.106,0.000,2.600,-0.358,0.000,-0.005
82.250,-4.740,39.593,-0.106,-0.000,2.600,-0.359,0.000,-0.005
82.300,-4.740,39.593,-0.106,0.000,2.600,-0.359,0.000,-0.005
82.350,-4.740,39.593,-0.106,0.000,2.600,-0.359,0.000,-0.005
82.400,-4.740,39.593,-0.106,0.000,2.600,-0.359,0.000,-0.005
82.450,-4.740,39.593,-0.106,0.000,2.600,-0.359,0.000,-0.005
82.500,-4.740,39.593,-0.106,-0.000,2.600,-0.359,0.000,-0.005
82.550,-4.740,39.593,-0.106,-0.000,2.600,-0.359,0.000,-0.005
82.600,-4.740,39.593,-0.106,-0.000,2.600,-0.359,0.000,-0.005
82.650,-4.740,39.593,-0.107,-0.000,2.600,-0.359,0.000,-0.005
82.700,-4.740,39.593,-0.107,0.000,2.600,-0.359,0.000,-0.005
82.750,-4.740,39.593,-0.107,-0.000,2.600,-0.359,0.000,-0.005
82.800,-4.740,39.593,-0.107,0.000,2.600,-0.359,0.000,-0.005
82.850,-4.740,39.593,-0.107,0.000,2.600,-0.359,0.000,-0.005
82.900,-4.740,39.593,-0.106,0.000,2.600,-0.359,0.000,-0.005
82.950,-4.740,39.593,-0.107,0.000,2.600,-0.359,0.000,-0.005
83.000,-4.740,39.593,-0.107,0.000,2.600,-0.359,0.000,-0.005
83.050,-4.740,39.593,-0.107,0.000,2.600,-0.359,0.000,-0.005
83.100,-4.740,39.593,-0.107,0.000,2.600,-0.359,0.000,-0.005
83.150,-4.740,39.593,-0.107,0.000,2.600,-0.359,0.000,-0.005
83.200,-4.740,39.593,-0.107,-0.000,2.600,-0.359,0.000,-0.005
83.250,-4.740,39.593,-0.106,0.000,2.600,-0.359,0.000,-0.005
83.300,-4.740,39.593,-0.106,0.000,2.600,-0.358,0.000,-0.005
83.350,-4.740,39.593,-0.106,0.000,2.600,-0.358,0.000,-0.005
83.400,-4.740,39.593,-0.105,0.000,2.600,-0.359,0.000,-0.005
83.450,-4.740,39.593,-0.106,0.000,2.600,-0.359,0.000,-0.005
83.500,-4.740,39.593,-0.105,0.000,2.600,-0.359,0.000,-0.005
83.550,-4.740,39.593,-0.106,0.000,2.600,-0.359,0.000,-0.005
83.600,-4.740,39.593,-0.106,0.000,2.600,-0.359,0.000,-0.005
83.650,-4.740,39.594,-0.106,0.000,2.600,-0.359,0.000,-0.005
83.700,-4.740,39.594,-0.106,0.000,2.600,-0.359,0.000,-0.005
83.750,-4.740,39.594,-0.106,0.000,2.600,-0.359,0.000,-0.005
83.800,-4.740,39.594,-0.106,0.000,2.600,-0.359,0.000,-0.005
83.850,-4.740,39.594,-0.106,0.000,2.600,-0.359,0.000,-0.005
83.900,-4.740,39.594,-0.106,0.000,2.600,-0.359,0.000,-0.005
83.950,-4.740,39.594,-0.106,0.000,2.600,-0.359,0.000,-0.005
84.000,-4.740,39.594,-0.106,0.000,2.600,-0.359,0.000,-0.005
84.050,-4.740,39.594,-0.106,0.000,2.600,-0.359,0.000,-0.005
84.100,-4.740,39.594,-0.106,0.000,2.600,-0.359,0.000,-0.005
84.150,-4.740,39.594,-0.106,0.000,2.600,-0.359,0.000,-0.005
84.200,-4.740,39.594,-0.106,0.000,2.600,-0.359,0.000,-0.005
84.250,-4.740,39.594,-0.106,0.000,2.600,-0.359,0.000,-0.005
84.300,-4.740,39.594,-0.106,0.000,2.600,-0.359,0.000,-0.005
84.350,-4.740,39.594,-0.106,0.000,2.600,-0.359,0.000,-0.005
84.400,-4.740,39.594,-0.106,0.000,2.600,-0.359,0.000,-0.005
84.450,-4.740,39.594,-0.107,0.000,2.600,-0.359,0.000,-0.005
84.500,-4.740,39.594,-0.107,-0.000,2.600,-0.359,0.000,-0.005
84.550,-4.740,39.594,-0.106,0.000,2.600,-0.359,0.000,-0.005
84.600,-4.740,39.594,-0.106,0.000,2.600,-0.359,0.000,-0.005
84.650,-4.740,39.594,-0.107,0.000,2.600,-0.359,0.000,-0.005
84.700,-4.740,39.594,-0.107,0.000,2.600,-0.359,0.000,-0.005
84.750,-4.740,39.594,-0.106,0.000,2.600,-0.359,0.000,-0.005
84.800,-4.740,39.594,-0.107,-0.000,2.600,-0.359,0.000,-0.005
84.850,-4.740,39.594,-0.107,-0.000,2.600,-0.359,0.000,-0.005
84.900,-4.740,39.594,-0.106,-0.000,2.600,-0.359,0.000,-0.005
84.950,-4.740,39.594,-0.106,0.000,2.600,-0.359,0.000,-0.005
85.000,-4.740,39.594,-0.106,0.000,2.600,-0.359,0.000,-0.005
85.050,-4.740,39.594,-0.107,0.000,2.600,-0.359,0.000,-0.005
85.100,-4.739,39.594,-0.106,-0.000,2.600,-0.359,0.000,-0.005
85.150,-4.739,39.594,-0.106,-0.000,2.600,-0.359,0.000,-0.005
85.200,-4.739,39.594,-0.107,0.000,2.600,-0.359,0.000,-0.005
85.250,-4.739,39.594,-0.106,0.000,2.600,-0.359,0.000,-0.005
85.300,-4.739,39.593,-0.107,0.000,2.600,-0.359,0.000,-0.005
85.350,-4.739,39.593,-0.106,0.000,2.600,-0.359,0.000,-0.005
85.400,-4.739,39.593,-0.106,0.000,2.600,-0.359,0.000,-0.005
85.450,-4.740,39.594,-0.106,0.000,2.600,-0.359,0.000,-0.005
85.500,-4.740,39.594,-0.107,-0.000,2.600,-0.359,0.000,-0.005
85.550,-4.740,39.594,-0.107,0.000,2.600,-0.359,0.000,-0.005
85.600,-4.740,39.594,-0.107,0.000,2.600,-0.359,0.000,-0.005
85.650,-4.740,39.594,-0.107,0.000,2.600,-0.359,0.000,-0.005
85.700,-4.740,39.594,-0.107,0.000,2.600,-0.359,0.000,-0.005
85.750,-4.740,39.594,-0.107,0.000,2.600,-0.359,0.000,-0.005
85.800,-4.740,39.594,-0.107,0.000,2.600,-0.359,0.000,-0.005
85.850,-4.740,39.594,-0.107,0.000,2.600,-0.359,0.000,-0.005
85.900,-4.740,39.594,-0.107,0.000,2.600,-0.359,0.000,-0.005
85.950,-4.740,39.594,-0.107,0.000,2.600,-0.359,0.000,-0.005
86.000,-4.740,39.593,-0.107,0.000,2.600,-0.359,0.000,-0.005
86.050,-4.740,39.594,-0.106,0.000,2.600,-0.359,0.000,-0.005
86.100,-4.739,39.594,-0.105,0.000,2.600,-0.359,0.000,-0.005
86.150,-4.739,39.594,-0.106,0.000,2.600,-0.359,0.000,-0.005
86.200,-4.739,39.594,-0.106,0.000,2.600,-0.360,0.000,-0.005
86.250,-4.739,39.594,-0.105,0.000,2.600,-0.360,0.000,-0.005
86.300,-4.739,39.594,-0.106,0.000,2.600,-0.360,0.000,-0.005
86.350,-4.739,39.594,-0.106,0.000,2.600,-0.360,0.000,-0.005
86.400,-4.739,39.594,-0.106,-0.000,2.600,-0.360,0.000,-0.005
86.450,-4.739,39.594,-0.106,0.000,2.600,-0.360,0.000,-0.005
86.500,-4.739,39.594,-0.105,0.000,2.600,-0.360,0.000,-0.005
86.550,-4.739,39.594,-0.106,0.000,2.600,-0.360,0.000,-0.005
86.600,-4.739,39.594,-0.106,0.000,2.600,-0.360,0.000,-0.005
86.650,-4.740,39.594,-0.105,0.000,2.600,-0.360,0.000,-0.005
86.700,-4.740,39.594,-0.106,0.000,2.600,-0.360,0.000,-0.005
86.750,-4.740,39.594,-0.106,0.000,2.600,-0.360,0.000,-0.005
86.800,-4.740,39.594,-0.106,0.000,2.600,-0.360,0.000,-0.005
86.850,-4.740,39.595,-0.107,0.000,2.600,-0.360,0.000,-0.005
86.900,-4.740,39.595,-0.106,0.000,2.600,-0.360,0.000,-0.005
86.950,-4.740,39.595,-0.106,0.000,2.600,-0.360,0.000,-0.005
87.000,-4.740,39.595,-0.105,-0.000,2.600,-0.360,0.000,-0.005
87.050,-4.740,39.595,-0.106,-0.000,2.600,-0.360,0.000,-0.005
87.100,-4.740,39.595,-0.106,0.000,2.600,-0.360,0.000,-0.005
87.150,-4.740,39.595,-0.106,-0.000,2.600,-0.360,0.000,-0.005
87.200,-4.740,39.595,-0.105,0.000,2.600,-0.360,0.000,-0.005
87.250,-4.740,39.595,-0.106,-0.000,2.600,-0.360,0.000,-0.005
87.300,-4.740,39.595,-0.106,-0.000,2.600,-0.360,0.000,-0.005
87.350,-4.740,39.595,-0.106,0.000,2.600,-0.360,0.000,-0.005
87.400,-4.740,39.595,-0.105,0.000,2.600,-0.360,0.000,-0.005
87.450,-4.740,39.595,-0.106,-0.000,2.600,-0.360,0.000,-0.005
87.500,-4.740,39.595,-0.106,-0.000,2.600,-0.360,0.000,-0.005
87.550,-4.740,39.595,-0.106,-0.000,2.600,-0.360,0.000,-0.005
87.600,-4.740,39.595,-0.106,-0.000,2.600,-0.360,0.000,-0.005
87.650,-4.740,39.595,-0.106,-0.000,2.600,-0.360,0.000,-0.005
87.700,-4.740,39.595,-0.107,-0.000,2.600,-0.360,0.000,-0.005
87.750,-4.741,39.595,-0.106,0.000,2.600,-0.360,0.000,-0.005
87.800,-4.741,39.595,-0.106,-0.000,2.600,-0.360,0.000,-0.005
87.850,-4.741,39.595,-0.106,-0.000,2.600,-0.360,0.000,-0.005
87.900,-4.741,39.595,-0.105,-0.000,2.600,-0.360,0.000,-0.005
87.950,-4.741,39.595,-0.106,-0.000,2.600,-0.360,0.000,-0.005
88.000,-4.741,39.595,-0.105,0.000,2.600,-0.360,0.000,-0.005
88.050,-4.741,39.595,-0.105,-0.000,2.600,-0.360,0.000,-0.005
88.100,-4.741,39.595,-0.106,-0.000,2.600,-0.360,0.000,-0.005
88.150,-4.741,39.595,-0.105,-0.000,2.600,-0.360,0.000,-0.005
88.200,-4.741,39.595,-0.105,-0.000,2.600,-0.361,0.000,-0.005
88.250,-4.740,39.595,-0.105,-0.000,2.600,-0.361,0.000,-0.005
88.300,-4.740,39.595,-0.104,-0.000,2.600,-0.361,0.000,-0.005
88.350,-4.740,39.596,-0.104,-0.000,2.600,-0.361,0.000,-0.005
88.400,-4.740,39.596,-0.105,-0.000,2.600,-0.361,0.000,-0.005
88.450,-4.740,39.596,-0.105,-0.000,2.600,-0.361,0.000,-0.005
88.500,-4.740,39.596,-0.105,-0.000,2.600,-0.361,0.000,-0.005
88.550,-4.740,39.596,-0.105,-0.000,2.600,-0.361,0.000,-0.005
88.600,-4.740,39.596,-0.105,0.000,2.600,-0.361,0.000,-0.005
88.650,-4.740,39.596,-0.106,-0.000,2.600,-0.361,0.000,-0.005
88.700,-4.740,39.596,-0.105,-0.000,2.600,-0.361,0.000,-0.005
88.750,-4.740,39.596,-0.105,-0.000,2.600,-0.361,0.000,-0.005
88.800,-4.740,39.596,-0.106,-0.000,2.600,-0.361,0.000,-0.005
88.850,-4.740,39.596,-0.105,-0.000,2.600,-0.361,0.000,-0.005
88.900,-4.740,39.596,-0.105,-0.000,2.600,-0.361,0.000,-0.005
88.950,-4.740,39.596,-0.105,-0.000,2.600,-0.361,0.000,-0.005
89.000,-4.740,39.596,-0.105,-0.000,2.600,-0.361,0.000,-0.005
89.050,-4.740,39.596,-0.105,-0.000,2.600,-0.361,0.000,-0.005
89.100,-4.740,39.596,-0.105,-0.000,2.600,-0.361,0.000,-0.005
89.150,-4.740,39.596,-0.102,0.000,2.600,-0.361,0.000,-0.005
89.200,-4.740,39.596,-0.102,-0.000,2.600,-0.361,0.000,-0.005
89.251,-4.740,39.596,-0.105,-0.000,2.600,-0.361,0.000,-0.005
89.300,-4.740,39.596,-0.103,-0.000,2.600,-0.361,0.000,-0.005
89.350,-4.741,39.596,-0.105,-0.000,2.600,-0.362,0.000,-0.005
89.400,-4.741,39.597,-0.105,-0.000,2.600,-0.362,0.000,-0.005
89.450,-4.741,39.597,-0.105,-0.000,2.600,-0.362,0.000,-0.005
89.500,-4.741,39.596,-0.104,0.000,2.600,-0.362,0.000,-0.005
89.550,-4.741,39.596,-0.103,0.000,2.600,-0.362,0.000,-0.005
89.600,-4.740,39.596,-0.102,-0.000,2.600,-0.362,0.000,-0.005
89.650,-4.740,39.597,-0.104,-0.000,2.600,-0.362,0.000,-0.005
89.700,-4.740,39.597,-0.102,-0.000,2.600,-0.362,0.000,-0.005
89.750,-4.740,39.597,-0.102,-0.000,2.600,-0.362,0.000,-0.005
89.800,-4.740,39.597,-0.105,0.000,2.600,-0.362,0.000,-0.005
89.850,-4.740,39.597,-0.103,0.000,2.600,-0.362,0.000,-0.005
89.900,-4.741,39.597,-0.103,-0.000,2.600,-0.362,0.000,-0.005
89.950,-4.741,39.597,-0.105,-0.000,2.600,-0.362,0.000,-0.005
90.000,-4.741,39.597,-0.103,-0.000,2.600,-0.362,0.000,-0.005
90.050,-4.741,39.597,-0.105,-0.000,2.600,-0.362,0.000,-0.005
90.100,-4.741,39.597,-0.104,-0.000,2.600,-0.362,0.000,-0.005
90.150,-4.741,39.597,-0.103,-0.000,2.600,-0.362,0.000,-0.005
90.200,-4.741,39.597,-0.105,-0.000,2.600,-0.362,0.000,-0.005
90.250,-4.741,39.597,-0.104,-0.000,2.600,-0.362,0.000,-0.005
90.300,-4.741,39.597,-0.105,-0.000,2.600,-0.362,0.000,-0.005
90.350,-4.741,39.597,-0.106,-0.000,2.600,-0.362,0.000,-0.005
90.400,-4.741,39.597,-0.106,-0.000,2.600,-0.362,0.000,-0.005
90.450,-4.741,39.597,-0.105,-0.000,2.600,-0.362,0.000,-0.005
90.500,-4.741,39.597,-0.105,-0.000,2.600,-0.362,0.000,-0.005
90.550,-4.741,39.597,-0.105,-0.000,2.600,-0.362,0.000,-0.005
90.600,-4.741,39.596,-0.104,-0.000,2.600,-0.362,0.000,-0.005
90.650,-4.741,39.596,-0.103,-0.000,2.600,-0.362,0.000,-0.005
90.700,-4.741,39.597,-0.105,-0.000,2.600,-0.362,0.000,-0.005
90.750,-4.741,39.597,-0.105,-0.000,2.600,-0.362,0.000,-0.005
90.800,-4.741,39.597,-0.106,-0.000,2.600,-0.362,0.000,-0.005
90.850,-4.741,39.597,-0.105,0.000,2.600,-0.362,0.000,-0.005
90.900,-4.741,39.597,-0.105,-0.000,2.600,-0.362,0.000,-0.005
90.950,-4.741,39.597,-0.105,-0.000,2.600,-0.362,0.000,-0.005
91.000,-4.741,39.596,-0.105,-0.000,2.600,-0.362,0.000,-0.005
91.050,-4.741,39.596,-0.105,-0.000,2.600,-0.362,0.000,-0.005
91.100,-4.741,39.596,-0.105,-0.000,2.600,-0.362,0.000,-0.005
91.150,-4.741,39.596,-0.105,-0.000,2.600,-0.362,0.000,-0.005
91.200,-4.741,39.596,-0.105,-0.000,2.600,-0.362,0.000,-0.005
91.250,-4.741,39.597,-0.103,-0.000,2.600,-0.362,0.000,-0.005
91.300,-4.741,39.597,-0.105,0.000,2.600,-0.362,0.000,-0.005
91.350,-4.741,39.597,-0.105,0.000,2.600,-0.362,0.000,-0.005
91.400,-4.741,39.597,-0.105,-0.000,2.600,-0.362,0.000,-0.005
91.450,-4.741,39.597,-0.105,-0.000,2.600,-0.362,0.000,-0.005
91.500,-4.741,39.597,-0.103,-0.000,2.600,-0.362,0.000,-0.005
91.550,-4.741,39.597,-0.104,-0.000,2.600,-0.362,0.000,-0.005
91.600,-4.741,39.597,-0.104,0.000,2.600,-0.362,0.000,-0.005
91.650,-4.741,39.597,-0.104,-0.000,2.600,-0.362,0.000,-0.005
91.700,-4.741,39.597,-0.104,0.000,2.600,-0.362,0.000,-0.005
91.750,-4.741,39.597,-0.104,0.000,2.600,-0.362,0.000,-0.005
91.800,-4.741,39.597,-0.102,0.000,2.600,-0.363,0.000,-0.005
91.850,-4.741,39.598,-0.102,0.000,2.600,-0.363,0.000,-0.005
91.900,-4.741,39.598,-0.102,0.000,2.600,-0.363,0.000,-0.005
91.950,-4.741,39.598,-0.102,0.000,2.600,-0.363,0.000,-0.005
92.000,-4.741,39.598,-0.102,0.000,2.600,-0.363,0.000,-0.005
92.050,-4.741,39.598,-0.102,0.000,2.600,-0.363,0.000,-0.005
92.100,-4.741,39.598,-0.102,0.000,2.600,-0.363,0.000,-0.005
92.150,-4.741,39.599,-0.101,0.000,2.600,-0.364,0.000,-0.005
92.200,-4.741,39.599,-0.102,0.000,2.600,-0.364,0.000,-0.005
92.250,-4.741,39.599,-0.102,0.000,2.600,-0.364,0.000,-0.005
92.300,-4.741,39.599,-0.102,0.000,2.600,-0.364,0.000,-0.005
92.350,-4.741,39.599,-0.102,0.000,2.600,-0.364,0.000,-0.005
92.400,-4.741,39.599,-0.102,0.000,2.600,-0.364,0.000,-0.005
92.450,-4.742,39.599,-0.104,0.000,2.600,-0.364,0.000,-0.005
92.500,-4.742,39.599,-0.103,0.000,2.600,-0.364,0.000,-0.005
92.550,-4.742,39.599,-0.103,0.000,2.600,-0.364,0.000,-0.005
92.600,-4.742,39.599,-0.102,0.000,2.600,-0.364,0.000,-0.005
92.650,-4.742,39.599,-0.102,0.000,2.600,-0.364,0.000,-0.005
92.700,-4.742,39.599,-0.104,0.000,2.600,-0.364,0.000,-0.005
92.750,-4.742,39.599,-0.103,0.000,2.600,-0.364,0.000,-0.005
92.800,-4.742,39.599,-0.103,0.000,2.600,-0.364,0.000,-0.005
92.850,-4.742,39.599,-0.102,0.000,2.600,-0.364,0.000,-0.005
92.900,-4.742,39.599,-0.102,0.000,2.600,-0.364,0.000,-0.005
92.950,-4.742,39.599,-0.102,0.000,2.600,-0.364,0.000,-0.005
93.000,-4.742,39.599,-0.104,-0.000,2.600,-0.364,0.000,-0.005
93.050,-4.742,39.599,-0.102,0.000,2.600,-0.364,0.000,-0.005
93.100,-4.742,39.599,-0.105,-0.000,2.600,-0.364,0.000,-0.005
93.150,-4.742,39.599,-0.103,-0.000,2.600,-0.364,0.000,-0.005
93.200,-4.742,39.599,-0.103,-0.000,2.600,-0.364,0.000,-0.005
93.250,-4.742,39.599,-0.103,-0.000,2.600,-0.364,0.000,-0.005
93.300,-4.742,39.599,-0.103,-0.000,2.600,-0.364,0.000,-0.005
93.350,-4.742,39.599,-0.105,-0.000,2.600,-0.364,0.000,-0.005
93.400,-4.742,39.599,-0.101,-0.000,2.600,-0.364,0.000,-0.005
93.450,-4.742,39.599,-0.101,-0.000,2.600,-0.364,0.000,-0.005
93.500,-4.742,39.599,-0.101,-0.000,2.600,-0.364,0.000,-0.005
93.550,-4.742,39.599,-0.102,0.000,2.600,-0.364,0.000,-0.005
93.600,-4.742,39.599,-0.102,-0.000,2.600,-0.364,0.000,-0.005
93.650,-4.742,39.599,-0.102,-0.000,2.600,-0.364,0.000,-0.005
93.700,-4.742,39.599,-0.102,0.000,2.600,-0.364,0.000,-0.005
93.750,-4.742,39.599,-0.102,0.000,2.600,-0.364,0.000,-0.005
93.800,-4.742,39.600,-0.102,0.000,2.600,-0.364,0.000,-0.005
93.850,-4.742,39.600,-0.103,0.000,2.600,-0.364,0.000,-0.005
93.900,-4.742,39.600,-0.103,0.000,2.600,-0.364,0.000,-0.005
93.950,-4.742,39.600,-0.103,-0.000,2.600,-0.364,0.000,-0.005
94.000,-4.742,39.600,-0.102,0.000,2.600,-0.364,0.000,-0.005
94.050,-4.742,39.600,-0.102,-0.000,2.600,-0.364,0.000,-0.005
94.100,-4.742,39.600,-0.102,0.000,2.600,-0.364,0.000,-0.005
94.150,-4.742,39.600,-0.102,0.000,2.600,-0.364,0.000,-0.005
94.200,-4.742,39.600,-0.102,-0.000,2.600,-0.365,0.000,-0.005
94.250,-4.742,39.600,-0.102,0.000,2.600,-0.365,0.000,-0.005
94.300,-4.742,39.600,-0.102,0.000,2.600,-0.365,0.000,-0.005
94.350,-4.742,39.600,-0.103,-0.000,2.600,-0.365,0.000,-0.005
94.400,-4.742,39.600,-0.102,-0.000,2.600,-0.365,0.000,-0.005
94.450,-4.742,39.600,-0.102,-0.000,2.600,-0.365,0.000,-0.005
94.500,-4.742,39.600,-0.101,-0.000,2.600,-0.365,0.000,-0.005
94.550,-4.742,39.600,-0.101,0.000,2.600,-0.365,0.000,-0.005
94.600,-4.742,39.600,-0.102,-0.000,2.600,-0.365,0.000,-0.005
94.650,-4.742,39.600,-0.101,-0.000,2.600,-0.365,0.000,-0.005
94.700,-4.742,39.600,-0.102,0.000,2.600,-0.365,0.000,-0.005
94.750,-4.741,39.600,-0.102,-0.000,2.600,-0.365,0.000,-0.005
94.800,-4.741,39.600,-0.102,-0.000,2.600,-0.365,0.000,-0.005
94.850,-4.741,39.600,-0.102,0.000,2.600,-0.365,0.000,-0.005
94.900,-4.741,39.600,-0.101,0.000,2.600,-0.365,0.000,-0.005
94.950,-4.741,39.600,-0.102,0.000,2.600,-0.365,0.000,-0.005
95.000,-4.741,39.600,-0.101,-0.000,2.600,-0.365,0.000,-0.005
95.050,-4.741,39.600,-0.102,-0.000,2.600,-0.365,0.000,-0.005
95.100,-4.741,39.600,-0.102,-0.000,2.600,-0.365,0.000,-0.005
95.150,-4.742,39.600,-0.102,0.000,2.600,-0.365,0.000,-0.005
95.200,-4.742,39.600,-0.102,0.000,2.600,-0.365,0.000,-0.005
95.250,-4.741,39.600,-0.102,0.000,2.600,-0.365,0.000,-0.005
95.300,-4.741,39.600,-0.103,0.000,2.600,-0.365,0.000,-0.005
95.350,-4.741,39.600,-0.103,0.000,2.600,-0.365,0.000,-0.005
95.400,-4.741,39.600,-0.102,0.000,2.600,-0.365,0.000,-0.005
95.450,-4.741,39.600,-0.103,0.000,2.600,-0.365,0.000,-0.005
95.500,-4.741,39.600,-0.101,0.000,2.600,-0.365,0.000,-0.005
95.550,-4.741,39.600,-0.101,0.000,2.600,-0.365,0.000,-0.005
95.600,-4.741,39.600,-0.104,0.000,2.600,-0.365,0.000,-0.005
95.650,-4.741,39.600,-0.102,0.000,2.600,-0.365,0.000,-0.005
95.700,-4.741,39.600,-0.104,0.000,2.600,-0.365,0.000,-0.005
95.750,-4.741,39.600,-0.102,-0.000,2.600,-0.365,0.000,-0.005
95.800,-4.741,39.600,-0.102,0.000,2.600,-0.365,0.000,-0.005
95.850,-4.741,39.600,-0.102,0.000,2.600,-0.365,0.000,-0.005
95.900,-4.741,39.600,-0.103,0.000,2.600,-0.365,0.000,-0.005
95.950,-4.741,39.600,-0.102,0.000,2.600,-0.365,0.000,-0.005
96.000,-4.741,39.600,-0.102,0.000,2.600,-0.365,0.000,-0.005
96.050,-4.741,39.600,-0.101,-0.000,2.600,-0.365,0.000,-0.005
96.100,-4.742,39.600,-0.101,-0.000,2.600,-0.365,0.000,-0.005
96.150,-4.742,39.600,-0.101,-0.000,2.600,-0.365,0.000,-0.005
96.200,-4.742,39.601,-0.101,0.000,2.600,-0.365,0.000,-0.005
96.250,-4.742,39.601,-0.102,-0.000,2.600,-0.365,0.000,-0.005
96.300,-4.742,39.601,-0.102,0.000,2.600,-0.365,0.000,-0.005
96.350,-4.742,39.601,-0.101,0.000,2.600,-0.365,0.000,-0.005
96.400,-4.742,39.601,-0.101,-0.000,2.600,-0.365,0.000,-0.005
96.450,-4.742,39.601,-0.102,-0.000,2.600,-0.365,0.000,-0.005
96.500,-4.742,39.601,-0.101,-0.000,2.600,-0.365,0.000,-0.005
96.550,-4.742,39.601,-0.101,-0.000,2.600,-0.366,0.000,-0.005
96.600,-4.742,39.601,-0.101,-0.000,2.600,-0.366,0.000,-0.005
96.650,-4.742,39.601,-0.100,-0.000,2.600,-0.366,0.000,-0.005
96.700,-4.742,39.601,-0.101,-0.000,2.600,-0.366,0.000,-0.005
96.750,-4.742,39.601,-0.102,-0.000,2.600,-0.366,0.000,-0.005
96.800,-4.742,39.601,-0.101,-0.000,2.600,-0.366,0.000,-0.005
96.850,-4.742,39.601,-0.102,-0.000,2.600,-0.366,0.000,-0.005
96.900,-4.742,39.601,-0.102,-0.000,2.600,-0.366,0.000,-0.005
96.950,-4.742,39.601,-0.102,-0.000,2.600,-0.366,0.000,-0.005
97.000,-4.742,39.601,-0.101,-0.000,2.600,-0.366,0.000,-0.005
97.050,-4.742,39.601,-0.101,0.000,2.600,-0.366,0.000,-0.005
97.100,-4.742,39.601,-0.101,-0.000,2.600,-0.366,0.000,-0.005
97.150,-4.742,39.601,-0.101,-0.000,2.600,-0.366,0.000,-0.005
97.200,-4.742,39.601,-0.102,-0.000,2.600,-0.366,0.000,-0.005
97.250,-4.742,39.601,-0.101,-0.000,2.600,-0.366,0.000,-0.005
97.300,-4.742,39.601,-0.100,-0.000,2.600,-0.366,0.000,-0.005
97.350,-4.742,39.601,-0.101,-0.000,2.600,-0.366,0.000,-0.005
97.400,-4.742,39.601,-0.102,-0.000,2.600,-0.366,0.000,-0.005
97.450,-4.742,39.601,-0.102,-0.000,2.600,-0.366,0.000,-0.005
97.500,-4.742,39.601,-0.101,-0.000,2.600,-0.366,0.000,-0.005
97.550,-4.742,39.601,-0.102,-0.000,2.600,-0.366,0.000,-0.005
97.600,-4.742,39.601,-0.102,-0.000,2.600,-0.366,0.000,-0.005
97.650,-4.742,39.601,-0.102,-0.000,2.600,-0.366,0.000,-0.005
97.700,-4.742,39.601,-0.103,-0.000,2.600,-0.366,0.000,-0.005
97.750,-4.742,39.601,-0.101,-0.000,2.600,-0.366,0.000,-0.005
97.800,-4.742,39.601,-0.102,-0.000,2.600,-0.366,0.000,-0.005
97.850,-4.742,39.601,-0.102,-0.000,2.600,-0.366,0.000,-0.005
97.900,-4.742,39.601,-0.102,-0.000,2.600,-0.365,0.000,-0.005
97.950,-4.741,39.601,-0.102,0.000,2.600,-0.365,0.000,-0.005
98.000,-4.741,39.601,-0.103,-0.000,2.600,-0.365,0.000,-0.005
98.050,-4.741,39.601,-0.102,-0.000,2.600,-0.365,0.000,-0.005
98.100,-4.741,39.601,-0.102,-0.000,2.600,-0.365,0.000,-0.005
98.150,-4.741,39.601,-0.102,-0.000,2.600,-0.365,0.000,-0.005
98.200,-4.741,39.601,-0.103,0.000,2.600,-0.365,0.000,-0.005
98.250,-4.741,39.601,-0.102,-0.000,2.600,-0.365,0.000,-0.005
98.300,-4.741,39.601,-0.101,0.000,2.600,-0.365,0.000,-0.005
98.350,-4.741,39.601,-0.102,-0.000,2.600,-0.365,0.000,-0.005
98.400,-4.741,39.601,-0.101,-0.000,2.600,-0.366,0.000,-0.005
98.450,-4.741,39.601,-0.101,-0.000,2.600,-0.366,0.000,-0.005
98.501,-4.741,39.601,-0.101,-0.000,2.600,-0.366,0.000,-0.005
98.550,-4.741,39.601,-0.102,-0.000,2.600,-0.366,0.000,-0.005
98.600,-4.741,39.601,-0.101,0.000,2.600,-0.366,0.000,-0.005
98.650,-4.741,39.601,-0.101,-0.000,2.600,-0.366,0.000,-0.005
98.700,-4.741,39.601,-0.101,-0.000,2.600,-0.366,0.000,-0.005
98.750,-4.741,39.601,-0.102,-0.000,2.600,-0.366,0.000,-0.005
98.800,-4.741,39.601,-0.101,-0.000,2.600,-0.366,0.000,-0.005
98.850,-4.741,39.601,-0.102,-0.000,2.600,-0.366,0.000,-0.005
98.900,-4.741,39.601,-0.103,-0.000,2.600,-0.366,0.000,-0.005
98.950,-4.741,39.601,-0.101,0.000,2.600,-0.366,0.000,-0.005
99.000,-4.741,39.601,-0.102,-0.000,2.600,-0.366,0.000,-0.005
99.050,-4.741,39.601,-0.101,-0.000,2.600,-0.366,0.000,-0.005
99.100,-4.741,39.601,-0.101,-0.000,2.600,-0.366,0.000,-0.005
99.150,-4.741,39.601,-0.101,-0.000,2.600,-0.366,0.000,-0.005
99.200,-4.741,39.601,-0.102,-0.000,2.600,-0.366,0.000,-0.005
99.250,-4.741,39.601,-0.102,0.000,2.600,-0.366,0.000,-0.005
99.300,-4.742,39.601,-0.102,-0.000,2.600,-0.366,0.000,-0.005
99.350,-4.742,39.601,-0.102,-0.000,2.600,-0.366,0.000,-0.005
99.400,-4.742,39.601,-0.102,-0.000,2.600,-0.366,0.000,-0.005
99.450,-4.742,39.601,-0.101,0.000,2.600,-0.366,0.000,-0.005
99.500,-4.742,39.601,-0.101,-0.000,2.600,-0.366,0.000,-0.005
99.550,-4.742,39.602,-0.101,0.000,2.600,-0.366,0.000,-0.005
99.600,-4.742,39.602,-0.102,-0.000,2.600,-0.366,0.000,-0.005
99.650,-4.742,39.602,-0.101,-0.000,2.600,-0.366,0.000,-0.005
99.700,-4.742,39.602,-0.101,0.000,2.600,-0.366,0.000,-0.005
99.750,-4.742,39.602,-0.101,-0.000,2.600,-0.366,0.000,-0.005
99.800,-4.742,39.602,-0.102,-0.000,2.600,-0.366,0.000,-0.005
99.850,-4.742,39.602,-0.101,-0.000,2.600,-0.366,0.000,-0.005
99.900,-4.742,39.602,-0.102,0.000,2.600,-0.366,0.000,-0.005
99.950,-4.742,39.602,-0.102,0.000,2.600,-0.366,0.000,-0.005
100.000,-4.742,39.602,-0.102,0.000,2.600,-0.366,0.000,-0.005
100.050,-4.742,39.602,-0.101,0.000,2.600,-0.366,0.000,-0.005
100.100,-4.742,39.602,-0.101,0.000,2.600,-0.366,0.000,-0.005
100.150,-4.742,39.602,-0.100,0.000,2.600,-0.366,0.000,-0.005
100.200,-4.742,39.602,-0.101,-0.000,2.600,-0.366,0.000,-0.005
100.250,-4.742,39.602,-0.101,0.000,2.600,-0.366,0.000,-0.005
100.300,-4.742,39.602,-0.102,-0.000,2.600,-0.366,0.000,-0.005
100.350,-4.742,39.602,-0.102,0.000,2.600,-0.367,0.000,-0.005
100.400,-4.742,39.602,-0.101,0.000,2.600,-0.367,0.000,-0.005
100.450,-4.742,39.602,-0.102,0.000,2.600,-0.366,0.000,-0.005
100.500,-4.742,39.602,-0.102,0.000,2.600,-0.366,0.000,-0.005
100.550,-4.742,39.602,-0.102,-0.000,2.600,-0.366,0.000,-0.005
100.600,-4.742,39.602,-0.102,0.000,2.600,-0.366,0.000,-0.005
100.650,-4.742,39.602,-0.102,-0.000,2.600,-0.366,0.000,-0.005
100.701,-4.742,39.602,-0.103,0.000,2.600,-0.366,0.000,-0.005
100.750,-4.742,39.602,-0.103,-0.000,2.600,-0.366,0.000,-0.005
100.800,-4.742,39.601,-0.102,-0.000,2.600,-0.366,0.000,-0.005
100.850,-4.742,39.601,-0.102,-0.000,2.600,-0.366,0.000,-0.005
100.900,-4.742,39.601,-0.102,-0.000,2.600,-0.366,0.000,-0.005
100.950,-4.742,39.601,-0.102,-0.000,2.600,-0.366,0.000,-0.005
101.000,-4.742,39.601,-0.102,-0.000,2.600,-0.366,0.000,-0.005
101.050,-4.742,39.601,-0.102,-0.000,2.600,-0.366,0.000,-0.005
101.100,-4.742,39.601,-0.102,-0.000,2.600,-0.366,0.000,-0.005
101.150,-4.742,39.601,-0.102,-0.000,2.600,-0.366,0.000,-0.005
101.200,-4.742,39.601,-0.102,-0.000,2.600,-0.366,0.000,-0.005
101.250,-4.742,39.601,-0.102,-0.000,2.600,-0.366,0.000,-0.005
101.300,-4.741,39.601,-0.102,-0.000,2.600,-0.366,0.000,-0.005
101.350,-4.741,39.601,-0.102,-0.000,2.600,-0.366,0.000,-0.005
101.400,-4.741,39.601,-0.102,-0.000,2.600,-0.366,0.000,-0.005
101.450,-4.741,39.601,-0.102,-0.000,2.600,-0.366,0.000,-0.005
101.500,-4.741,39.601,-0.102,0.000,2.600,-0.366,0.000,-0.005
101.550,-4.741,39.601,-0.102,-0.000,2.600,-0.366,0.000,-0.005
101.600,-4.741,39.601,-0.102,0.000,2.600,-0.366,0.000,-0.005
101.650,-4.741,39.601,-0.101,0.000,2.600,-0.366,0.000,-0.005
101.700,-4.741,39.601,-0.101,-0.000,2.600,-0.366,0.000,-0.005
101.750,-4.741,39.601,-0.101,0.000,2.600,-0.366,0.000,-0.005
101.800,-4.741,39.602,-0.102,-0.000,2.600,-0.366,0.000,-0.005
101.850,-4.741,39.602,-0.102,0.000,2.600,-0.366,0.000,-0.005
101.900,-4.741,39.602,-0.102,-0.000,2.600,-0.366,0.000,-0.005
101.950,-4.741,39.602,-0.101,0.000,2.600,-0.367,0.000,-0.005
102.000,-4.741,39.602,-0.101,0.000,2.600,-0.367,0.000,-0.005
102.050,-4.741,39.602,-0.101,-0.000,2.600,-0.367,0.000,-0.005
102.100,-4.741,39.602,-0.101,0.000,2.600,-0.367,0.000,-0.005
102.150,-4.741,39.602,-0.101,-0.000,2.600,-0.367,0.000,-0.005
102.200,-4.742,39.602,-0.101,-0.000,2.600,-0.367,0.000,-0.005
102.250,-4.742,39.602,-0.102,-0.000,2.600,-0.367,0.000,-0.005
102.300,-4.742,39.602,-0.102,-0.000,2.600,-0.367,0.000,-0.005
102.350,-4.742,39.602,-0.101,-0.000,2.600,-0.367,0.000,-0.005
102.400,-4.742,39.602,-0.102,-0.000,2.600,-0.367,0.000,-0.005
102.450,-4.742,39.602,-0.101,-0.000,2.600,-0.367,0.000,-0.005
102.500,-4.742,39.602,-0.103,-0.000,2.600,-0.367,0.000,-0.005
102.550,-4.742,39.602,-0.102,-0.000,2.600,-0.367,0.000,-0.005
102.600,-4.742,39.602,-0.101,-0.000,2.600,-0.367,0.000,-0.005
102.650,-4.742,39.602,-0.102,-0.000,2.600,-0.367,0.000,-0.005
102.700,-4.742,39.602,-0.101,-0.000,2.600,-0.366,0.000,-0.005
102.750,-4.742,39.602,-0.102,-0.000,2.600,-0.366,0.000,-0.005
102.800,-4.742,39.602,-0.101,-0.000,2.600,-0.366,0.000,-0.005
102.850,-4.742,39.602,-0.102,-0.000,2.600,-0.367,0.000,-0.005
102.900,-4.742,39.602,-0.102,0.000,2.600,-0.367,0.000,-0.005
102.950,-4.742,39.602,-0.101,0.000,2.600,-0.367,0.000,-0.005
103.000,-4.742,39.602,-0.102,-0.000,2.600,-0.367,0.000,-0.005
103.050,-4.742,39.602,-0.101,0.000,2.600,-0.367,0.000,-0.005
103.100,-4.742,39.602,-0.101,-0.000,2.600,-0.367,0.000,-0.005
103.150,-4.742,39.602,-0.102,-0.000,2.600,-0.367,0.000,-0.005
103.200,-4.742,39.602,-0.102,-0.000,2.600,-0.367,0.000,-0.005
103.250,-4.742,39.602,-0.102,-0.000,2.600,-0.367,0.000,-0.005
103.300,-4.742,39.602,-0.101,-0.000,2.600,-0.367,0.000,-0.005
103.350,-4.742,39.602,-0.101,0.000,2.600,-0.367,0.000,-0.005
103.400,-4.742,39.602,-0.102,-0.000,2.600,-0.367,0.000,-0.005
103.450,-4.742,39.602,-0.102,-0.000,2.600,-0.367,0.000,-0.005
103.500,-4.742,39.602,-0.102,0.000,2.600,-0.367,0.000,-0.005
103.550,-4.742,39.602,-0.101,0.000,2.600,-0.367,0.000,-0.005
103.600,-4.742,39.602,-0.101,0.000,2.600,-0.367,0.000,-0.005
103.650,-4.741,39.602,-0.102,0.000,2.600,-0.367,0.000,-0.005
103.700,-4.741,39.602,-0.102,-0.000,2.600,-0.367,0.000,-0.005
103.750,-4.741,39.602,-0.102,-0.000,2.600,-0.367,0.000,-0.005
103.800,-4.741,39.602,-0.102,-0.000,2.600,-0.367,0.000,-0.005
103.850,-4.741,39.602,-0.101,-0.000,2.600,-0.367,0.000,-0.005
103.900,-4.742,39.602,-0.102,-0.000,2.600,-0.367,0.000,-0.005
103.950,-4.742,39.602,-0.102,-0.000,2.600,-0.367,0.000,-0.005
104.000,-4.742,39.602,-0.102,-0.000,2.600,-0.367,0.000,-0.005
104.050,-4.742,39.602,-0.102,-0.000,2.600,-0.367,0.000,-0.005
104.100,-4.742,39.602,-0.103,0.000,2.600,-0.367,0.000,-0.005
104.150,-4.742,39.602,-0.102,-0.000,2.600,-0.367,0.000,-0.005
104.200,-4.742,39.602,-0.102,-0.000,2.600,-0.367,0.000,-0.005
104.250,-4.742,39.602,-0.102,-0.000,2.600,-0.367,0.000,-0.005
104.300,-4.742,39.602,-0.102,-0.000,2.600,-0.367,0.000,-0.005
104.350,-4.742,39.602,-0.101,-0.000,2.600,-0.367,0.000,-0.005
104.400,-4.742,39.602,-0.101,-0.000,2.600,-0.367,0.000,-0.005
104.450,-4.742,39.602,-0.102,-0.000,2.600,-0.367,0.000,-0.005
104.500,-4.742,39.602,-0.102,-0.000,2.600,-0.367,0.000,-0.005
104.550,-4.742,39.602,-0.101,-0.000,2.600,-0.367,0.000,-0.005
104.600,-4.742,39.602,-0.101,-0.000,2.600,-0.367,0.000,-0.005
104.650,-4.742,39.603,-0.101,-0.000,2.600,-0.367,0.000,-0.005
104.700,-4.742,39.603,-0.101,-0.000,2.600,-0.367,0.000,-0.005
104.750,-4.742,39.603,-0.101,-0.000,2.600,-0.367,0.000,-0.005
104.800,-4.742,39.603,-0.101,0.000,2.600,-0.367,0.000,-0.005
104.850,-4.742,39.603,-0.102,-0.000,2.600,-0.367,0.000,-0.005
104.900,-4.742,39.603,-0.102,-0.000,2.600,-0.367,0.000,-0.005
104.950,-4.742,39.603,-0.102,-0.000,2.600,-0.367,0.000,-0.005
105.000,-4.742,39.603,-0.102,-0.000,2.600,-0.367,0.000,-0.005
105.050,-4.742,39.603,-0.101,0.000,2.600,-0.367,0.000,-0.005
105.100,-4.742,39.603,-0.101,-0.000,2.600,-0.367,0.000,-0.005
105.150,-4.742,39.603,-0.101,-0.000,2.600,-0.367,0.000,-0.005
105.200,-4.742,39.603,-0.101,-0.000,2.600,-0.367,0.000,-0.005
105.250,-4.742,39.603,-0.101,-0.000,2.600,-0.367,0.000,-0.005
105.300,-4.742,39.603,-0.100,-0.000,2.600,-0.367,0.000,-0.005
105.350,-4.742,39.603,-0.101,-0.000,2.600,-0.368,0.000,-0.005
105.400,-4.742,39.603,-0.101,-0.000,2.600,-0.368,0.000,-0.005
105.450,-4.742,39.603,-0.101,-0.000,2.600,-0.368,0.000,-0.005
105.500,-4.742,39.603,-0.100,-0.000,2.600,-0.368,0.000,-0.005
105.550,-4.742,39.604,-0.101,0.000,2.600,-0.368,0.000,-0.005
105.600,-4.742,39.604,-0.101,-0.000,2.600,-0.368,0.000,-0.005
105.650,-4.742,39.603,-0.101,-0.000,2.600,-0.368,0.000,-0.005
105.700,-4.742,39.603,-0.101,-0.000,2.600,-0.368,0.000,-0.005
105.750,-4.742,39.603,-0.101,-0.000,2.600,-0.368,0.000,-0.005
105.800,-4.742,39.603,-0.102,-0.000,2.600,-0.368,0.000,-0.005
105.851,-4.742,39.603,-0.102,0.000,2.600,-0.368,0.000,-0.005
105.900,-4.742,39.603,-0.101,-0.000,2.600,-0.367,0.000,-0.005
105.950,-4.742,39.603,-0.101,-0.000,2.600,-0.367,0.000,-0.005
106.000,-4.742,39.603,-0.101,-0.000,2.600,-0.367,0.000,-0.005
106.050,-4.742,39.603,-0.101,-0.000,2.600,-0.367,0.000,-0.005
106.100,-4.742,39.603,-0.101,-0.000,2.600,-0.367,0.000,-0.005
106.150,-4.742,39.603,-0.102,-0.000,2.600,-0.367,0.000,-0.005
106.200,-4.742,39.603,-0.101,-0.000,2.600,-0.367,0.000,-0.005
106.250,-4.742,39.603,-0.101,-0.000,2.600,-0.368,0.000,-0.005
106.300,-4.742,39.603,-0.101,-0.000,2.600,-0.368,0.000,-0.005
106.350,-4.742,39.603,-0.101,-0.000,2.600,-0.368,0.000,-0.005
106.400,-4.742,39.603,-0.101,-0.000,2.600,-0.368,0.000,-0.005
106.450,-4.742,39.603,-0.101,-0.000,2.600,-0.368,0.000,-0.005
106.500,-4.742,39.603,-0.102,-0.000,2.600,-0.368,0.000,-0.005
106.550,-4.742,39.603,-0.102,-0.000,2.600,-0.368,0.000,-0.005
106.600,-4.742,39.603,-0.102,-0.000,2.600,-0.368,0.000,-0.005
106.650,-4.742,39.603,-0.101,0.000,2.600,-0.368,0.000,-0.005
106.700,-4.742,39.603,-0.102,0.000,2.600,-0.368,0.000,-0.005
106.750,-4.742,39.603,-0.102,0.000,2.600,-0.368,0.000,-0.005
106.800,-4.742,39.603,-0.102,0.000,2.600,-0.368,0.000,-0.005
106.850,-4.742,39.603,-0.102,0.000,2.600,-0.367,0.000,-0.005
106.900,-4.742,39.603,-0.101,0.000,2.600,-0.367,0.000,-0.005
106.950,-4.742,39.603,-0.101,0.000,2.600,-0.367,0.000,-0.005
107.000,-4.742,39.603,-0.101,0.000,2.600,-0.368,0.000,-0.005
107.050,-4.742,39.603,-0.099,0.000,2.600,-0.368,0.000,-0.005
107.100,-4.742,39.603,-0.101,0.000,2.600,-0.368,0.000,-0.005
107.150,-4.742,39.604,-0.099,0.000,2.600,-0.368,0.000,-0.005
107.200,-4.742,39.604,-0.099,0.000,2.600,-0.368,0.000,-0.005
107.250,-4.742,39.604,-0.101,0.000,2.600,-0.368,0.000,-0.005
107.300,-4.742,39.604,-0.099,0.000,2.600,-0.369,0.000,-0.005
107.350,-4.742,39.604,-0.101,0.000,2.600,-0.369,0.000,-0.005
107.400,-4.742,39.605,-0.099,0.000,2.600,-0.369,0.000,-0.005
107.450,-4.742,39.605,-0.099,0.000,2.600,-0.369,0.000,-0.005
107.501,-4.742,39.605,-0.098,0.000,2.600,-0.369,0.000,-0.005
107.550,-4.743,39.605,-0.101,-0.000,2.600,-0.369,0.000,-0.005
107.600,-4.743,39.605,-0.098,-0.000,2.600,-0.369,0.000,-0.005
107.650,-4.743,39.605,-0.100,0.000,2.600,-0.369,0.000,-0.005
107.700,-4.742,39.605,-0.101,-0.000,2.600,-0.369,0.000,-0.005
107.750,-4.742,39.605,-0.099,-0.000,2.600,-0.369,0.000,-0.005
107.800,-4.742,39.605,-0.100,0.000,2.600,-0.369,0.000,-0.005
107.850,-4.742,39.605,-0.100,0.000,2.600,-0.369,0.000,-0.005
107.900,-4.742,39.605,-0.099,-0.000,2.600,-0.369,0.000,-0.005
107.950,-4.742,39.605,-0.098,-0.000,2.600,-0.369,0.000,-0.005
108.000,-4.742,39.605,-0.098,-0.000,2.600,-0.369,0.000,-0.005
108.050,-4.742,39.605,-0.098,0.000,2.600,-0.369,0.000,-0.005
108.100,-4.742,39.605,-0.098,0.000,2.600,-0.370,0.000,-0.005
108.150,-4.742,39.605,-0.098,-0.000,2.600,-0.370,0.000,-0.005
108.200,-4.742,39.606,-0.098,-0.000,2.600,-0.370,0.000,-0.005
108.250,-4.742,39.606,-0.098,-0.000,2.600,-0.370,0.000,-0.005
108.300,-4.742,39.606,-0.098,-0.000,2.600,-0.370,0.000,-0.005
108.350,-4.742,39.606,-0.098,0.000,2.600,-0.370,0.000,-0.005
108.400,-4.742,39.606,-0.098,-0.000,2.600,-0.370,0.000,-0.005
108.450,-4.742,39.606,-0.098,-0.000,2.600,-0.370,0.000,-0.005
108.500,-4.742,39.606,-0.098,-0.000,2.600,-0.370,0.000,-0.005
108.550,-4.742,39.606,-0.098,0.000,2.600,-0.370,0.000,-0.005
108.600,-4.742,39.606,-0.098,-0.000,2.600,-0.370,0.000,-0.005
108.650,-4.742,39.606,-0.098,-0.000,2.600,-0.370,0.000,-0.005
108.700,-4.742,39.606,-0.098,-0.000,2.600,-0.370,0.000,-0.005
108.750,-4.742,39.606,-0.098,-0.000,2.600,-0.370,0.000,-0.005
108.800,-4.742,39.606,-0.098,0.000,2.600,-0.370,0.000,-0.005
108.850,-4.742,39.606,-0.098,-0.000,2.600,-0.370,0.000,-0.005
108.900,-4.742,39.606,-0.098,0.000,2.600,-0.370,0.000,-0.005
108.950,-4.742,39.606,-0.098,0.000,2.600,-0.370,0.000,-0.005
109.000,-4.742,39.606,-0.098,0.000,2.600,-0.370,0.000,-0.005
109.050,-4.742,39.606,-0.098,-0.000,2.600,-0.370,0.000,-0.005
109.100,-4.742,39.606,-0.098,0.000,2.600,-0.370,0.000,-0.005
109.150,-4.742,39.606,-0.098,-0.000,2.600,-0.370,0.000,-0.005
109.200,-4.742,39.606,-0.098,0.000,2.600,-0.370,0.000,-0.005
109.250,-4.742,39.606,-0.098,-0.000,2.600,-0.370,0.000,-0.005
109.300,-4.742,39.606,-0.098,-0.000,2.600,-0.370,0.000,-0.005
109.350,-4.742,39.606,-0.098,0.000,2.600,-0.370,0.000,-0.005
109.400,-4.742,39.606,-0.098,-0.000,2.600,-0.370,0.000,-0.005
109.450,-4.742,39.606,-0.098,-0.000,2.600,-0.370,0.000,-0.005
