timestamp_ns,time_s,cbf_qp_h,cbf_qp_h_ddot,cbf_qp_h_dot,cbf_qp_rhs,heading_error_rad,lateral_error_px,marker_seen,marker_x_px,marker_y_px,raw_track_speed_pps,roll_pwm,target_speed_pps,throttle_pwm,track_speed_pps
1781701464342643292,0.0,0.0,0.0,0.0,0.0,-3.141592653589793,-37.5,1.0,174.75,556.5,0.0,1850.0,0.0,1585.0,0.0
1781701464342701963,5.8671e-05,0.0,0.0,0.0,0.0,-3.141592653589793,-37.5,1.0,174.75,556.5,0.0,1850.0,0.0,1585.0,0.0
1781701464342709677,6.6385e-05,0.0,0.0,0.0,0.0,-3.141592653589793,-37.5,1.0,174.75,556.5,0.0,1850.0,0.0,1585.0,0.0
1781701464342715148,7.1856e-05,0.0,0.0,0.0,0.0,-3.141592653589793,-37.5,1.0,174.75,556.5,0.0,1850.0,0.0,1585.0,0.0
1781701464342728763,8.5471e-05,0.0,0.0,0.0,0.0,-3.141592653589793,-37.5,1.0,174.75,556.5,0.0,1850.0,0.0,1585.0,0.0
1781701464342732250,8.8958e-05,0.0,0.0,0.0,0.0,-3.141592653589793,-37.5,1.0,174.75,556.5,0.0,1850.0,0.0,1585.0,0.0
1781701464342734685,9.1393e-05,0.0,0.0,0.0,0.0,-3.141592653589793,-37.5,1.0,174.75,556.5,0.0,1850.0,0.0,1585.0,0.0
1781701464342737460,9.4168e-05,0.0,0.0,0.0,0.0,-3.141592653589793,-37.5,1.0,174.75,556.5,0.0,1850.0,0.0,1585.0,0.0
1781701464342739904,9.6612e-05,0.0,0.0,0.0,0.0,-3.141592653589793,-37.5,1.0,174.75,556.5,0.0,1850.0,0.0,1585.0,0.0
1781701464342748601,0.000105309,0.0,0.0,0.0,0.0,-3.141592653589793,-37.5,1.0,174.75,556.5,0.0,1850.0,0.0,1585.0,0.0
1781701464342800619,0.000157327,0.0,0.0,0.0,0.0,-3.141592653589793,-37.5,1.0,174.75,556.5,0.0,1850.0,0.0,1585.0,0.0
1781701464342814566,0.000171274,0.0,0.0,0.0,0.0,-3.141592653589793,-37.5,1.0,174.75,556.5,0.0,1850.0,0.0,1585.0,0.0
1781701464342826819,0.000183527,0.0,0.0,0.0,0.0,-3.141592653589793,-37.5,1.0,174.75,556.5,0.0,1850.0,0.0,1585.0,0.0
1781701464342862436,0.000219144,0.0,0.0,0.0,0.0,-3.141592653589793,-37.5,1.0,174.75,556.5,0.0,1850.0,0.0,1585.0,0.0
1781701464447765473,0.105122181,0.0,0.0,0.0,0.0,-3.141592653589793,-37.5,1.0,174.75,556.5,0.0,1850.0,0.0,1585.0,0.0
1781701464447826398,0.105183106,0.0,0.0,0.0,0.0,-3.141592653589793,-37.5,1.0,174.75,556.5,0.0,1850.0,0.0,1585.0,0.0
1781701464447834524,0.105191232,0.0,0.0,0.0,0.0,-3.141592653589793,-37.5,1.0,174.75,556.5,0.0,1850.0,0.0,1585.0,0.0
1781701464447840415,0.105197123,0.0,0.0,0.0,0.0,-3.141592653589793,-37.5,1.0,174.75,556.5,0.0,1850.0,0.0,1585.0,0.0
1781701464447843661,0.105200369,0.0,0.0,0.0,0.0,-3.141592653589793,-37.5,1.0,174.75,556.5,0.0,1850.0,0.0,1585.0,0.0
1781701464447847007,0.105203715,0.0,0.0,0.0,0.0,-3.141592653589793,-37.5,1.0,174.75,556.5,0.0,1850.0,0.0,1585.0,0.0
1781701464447859902,0.10521661,0.0,0.0,0.0,0.0,-3.141592653589793,-37.5,1.0,174.75,556.5,0.0,1850.0,0.0,1585.0,0.0
1781701464447879990,0.105236698,0.0,0.0,0.0,0.0,-3.141592653589793,-37.5,1.0,174.75,556.5,0.0,1850.0,0.0,1585.0,0.0
1781701464447899356,0.105256064,0.0,0.0,0.0,0.0,-3.141592653589793,-37.5,1.0,174.75,556.5,0.0,1850.0,0.0,1585.0,0.0
1781701464447912361,0.105269069,0.0,0.0,0.0,0.0,-3.141592653589793,-37.5,1.0,174.75,556.5,0.0,1850.0,0.0,1585.0,0.0
1781701464448017129,0.105373837,0.0,0.0,0.0,0.0,-3.141592653589793,-37.5,1.0,174.75,556.5,0.0,1850.0,0.0,1585.0,0.0
1781701464448033039,0.105389747,0.0,0.0,0.0,0.0,-3.141592653589793,-37.5,1.0,174.75,556.5,0.0,1850.0,0.0,1585.0,0.0
1781701464448042306,0.105399014,0.0,0.0,0.0,0.0,-3.141592653589793,-37.5,1.0,174.75,556.5,0.0,1850.0,0.0,1585.0,0.0
1781701464448091369,0.105448077,0.0,0.0,0.0,0.0,-3.141592653589793,-37.5,1.0,174.75,556.5,0.0,1850.0,0.0,1585.0,0.0
1781701464481977705,0.139334413,0.0,0.0,0.0,0.0,-3.141592653589793,-37.5,1.0,174.75,556.5,0.0,1850.0,0.0,1585.0,0.0
1781701464482032359,0.139389067,0.0,0.0,0.0,0.0,-3.141592653589793,-37.5,1.0,174.75,556.5,0.0,1850.0,0.0,1585.0,0.0
1781701464482037178,0.139393886,0.0,0.0,0.0,0.0,-3.141592653589793,-37.5,1.0,174.75,556.5,0.0,1850.0,0.0,1585.0,0.0
1781701464482040434,0.139397142,0.0,0.0,0.0,0.0,-3.141592653589793,-37.5,1.0,174.75,556.5,0.0,1850.0,0.0,1585.0,0.0
1781701464482044992,0.1394017,0.0,0.0,0.0,0.0,-3.141592653589793,-37.5,1.0,174.75,556.5,0.0,1850.0,0.0,1585.0,0.0
1781701464482050924,0.139407632,0.0,0.0,0.0,0.0,-3.141592653589793,-37.5,1.0,174.75,556.5,0.0,1850.0,0.0,1585.0,0.0
1781701464482057696,0.139414404,0.0,0.0,0.0,0.0,-3.141592653589793,-37.5,1.0,174.75,556.5,0.0,1850.0,0.0,1585.0,0.0
1781701464482065922,0.13942263,0.0,0.0,0.0,0.0,-3.141592653589793,-37.5,1.0,174.75,556.5,0.0,1850.0,0.0,1585.0,0.0
1781701464482092452,0.13944916,0.0,0.0,0.0,0.0,-3.141592653589793,-37.5,1.0,174.75,556.5,0.0,1850.0,0.0,1585.0,0.0
1781701464482115556,0.139472264,0.0,0.0,0.0,0.0,-3.141592653589793,-37.5,1.0,174.75,556.5,0.0,1850.0,0.0,1585.0,0.0
1781701464482208411,0.139565119,0.0,0.0,0.0,0.0,-3.141592653589793,-37.5,1.0,174.75,556.5,0.0,1850.0,0.0,1585.0,0.0
1781701464482234581,0.139591289,0.0,0.0,0.0,0.0,-3.141592653589793,-37.5,1.0,174.75,556.5,0.0,1850.0,0.0,1585.0,0.0
1781701464482253987,0.139610695,0.0,0.0,0.0,0.0,-3.141592653589793,-37.5,1.0,174.75,556.5,0.0,1850.0,0.0,1585.0,0.0
1781701464482317086,0.139673794,0.0,0.0,0.0,0.0,-3.141592653589793,-37.5,1.0,174.75,556.5,0.0,1850.0,0.0,1585.0,0.0
1781701464564634657,0.221991365,0.0,0.0,0.0,0.0,-3.141592653589793,-37.5,1.0,174.75,556.5,0.0,1850.0,0.0,1585.0,0.0
1781701464564697345,0.222054053,0.0,0.0,0.0,0.0,-3.141592653589793,-37.5,1.0,174.75,556.5,0.0,1850.0,0.0,1585.0,0.0
1781701464564704769,0.222061477,0.0,0.0,0.0,0.0,-3.141592653589793,-37.5,1.0,174.75,556.5,0.0,1850.0,0.0,1585.0,0.0
1781701464564709187,0.222065895,0.0,0.0,0.0,0.0,-3.141592653589793,-37.5,1.0,174.75,556.5,0.0,1850.0,0.0,1585.0,0.0
1781701464564714387,0.222071095,0.0,0.0,0.0,0.0,-3.141592653589793,-37.5,1.0,174.75,556.5,0.0,1850.0,0.0,1585.0,0.0
1781701464564719988,0.222076696,0.0,0.0,0.0,0.0,-3.141592653589793,-37.5,1.0,174.75,556.5,0.0,1850.0,0.0,1585.0,0.0
1781701464564724266,0.222080974,0.0,0.0,0.0,0.0,-3.141592653589793,-37.5,1.0,174.75,556.5,0.0,1850.0,0.0,1585.0,0.0
1781701464564728083,0.222084791,0.0,0.0,0.0,0.0,-3.141592653589793,-37.5,1.0,174.75,556.5,0.0,1850.0,0.0,1585.0,0.0
1781701464564740697,0.222097405,0.0,0.0,0.0,0.0,-3.141592653589793,-37.5,1.0,174.75,556.5,0.0,1850.0,0.0,1585.0,0.0
1781701464564746578,0.222103286,0.0,0.0,0.0,0.0,-3.141592653589793,-37.5,1.0,174.75,556.5,0.0,1850.0,0.0,1585.0,0.0
1781701464564801171,0.222157879,0.0,0.0,0.0,0.0,-3.141592653589793,-37.5,1.0,174.75,556.5,0.0,1850.0,0.0,1585.0,0.0
1781701464564812703,0.222169411,0.0,0.0,0.0,0.0,-3.141592653589793,-37.5,1.0,174.75,556.5,0.0,1850.0,0.0,1585.0,0.0
1781701464564823123,0.222179831,0.0,0.0,0.0,0.0,-3.141592653589793,-37.5,1.0,174.75,556.5,0.0,1850.0,0.0,1585.0,0.0
1781701464564854762,0.22221147,0.0,0.0,0.0,0.0,-3.141592653589793,-37.5,1.0,174.75,556.5,0.0,1850.0,0.0,1585.0,0.0
1781701464601610309,0.258967017,0.0,0.0,0.0,0.0,-3.141592653589793,-37.5,1.0,174.75,556.5,0.0,1850.0,0.0,1585.0,0.0
1781701464601657077,0.259013785,0.0,0.0,0.0,0.0,-3.141592653589793,-37.5,1.0,174.75,556.5,0.0,1850.0,0.0,1585.0,0.0
1781701464601661857,0.259018565,0.0,0.0,0.0,0.0,-3.141592653589793,-37.5,1.0,174.75,556.5,0.0,1850.0,0.0,1585.0,0.0
1781701464601665063,0.259021771,0.0,0.0,0.0,0.0,-3.141592653589793,-37.5,1.0,174.75,556.5,0.0,1850.0,0.0,1585.0,0.0
1781701464601669210,0.259025918,0.0,0.0,0.0,0.0,-3.141592653589793,-37.5,1.0,174.75,556.5,0.0,1850.0,0.0,1585.0,0.0
1781701464601674691,0.259031399,0.0,0.0,0.0,0.0,-3.141592653589793,-37.5,1.0,174.75,556.5,0.0,1850.0,0.0,1585.0,0.0
1781701464601677556,0.259034264,0.0,0.0,0.0,0.0,-3.141592653589793,-37.5,1.0,174.75,556.5,0.0,1850.0,0.0,1585.0,0.0
1781701464601680021,0.259036729,0.0,0.0,0.0,0.0,-3.141592653589793,-37.5,1.0,174.75,556.5,0.0,1850.0,0.0,1585.0,0.0
1781701464601687605,0.259044313,0.0,0.0,0.0,0.0,-3.141592653589793,-37.5,1.0,174.75,556.5,0.0,1850.0,0.0,1585.0,0.0
1781701464601690491,0.259047199,0.0,0.0,0.0,0.0,-3.141592653589793,-37.5,1.0,174.75,556.5,0.0,1850.0,0.0,1585.0,0.0
1781701464601739463,0.259096171,0.0,0.0,0.0,0.0,-3.141592653589793,-37.5,1.0,174.75,556.5,0.0,1850.0,0.0,1585.0,0.0
1781701464601747118,0.259103826,0.0,0.0,0.0,0.0,-3.141592653589793,-37.5,1.0,174.75,556.5,0.0,1850.0,0.0,1585.0,0.0
1781701464601762968,0.259119676,0.0,0.0,0.0,0.0,-3.141592653589793,-37.5,1.0,174.75,556.5,0.0,1850.0,0.0,1585.0,0.0
1781701464601808303,0.259165011,0.0,0.0,0.0,0.0,-3.141592653589793,-37.5,1.0,174.75,556.5,0.0,1850.0,0.0,1585.0,0.0
1781701464641683253,0.299039961,0.0,0.0,0.0,0.0,-3.141592653589793,-37.5,1.0,174.75,556.5,0.0,1850.0,0.0,1585.0,0.0
1781701464641728448,0.299085156,0.0,0.0,0.0,0.0,-3.141592653589793,-37.5,1.0,174.75,556.5,0.0,1850.0,0.0,1585.0,0.0
1781701464641732245,0.299088953,0.0,0.0,0.0,0.0,-3.141592653589793,-37.5,1.0,174.75,556.5,0.0,1850.0,0.0,1585.0,0.0
1781701464641737105,0.299093813,0.0,0.0,0.0,0.0,-3.141592653589793,-37.5,1.0,174.75,556.5,0.0,1850.0,0.0,1585.0,0.0
1781701464641739850,0.299096558,0.0,0.0,0.0,0.0,-3.141592653589793,-37.5,1.0,174.75,556.5,0.0,1850.0,0.0,1585.0,0.0
1781701464641743767,0.299100475,0.0,0.0,0.0,0.0,-3.141592653589793,-37.5,1.0,174.75,556.5,0.0,1850.0,0.0,1585.0,0.0
1781701464641759016,0.299115724,0.0,0.0,0.0,0.0,-3.141592653589793,-37.5,1.0,174.75,556.5,0.0,1850.0,0.0,1585.0,0.0
1781701464641764146,0.299120854,0.0,0.0,0.0,0.0,-3.141592653589793,-37.5,1.0,174.75,556.5,0.0,1850.0,0.0,1585.0,0.0
1781701464641773864,0.299130572,0.0,0.0,0.0,0.0,-3.141592653589793,-37.5,1.0,174.75,556.5,0.0,1850.0,0.0,1585.0,0.0
1781701464641784805,0.299141513,0.0,0.0,0.0,0.0,-3.141592653589793,-37.5,1.0,174.75,556.5,0.0,1850.0,0.0,1585.0,0.0
1781701464641842193,0.299198901,0.0,0.0,0.0,0.0,-3.141592653589793,-37.5,1.0,174.75,556.5,0.0,1850.0,0.0,1585.0,0.0
1781701464641851601,0.299208309,0.0,0.0,0.0,0.0,-3.141592653589793,-37.5,1.0,174.75,556.5,0.0,1850.0,0.0,1585.0,0.0
1781701464641888421,0.299245129,0.0,0.0,0.0,0.0,-3.141592653589793,-37.5,1.0,174.75,556.5,0.0,1850.0,0.0,1585.0,0.0
1781701464641923346,0.299280054,0.0,0.0,0.0,0.0,-3.141592653589793,-37.5,1.0,174.75,556.5,0.0,1850.0,0.0,1585.0,0.0
1781701464669406737,0.326763445,0.0,0.0,0.0,0.0,-3.141592653589793,-37.5,1.0,174.75,556.5,0.0,1850.0,0.0,1585.0,0.0
1781701464669445590,0.326802298,0.0,0.0,0.0,0.0,-3.141592653589793,-37.5,1.0,174.75,556.5,0.0,1850.0,0.0,1585.0,0.0
1781701464669450239,0.326806947,0.0,0.0,0.0,0.0,-3.141592653589793,-37.5,1.0,174.75,556.5,0.0,1850.0,0.0,1585.0,0.0
1781701464669453715,0.326810423,0.0,0.0,0.0,0.0,-3.141592653589793,-37.5,1.0,174.75,556.5,0.0,1850.0,0.0,1585.0,0.0
1781701464669456631,0.326813339,0.0,0.0,0.0,0.0,-3.141592653589793,-37.5,1.0,174.75,556.5,0.0,1850.0,0.0,1585.0,0.0
1781701464669459516,0.326816224,0.0,0.0,0.0,0.0,-3.141592653589793,-37.5,1.0,174.75,556.5,0.0,1850.0,0.0,1585.0,0.0
1781701464669468674,0.326825382,0.0,0.0,0.0,0.0,-3.141592653589793,-37.5,1.0,174.75,556.5,0.0,1850.0,0.0,1585.0,0.0
1781701464669472361,0.326829069,0.0,0.0,0.0,0.0,-3.141592653589793,-37.5,1.0,174.75,556.5,0.0,1850.0,0.0,1585.0,0.0
1781701464669480286,0.326836994,0.0,0.0,0.0,0.0,-3.141592653589793,-37.5,1.0,174.75,556.5,0.0,1850.0,0.0,1585.0,0.0
1781701464669493270,0.326849978,0.0,0.0,0.0,0.0,-3.141592653589793,-37.5,1.0,174.75,556.5,0.0,1850.0,0.0,1585.0,0.0
1781701464669550037,0.326906745,0.0,0.0,0.0,0.0,-3.141592653589793,-37.5,1.0,174.75,556.5,0.0,1850.0,0.0,1585.0,0.0
1781701464669562601,0.326919309,0.0,0.0,0.0,0.0,-3.141592653589793,-37.5,1.0,174.75,556.5,0.0,1850.0,0.0,1585.0,0.0
1781701464669576578,0.326933286,0.0,0.0,0.0,0.0,-3.141592653589793,-37.5,1.0,174.75,556.5,0.0,1850.0,0.0,1585.0,0.0
1781701464669617906,0.326974614,0.0,0.0,0.0,0.0,-3.141592653589793,-37.5,1.0,174.75,556.5,0.0,1850.0,0.0,1585.0,0.0
1781701464718244769,0.375601477,0.0,0.0,0.0,0.0,-3.141592653589793,-37.5,1.0,174.75,556.5,0.0,1850.0,0.0,1585.0,0.0
1781701464718306035,0.375662743,0.0,0.0,0.0,0.0,-3.141592653589793,-37.5,1.0,174.75,556.5,0.0,1850.0,0.0,1585.0,0.0
1781701464718312928,0.375669636,0.0,0.0,0.0,0.0,-3.141592653589793,-37.5,1.0,174.75,556.5,0.0,1850.0,0.0,1585.0,0.0
1781701464718317777,0.375674485,0.0,0.0,0.0,0.0,-3.141592653589793,-37.5,1.0,174.75,556.5,0.0,1850.0,0.0,1585.0,0.0
1781701464718324540,0.375681248,0.0,0.0,0.0,0.0,-3.141592653589793,-37.5,1.0,174.75,556.5,0.0,1850.0,0.0,1585.0,0.0
1781701464718330261,0.375686969,0.0,0.0,0.0,0.0,-3.141592653589793,-37.5,1.0,174.75,556.5,0.0,1850.0,0.0,1585.0,0.0
1781701464718336192,0.3756929,0.0,0.0,0.0,0.0,-3.141592653589793,-37.5,1.0,174.75,556.5,0.0,1850.0,0.0,1585.0,0.0
1781701464718347002,0.37570371,0.0,0.0,0.0,0.0,-3.141592653589793,-37.5,1.0,174.75,556.5,0.0,1850.0,0.0,1585.0,0.0
1781701464718351771,0.375708479,0.0,0.0,0.0,0.0,-3.141592653589793,-37.5,1.0,174.75,556.5,0.0,1850.0,0.0,1585.0,0.0
1781701464718362191,0.375718899,0.0,0.0,0.0,0.0,-3.141592653589793,-37.5,1.0,174.75,556.5,0.0,1850.0,0.0,1585.0,0.0
1781701464718450488,0.375807196,0.0,0.0,0.0,0.0,-3.141592653589793,-37.5,1.0,174.75,556.5,0.0,1850.0,0.0,1585.0,0.0
1781701464718466147,0.375822855,0.0,0.0,0.0,0.0,-3.141592653589793,-37.5,1.0,174.75,556.5,0.0,1850.0,0.0,1585.0,0.0
1781701464718476256,0.375832964,0.0,0.0,0.0,0.0,-3.141592653589793,-37.5,1.0,174.75,556.5,0.0,1850.0,0.0,1585.0,0.0
1781701464718525329,0.375882037,0.0,0.0,0.0,0.0,-3.141592653589793,-37.5,1.0,174.75,556.5,0.0,1850.0,0.0,1585.0,0.0
1781701464753313048,0.410669756,0.0,0.0,0.0,0.0,-3.141592653589793,-37.5,1.0,174.75,556.5,0.0,1850.0,0.0,1585.0,0.0
1781701464753388040,0.410744748,0.0,0.0,0.0,0.0,-3.141592653589793,-37.5,1.0,174.75,556.5,0.0,1850.0,0.0,1585.0,0.0
1781701464753396776,0.410753484,0.0,0.0,0.0,0.0,-3.141592653589793,-37.5,1.0,174.75,556.5,0.0,1850.0,0.0,1585.0,0.0
1781701464753403219,0.410759927,0.0,0.0,0.0,0.0,-3.141592653589793,-37.5,1.0,174.75,556.5,0.0,1850.0,0.0,1585.0,0.0
1781701464753407507,0.410764215,0.0,0.0,0.0,0.0,-3.141592653589793,-37.5,1.0,174.75,556.5,0.0,1850.0,0.0,1585.0,0.0
1781701464753413438,0.410770146,0.0,0.0,0.0,0.0,-3.141592653589793,-37.5,1.0,174.75,556.5,0.0,1850.0,0.0,1585.0,0.0
1781701464753419960,0.410776668,0.0,0.0,0.0,0.0,-3.141592653589793,-37.5,1.0,174.75,556.5,0.0,1850.0,0.0,1585.0,0.0
1781701464753424729,0.410781437,0.0,0.0,0.0,0.0,-3.141592653589793,-37.5,1.0,174.75,556.5,0.0,1850.0,0.0,1585.0,0.0
1781701464753430079,0.410786787,0.0,0.0,0.0,0.0,-3.141592653589793,-37.5,1.0,174.75,556.5,0.0,1850.0,0.0,1585.0,0.0
1781701464753435830,0.410792538,0.0,0.0,0.0,0.0,-3.141592653589793,-37.5,1.0,174.75,556.5,0.0,1850.0,0.0,1585.0,0.0
1781701464753447061,0.410803769,0.0,0.0,0.0,0.0,-3.141592653589793,-37.5,1.0,174.75,556.5,0.0,1850.0,0.0,1585.0,0.0
1781701464753458142,0.41081485,0.0,0.0,0.0,0.0,-3.141592653589793,-37.5,1.0,174.75,556.5,0.0,1850.0,0.0,1585.0,0.0
1781701464753474804,0.410831512,0.0,0.0,0.0,0.0,-3.141592653589793,-37.5,1.0,174.75,556.5,0.0,1850.0,0.0,1585.0,0.0
1781701464753512184,0.410868892,0.0,0.0,0.0,0.0,-3.141592653589793,-37.5,1.0,174.75,556.5,0.0,1850.0,0.0,1585.0,0.0
1781701464796032141,0.453388849,0.0,0.0,0.0,0.0,-3.141592653589793,-37.5,1.0,174.75,556.5,0.0,1850.0,0.0,1585.0,0.0
1781701464796076585,0.453433293,0.0,0.0,0.0,0.0,-3.141592653589793,-37.5,1.0,173.25,556.5,0.0,1850.0,0.0,1585.0,0.0
1781701464796080683,0.453437391,0.0,0.0,0.0,0.0,3.107123552590285,-37.5,1.0,173.25,556.5,0.0,1850.0,0.0,1585.0,0.0
1781701464796085311,0.453442019,0.0,0.0,0.0,0.0,3.107123552590285,-10.99020767211914,1.0,173.25,556.5,0.0,1850.0,0.0,1585.0,0.0
1781701464796088738,0.453445446,0.0,0.0,0.0,0.0,3.107123552590285,-10.99020767211914,1.0,173.25,555.75,0.0,1850.0,0.0,1585.0,0.0
1781701464796099057,0.453455765,0.0,0.0,0.0,0.0,3.107123552590285,-10.99020767211914,1.0,173.25,555.75,0.0,1150.0,0.0,1585.0,0.0
1781701464797090500,0.454447208,0.0,0.0,0.0,0.0,3.107123552590285,-10.99020767211914,1.0,173.25,555.75,0.0,1150.0,0.0,1585.0,0.0
1781701464797129003,0.454485711,0.0,0.0,0.0,0.0,3.107123552590285,-10.99020767211914,1.0,173.25,555.75,0.0,1150.0,0.0,1585.0,-1.7796866331107335
1781701464797135105,0.454491813,0.0,0.0,0.0,0.0,3.107123552590285,-10.99020767211914,1.0,173.25,555.75,-5.084818951744953,1150.0,0.0,1585.0,-1.7796866331107335
1781701464799817041,0.457173749,0.0,0.0,0.0,0.0,3.107123552590285,-10.99020767211914,1.0,173.25,555.75,-5.084818951744953,1150.0,0.0,1585.0,-1.7796866331107335
1781701464799835546,0.457192254,0.0,0.0,0.0,0.0,3.107123552590285,-10.99020767211914,1.0,173.25,555.75,-5.084818951744953,1150.0,0.0,1585.0,-1.7796866331107335
1781701464799839153,0.457195861,0.0,0.0,0.0,0.0,3.107123552590285,-10.99020767211914,1.0,173.25,555.75,-5.084818951744953,1150.0,0.0,1585.0,-1.7796866331107335
1781701464799841588,0.457198296,0.0,0.0,0.0,0.0,3.107123552590285,-10.99020767211914,1.0,173.25,555.75,-5.084818951744953,1150.0,0.0,1585.0,-1.7796866331107335
1781701464799844032,0.45720074,0.0,0.0,0.0,0.0,3.107123552590285,-10.99020767211914,1.0,173.25,555.75,-5.084818951744953,1150.0,0.0,1585.0,-1.7796866331107335
1781701464844055073,0.501411781,0.0,0.0,0.0,0.0,3.107123552590285,-10.99020767211914,1.0,173.25,555.75,-5.084818951744953,1150.0,0.0,1585.0,-1.7796866331107335
1781701464844098866,0.501455574,0.0,0.0,0.0,0.0,3.107123552590285,-10.99020767211914,1.0,174.75,555.75,-5.084818951744953,1150.0,0.0,1585.0,-1.7796866331107335
1781701464844102633,0.501459341,0.0,0.0,0.0,0.0,-3.141592653589793,-10.99020767211914,1.0,174.75,555.75,-5.084818951744953,1150.0,0.0,1585.0,-1.7796866331107335
1781701464844107693,0.501464401,0.0,0.0,0.0,0.0,-3.141592653589793,-37.5,1.0,174.75,555.75,-5.084818951744953,1150.0,0.0,1585.0,-1.7796866331107335
1781701464844111480,0.501468188,0.0,0.0,0.0,0.0,-3.141592653589793,-37.5,1.0,174.75,555.75,-5.084818951744953,1850.0,0.0,1585.0,-1.7796866331107335
1781701464844114586,0.501471294,0.0,0.0,0.0,0.0,-3.141592653589793,-37.5,1.0,174.75,556.5,-5.084818951744953,1850.0,0.0,1585.0,-1.7796866331107335
1781701464844121359,0.501478067,0.0,0.0,0.0,0.0,-3.141592653589793,-37.5,1.0,174.75,556.5,-5.084818951744953,1850.0,0.0,1585.0,-1.7796866331107335
1781701464844128292,0.501485,0.0,0.0,0.0,0.0,-3.141592653589793,-37.5,1.0,174.75,556.5,4.469535188507892,1850.0,0.0,1585.0,-1.7796866331107335
1781701464844146396,0.501503104,0.0,0.0,0.0,0.0,-3.141592653589793,-37.5,1.0,174.75,556.5,4.469535188507892,1850.0,0.0,1585.0,0.40754100445578545
1781701464844160142,0.50151685,0.0,0.0,0.0,0.0,-3.141592653589793,-37.5,1.0,174.75,556.5,4.469535188507892,1850.0,0.0,1585.0,0.40754100445578545
1781701464844220616,0.501577324,0.0,0.0,0.0,0.0,-3.141592653589793,-37.5,1.0,174.75,556.5,4.469535188507892,1850.0,0.0,1585.0,0.40754100445578545
1781701464844235394,0.501592102,0.0,0.0,0.0,0.0,-3.141592653589793,-37.5,1.0,174.75,556.5,4.469535188507892,1850.0,0.0,1585.0,0.40754100445578545
1781701464844250633,0.501607341,0.0,0.0,0.0,0.0,-3.141592653589793,-37.5,1.0,174.75,556.5,4.469535188507892,1850.0,0.0,1585.0,0.40754100445578545
1781701464844289917,0.501646625,0.0,0.0,0.0,0.0,-3.141592653589793,-37.5,1.0,174.75,556.5,4.469535188507892,1850.0,0.0,1585.0,0.40754100445578545
1781701464882070600,0.539427308,0.0,0.0,0.0,0.0,-3.141592653589793,-37.5,1.0,174.75,556.5,4.469535188507892,1850.0,0.0,1585.0,0.40754100445578545
1781701464882118942,0.53947565,0.0,0.0,0.0,0.0,-3.141592653589793,-37.5,1.0,174.75,556.5,4.469535188507892,1850.0,0.0,1585.0,0.40754100445578545
1781701464882123200,0.539479908,0.0,0.0,0.0,0.0,-3.141592653589793,-37.5,1.0,173.25,556.5,4.469535188507892,1850.0,0.0,1585.0,0.40754100445578545
1781701464882127057,0.539483765,0.0,0.0,0.0,0.0,3.107123552590285,-37.5,1.0,173.25,556.5,4.469535188507892,1850.0,0.0,1585.0,0.40754100445578545
1781701464882130614,0.539487322,0.0,0.0,0.0,0.0,3.107123552590285,-10.99020767211914,1.0,173.25,556.5,4.469535188507892,1850.0,0.0,1585.0,0.40754100445578545
1781701464882133850,0.539490558,0.0,0.0,0.0,0.0,3.107123552590285,-10.99020767211914,1.0,173.25,556.5,4.469535188507892,1150.0,0.0,1585.0,0.40754100445578545
1781701464882137557,0.539494265,0.0,0.0,0.0,0.0,3.107123552590285,-10.99020767211914,1.0,173.25,555.75,4.469535188507892,1150.0,0.0,1585.0,0.40754100445578545
1781701464882145261,0.539501969,0.0,0.0,0.0,0.0,3.107123552590285,-10.99020767211914,1.0,173.25,555.75,4.469535188507892,1150.0,0.0,1585.0,-1.7546572014584605
1781701464882148117,0.539504825,0.0,0.0,0.0,0.0,3.107123552590285,-10.99020767211914,1.0,173.25,555.75,-5.770168155299204,1150.0,0.0,1585.0,-1.7546572014584605
1781701464882156493,0.539513201,0.0,0.0,0.0,0.0,3.107123552590285,-10.99020767211914,1.0,173.25,555.75,-5.770168155299204,1150.0,0.0,1585.0,-1.7546572014584605
1781701464882222898,0.539579606,0.0,0.0,0.0,0.0,3.107123552590285,-10.99020767211914,1.0,173.25,555.75,-5.770168155299204,1150.0,0.0,1585.0,-1.7546572014584605
1781701464882235201,0.539591909,0.0,0.0,0.0,0.0,3.107123552590285,-10.99020767211914,1.0,173.25,555.75,-5.770168155299204,1150.0,0.0,1585.0,-1.7546572014584605
1781701464882260108,0.539616816,0.0,0.0,0.0,0.0,3.107123552590285,-10.99020767211914,1.0,173.25,555.75,-5.770168155299204,1150.0,0.0,1585.0,-1.7546572014584605
1781701464882311556,0.539668264,0.0,0.0,0.0,0.0,3.107123552590285,-10.99020767211914,1.0,173.25,555.75,-5.770168155299204,1150.0,0.0,1585.0,-1.7546572014584605
1781701464913656210,0.571012918,0.0,0.0,0.0,0.0,3.107123552590285,-10.99020767211914,1.0,173.25,555.75,-5.770168155299204,1150.0,0.0,1585.0,-1.7546572014584605
1781701464913688121,0.571044829,0.0,0.0,0.0,0.0,3.107123552590285,-10.99020767211914,1.0,173.25,555.75,-5.770168155299204,1150.0,0.0,1585.0,-1.7546572014584605
1781701464913690866,0.571047574,0.0,0.0,0.0,0.0,3.107123552590285,-10.99020767211914,1.0,173.25,555.75,-5.770168155299204,1150.0,0.0,1585.0,-1.7546572014584605
1781701464913694092,0.5710508,0.0,0.0,0.0,0.0,3.107123552590285,-10.99020767211914,1.0,173.25,555.75,-5.770168155299204,1150.0,0.0,1585.0,-1.7546572014584605
1781701464913695955,0.571052663,0.0,0.0,0.0,0.0,3.107123552590285,-10.99020767211914,1.0,173.25,555.75,-5.770168155299204,1150.0,0.0,1585.0,-1.7546572014584605
1781701464913701295,0.571058003,0.0,0.0,0.0,0.0,3.107123552590285,-10.99020767211914,1.0,173.25,555.75,-5.770168155299204,1607.0,0.0,1585.0,-1.7546572014584605
1781701464913706245,0.571062953,0.0,0.0,0.0,0.0,3.107123552590285,-10.99020767211914,1.0,173.25,555.75,-5.770168155299204,1607.0,0.0,1585.0,-1.7546572014584605
1781701464913722736,0.571079444,0.0,0.0,0.0,0.0,3.107123552590285,-10.99020767211914,1.0,173.25,555.75,0.0,1607.0,0.0,1585.0,-1.7546572014584605
1781701464913730340,0.571087048,0.0,0.0,0.0,0.0,3.107123552590285,-10.99020767211914,1.0,173.25,555.75,0.0,1607.0,0.0,1585.0,-1.1405271809479993
1781701464913760187,0.571116895,0.0,0.0,0.0,0.0,3.107123552590285,-10.99020767211914,1.0,173.25,555.75,0.0,1607.0,0.0,1585.0,-1.1405271809479993
1781701464913813006,0.571169714,0.0,0.0,0.0,0.0,3.107123552590285,-10.99020767211914,1.0,173.25,555.75,0.0,1607.0,0.0,1585.0,-1.1405271809479993
1781701464913822585,0.571179293,0.0,0.0,0.0,0.0,3.107123552590285,-10.99020767211914,1.0,173.25,555.75,0.0,1607.0,0.0,1585.0,-1.1405271809479993
1781701464913830920,0.571187628,0.0,0.0,0.0,0.0,3.107123552590285,-10.99020767211914,1.0,173.25,555.75,0.0,1607.0,0.0,1585.0,-1.1405271809479993
1781701464913863702,0.57122041,0.0,0.0,0.0,0.0,3.107123552590285,-10.99020767211914,1.0,173.25,555.75,0.0,1607.0,0.0,1585.0,-1.1405271809479993
1781701464984664235,0.642020943,0.0,0.0,0.0,0.0,3.107123552590285,-10.99020767211914,1.0,173.25,555.75,0.0,1607.0,0.0,1585.0,-1.1405271809479993
1781701464984703249,0.642059957,0.0,0.0,0.0,0.0,3.107123552590285,-10.99020767211914,1.0,174.75,555.75,0.0,1607.0,0.0,1585.0,-1.1405271809479993
1781701464984707757,0.642064465,0.0,0.0,0.0,0.0,-3.141592653589793,-10.99020767211914,1.0,174.75,555.75,0.0,1607.0,0.0,1585.0,-1.1405271809479993
1781701464984710472,0.64206718,0.0,0.0,0.0,0.0,-3.141592653589793,-37.5,1.0,174.75,555.75,0.0,1607.0,0.0,1585.0,-1.1405271809479993
1781701464984713007,0.642069715,0.0,0.0,0.0,0.0,-3.141592653589793,-37.5,1.0,174.75,556.5,0.0,1607.0,0.0,1585.0,-1.1405271809479993
1781701464984720642,0.64207735,0.0,0.0,0.0,0.0,-3.141592653589793,-37.5,1.0,174.75,556.5,0.0,1850.0,0.0,1585.0,-1.1405271809479993
1781701464984742513,0.642099221,0.0,0.0,0.0,0.0,-3.141592653589793,-37.5,1.0,174.75,556.5,0.0,1850.0,0.0,1585.0,-1.1405271809479993
1781701464984765316,0.642122024,0.0,0.0,0.0,0.0,-3.141592653589793,-37.5,1.0,174.75,556.5,3.163701742347856,1850.0,0.0,1585.0,-1.1405271809479993
1781701464984774493,0.642131201,0.0,0.0,0.0,0.0,-3.141592653589793,-37.5,1.0,174.75,556.5,3.163701742347856,1850.0,0.0,1585.0,0.3659529422055501
1781701464984796275,0.642152983,0.0,0.0,0.0,0.0,-3.141592653589793,-37.5,1.0,174.75,556.5,3.163701742347856,1850.0,0.0,1585.0,0.3659529422055501
1781701464984878039,0.642234747,0.0,0.0,0.0,0.0,-3.141592653589793,-37.5,1.0,174.75,556.5,3.163701742347856,1850.0,0.0,1585.0,0.3659529422055501
1781701464984897576,0.642254284,0.0,0.0,0.0,0.0,-3.141592653589793,-37.5,1.0,174.75,556.5,3.163701742347856,1850.0,0.0,1585.0,0.3659529422055501
1781701464984908677,0.642265385,0.0,0.0,0.0,0.0,-3.141592653589793,-37.5,1.0,174.75,556.5,3.163701742347856,1850.0,0.0,1585.0,0.3659529422055501
1781701464984952159,0.642308867,0.0,0.0,0.0,0.0,-3.141592653589793,-37.5,1.0,174.75,556.5,3.163701742347856,1850.0,0.0,1585.0,0.3659529422055501
1781701465103095259,0.760451967,0.0,0.0,0.0,0.0,-3.141592653589793,-37.5,1.0,174.75,556.5,3.163701742347856,1850.0,0.0,1585.0,0.3659529422055501
1781701465103155994,0.760512702,0.0,0.0,0.0,0.0,-3.141592653589793,-37.5,1.0,174.75,556.5,3.163701742347856,1850.0,0.0,1585.0,0.3659529422055501
1781701465103165192,0.7605219,0.0,0.0,0.0,0.0,-3.141592653589793,-37.5,1.0,174.75,556.5,3.163701742347856,1850.0,0.0,1585.0,0.3659529422055501
1781701465103174389,0.760531097,0.0,0.0,0.0,0.0,-3.141592653589793,-37.5,1.0,174.75,556.5,3.163701742347856,1850.0,0.0,1585.0,0.3659529422055501
1781701465103179989,0.760536697,0.0,0.0,0.0,0.0,-3.141592653589793,-37.5,1.0,174.75,556.5,3.163701742347856,1691.0,0.0,1585.0,0.3659529422055501
1781701465103185380,0.760542088,0.0,0.0,0.0,0.0,-3.141592653589793,-37.5,1.0,174.75,556.5,3.163701742347856,1691.0,0.0,1585.0,0.3659529422055501
1781701465103202773,0.760559481,0.0,0.0,0.0,0.0,-3.141592653589793,-37.5,1.0,174.75,556.5,3.163701742347856,1691.0,0.0,1585.0,0.3659529422055501
1781701465103208714,0.760565422,0.0,0.0,0.0,0.0,-3.141592653589793,-37.5,1.0,174.75,556.5,0.0,1691.0,0.0,1585.0,0.3659529422055501
1781701465103221047,0.760577755,0.0,0.0,0.0,0.0,-3.141592653589793,-37.5,1.0,174.75,556.5,0.0,1691.0,0.0,1585.0,0.23786941243360757
1781701465103240043,0.760596751,0.0,0.0,0.0,0.0,-3.141592653589793,-37.5,1.0,174.75,556.5,0.0,1691.0,0.0,1585.0,0.23786941243360757
1781701465103332698,0.760689406,0.0,0.0,0.0,0.0,-3.141592653589793,-37.5,1.0,174.75,556.5,0.0,1691.0,0.0,1585.0,0.23786941243360757
1781701465103352255,0.760708963,0.0,0.0,0.0,0.0,-3.141592653589793,-37.5,1.0,174.75,556.5,0.0,1691.0,0.0,1585.0,0.23786941243360757
1781701465103444700,0.760801408,0.0,0.0,0.0,0.0,-3.141592653589793,-37.5,1.0,174.75,556.5,0.0,1691.0,0.0,1585.0,0.23786941243360757
1781701465103450581,0.760807289,0.0,0.0,0.0,0.0,-3.141592653589793,-37.5,1.0,174.75,556.5,0.0,1691.0,0.0,1585.0,0.23786941243360757
1781701465165312758,0.822669466,0.0,0.0,0.0,0.0,-3.141592653589793,-37.5,1.0,174.75,556.5,0.0,1691.0,0.0,1585.0,0.23786941243360757
1781701465165846045,0.823202753,0.0,0.0,0.0,0.0,-3.141592653589793,-37.5,1.0,174.75,556.5,0.0,1691.0,0.0,1585.0,0.23786941243360757
1781701465165878196,0.823234904,0.0,0.0,0.0,0.0,-3.141592653589793,-37.5,1.0,174.75,556.5,0.0,1691.0,0.0,1585.0,0.23786941243360757
1781701465165886532,0.82324324,0.0,0.0,0.0,0.0,-3.141592653589793,-37.5,1.0,174.75,556.5,0.0,1691.0,0.0,1585.0,0.23786941243360757
1781701465165891621,0.823248329,0.0,0.0,0.0,0.0,-3.141592653589793,-37.5,1.0,174.75,556.5,0.0,1691.0,0.0,1585.0,0.23786941243360757
1781701465165895188,0.823251896,0.0,0.0,0.0,0.0,-3.141592653589793,-37.5,1.0,174.75,556.5,0.0,1691.0,0.0,1585.0,0.23786941243360757
1781701465165902111,0.823258819,0.0,0.0,0.0,0.0,-3.141592653589793,-37.5,1.0,174.75,556.5,0.0,1691.0,0.0,1585.0,0.23786941243360757
1781701465165906259,0.823262967,0.0,0.0,0.0,0.0,-3.141592653589793,-37.5,1.0,174.75,556.5,0.0,1691.0,0.0,1585.0,0.15461511808184492
1781701465165910277,0.823266985,0.0,0.0,0.0,0.0,-3.141592653589793,-37.5,1.0,174.75,556.5,0.0,1691.0,0.0,1585.0,0.15461511808184492
1781701465165917270,0.823273978,0.0,0.0,0.0,0.0,-3.141592653589793,-37.5,1.0,174.75,556.5,0.0,1691.0,0.0,1585.0,0.15461511808184492
1781701465165920746,0.823277454,0.0,0.0,0.0,0.0,-3.141592653589793,-37.5,1.0,174.75,556.5,0.0,1691.0,0.0,1585.0,0.15461511808184492
1781701465165927509,0.823284217,0.0,0.0,0.0,0.0,-3.141592653589793,-37.5,1.0,174.75,556.5,0.0,1691.0,0.0,1585.0,0.15461511808184492
1781701465165930685,0.823287393,0.0,0.0,0.0,0.0,-3.141592653589793,-37.5,1.0,174.75,556.5,0.0,1691.0,0.0,1585.0,0.15461511808184492
1781701465165939031,0.823295739,0.0,0.0,0.0,0.0,-3.141592653589793,-37.5,1.0,174.75,556.5,0.0,1691.0,0.0,1585.0,0.15461511808184492
1781701465215188080,0.872544788,0.0,0.0,0.0,0.0,-3.141592653589793,-37.5,1.0,174.75,556.5,0.0,1691.0,0.0,1585.0,0.15461511808184492
1781701465215232855,0.872589563,0.0,0.0,0.0,0.0,-3.141592653589793,-37.5,1.0,175.5,556.5,0.0,1691.0,0.0,1585.0,0.15461511808184492
1781701465215238515,0.872595223,0.0,0.0,0.0,0.0,-3.141592653589793,-37.5,1.0,175.5,556.5,0.0,1691.0,0.0,1585.0,0.15461511808184492
1781701465215243585,0.872600293,0.0,0.0,0.0,0.0,-3.141592653589793,-37.5,1.0,175.5,556.5,0.0,1691.0,0.0,1585.0,0.15461511808184492
1781701465215246931,0.872603639,0.0,0.0,0.0,0.0,-3.141592653589793,-37.5,1.0,175.5,556.5,0.0,1691.0,0.0,1585.0,0.15461511808184492
1781701465215250728,0.872607436,0.0,0.0,0.0,0.0,-3.141592653589793,-37.5,1.0,175.5,556.5,0.0,1691.0,0.0,1585.0,0.15461511808184492
1781701465215261148,0.872617856,0.0,0.0,0.0,0.0,-3.141592653589793,-37.5,1.0,175.5,556.5,0.0,1691.0,0.0,1585.0,0.15461511808184492
1781701465215265777,0.872622485,0.0,0.0,0.0,0.0,-3.141592653589793,-37.5,1.0,175.5,556.5,2.1548608015607984,1691.0,0.0,1585.0,0.15461511808184492
1781701465215274283,0.872630991,0.0,0.0,0.0,0.0,-3.141592653589793,-37.5,1.0,175.5,556.5,2.1548608015607984,1691.0,0.0,1585.0,0.8547011072994787
1781701465215282929,0.872639637,0.0,0.0,0.0,0.0,-3.141592653589793,-37.5,1.0,175.5,556.5,2.1548608015607984,1691.0,0.0,1585.0,0.8547011072994787
1781701465215432612,0.87278932,0.0,0.0,0.0,0.0,-3.141592653589793,-37.5,1.0,175.5,556.5,2.1548608015607984,1691.0,0.0,1585.0,0.8547011072994787
1781701465215451989,0.872808697,0.0,0.0,0.0,0.0,-3.141592653589793,-37.5,1.0,175.5,556.5,2.1548608015607984,1691.0,0.0,1585.0,0.8547011072994787
1781701465215466366,0.872823074,0.0,0.0,0.0,0.0,-3.141592653589793,-37.5,1.0,175.5,556.5,2.1548608015607984,1691.0,0.0,1585.0,0.8547011072994787
1781701465215514877,0.872871585,0.0,0.0,0.0,0.0,-3.141592653589793,-37.5,1.0,175.5,556.5,2.1548608015607984,1691.0,0.0,1585.0,0.8547011072994787
1781701465260658771,0.918015479,0.0,0.0,0.0,0.0,-3.141592653589793,-37.5,1.0,175.5,556.5,2.1548608015607984,1691.0,0.0,1585.0,0.8547011072994787
1781701465260714667,0.918071375,0.0,0.0,0.0,0.0,-3.141592653589793,-37.5,1.0,175.5,556.5,2.1548608015607984,1691.0,0.0,1585.0,0.8547011072994787
1781701465260718474,0.918075182,0.0,0.0,0.0,0.0,-3.141592653589793,-37.5,1.0,175.5,556.5,2.1548608015607984,1691.0,0.0,1585.0,0.8547011072994787
1781701465260724135,0.918080843,0.0,0.0,0.0,0.0,-3.141592653589793,-37.5,1.0,175.5,556.5,2.1548608015607984,1691.0,0.0,1585.0,0.8547011072994787
1781701465260728874,0.918085582,0.0,0.0,0.0,0.0,-3.141592653589793,-37.5,1.0,175.5,556.5,2.1548608015607984,1691.0,0.0,1585.0,0.8547011072994787
1781701465260738512,0.91809522,0.0,0.0,0.0,0.0,-3.141592653589793,-37.5,1.0,175.5,556.5,2.1548608015607984,1691.0,0.0,1585.0,0.8547011072994787
1781701465260776564,0.918133272,0.0,0.0,0.0,0.0,-3.141592653589793,-37.5,1.0,175.5,556.5,2.1548608015607984,1691.0,0.0,1585.0,0.8547011072994787
1781701465260808344,0.918165052,0.0,0.0,0.0,0.0,-3.141592653589793,-37.5,1.0,175.5,556.5,0.0,1691.0,0.0,1585.0,0.8547011072994787
1781701465260835926,0.918192634,0.0,0.0,0.0,0.0,-3.141592653589793,-37.5,1.0,175.5,556.5,0.0,1691.0,0.0,1585.0,0.5555557197446611
1781701465260876803,0.918233511,0.0,0.0,0.0,0.0,-3.141592653589793,-37.5,1.0,175.5,556.5,0.0,1691.0,0.0,1585.0,0.5555557197446611
1781701465260945343,0.918302051,0.0,0.0,0.0,0.0,-3.141592653589793,-37.5,1.0,175.5,556.5,0.0,1691.0,0.0,1585.0,0.5555557197446611
1781701465260971352,0.91832806,0.0,0.0,0.0,0.0,-3.141592653589793,-37.5,1.0,175.5,556.5,0.0,1691.0,0.0,1585.0,0.5555557197446611
1781701465260996910,0.918353618,0.0,0.0,0.0,0.0,-3.141592653589793,-37.5,1.0,175.5,556.5,0.0,1691.0,0.0,1585.0,0.5555557197446611
1781701465261036695,0.918393403,0.0,0.0,0.0,0.0,-3.141592653589793,-37.5,1.0,175.5,556.5,0.0,1691.0,0.0,1585.0,0.5555557197446611
1781701465298134739,0.955491447,0.0,0.0,0.0,0.0,-3.141592653589793,-37.5,1.0,175.5,556.5,0.0,1691.0,0.0,1585.0,0.5555557197446611
1781701465298177610,0.955534318,0.0,0.0,0.0,0.0,-3.141592653589793,-37.5,1.0,178.5,556.5,0.0,1691.0,0.0,1585.0,0.5555557197446611
1781701465298182078,0.955538786,0.0,0.0,0.0,0.0,-3.141592653589793,-37.5,1.0,178.5,556.5,0.0,1691.0,0.0,1585.0,0.5555557197446611
1781701465298185715,0.955542423,0.0,0.0,0.0,0.0,-3.141592653589793,-37.5,1.0,178.5,556.5,0.0,1691.0,0.0,1585.0,0.5555557197446611
1781701465298188070,0.955544778,0.0,0.0,0.0,0.0,-3.141592653589793,-37.5,1.0,178.5,556.5,0.0,1691.0,0.0,1585.0,0.5555557197446611
1781701465298195283,0.955551991,0.0,0.0,0.0,0.0,-3.141592653589793,-37.5,1.0,178.5,556.5,0.0,1691.0,0.0,1585.0,0.5555557197446611
1781701465298201806,0.955558514,0.0,0.0,0.0,0.0,-3.141592653589793,-37.5,1.0,178.5,556.5,0.0,1691.0,0.0,1585.0,0.5555557197446611
1781701465298229348,0.955586056,0.0,0.0,0.0,0.0,-3.141592653589793,-37.5,1.0,178.5,556.5,10.050610414955717,1691.0,0.0,1585.0,0.5555557197446611
1781701465298239998,0.955596706,0.0,0.0,0.0,0.0,-3.141592653589793,-37.5,1.0,178.5,556.5,10.050610414955717,1691.0,0.0,1585.0,3.8788248630685302
1781701465298265997,0.955622705,0.0,0.0,0.0,0.0,-3.141592653589793,-37.5,1.0,178.5,556.5,10.050610414955717,1691.0,0.0,1585.0,3.8788248630685302
1781701465299271977,0.956628685,0.0,0.0,0.0,0.0,-3.141592653589793,-37.5,1.0,178.5,556.5,10.050610414955717,1691.0,0.0,1585.0,3.8788248630685302
1781701465299282597,0.956639305,0.0,0.0,0.0,0.0,-3.141592653589793,-37.5,1.0,178.5,556.5,10.050610414955717,1691.0,0.0,1585.0,3.8788248630685302
1781701465299521769,0.956878477,0.0,0.0,0.0,0.0,-3.141592653589793,-37.5,1.0,178.5,556.5,10.050610414955717,1691.0,0.0,1585.0,3.8788248630685302
1781701465299568127,0.956924835,0.0,0.0,0.0,0.0,-3.141592653589793,-37.5,1.0,178.5,556.5,10.050610414955717,1691.0,0.0,1585.0,3.8788248630685302
1781701465346657175,1.004013883,0.0,0.0,0.0,0.0,-3.141592653589793,-37.5,1.0,178.5,556.5,10.050610414955717,1691.0,0.0,1585.0,3.8788248630685302
1781701465346708943,1.004065651,0.0,0.0,0.0,0.0,-3.141592653589793,-37.5,1.0,179.25,556.5,10.050610414955717,1691.0,0.0,1585.0,3.8788248630685302
1781701465346717259,1.004073967,0.0,0.0,0.0,0.0,3.104572537715863,-37.5,1.0,179.25,556.5,10.050610414955717,1691.0,0.0,1585.0,3.8788248630685302
1781701465346723260,1.004079968,0.0,0.0,0.0,0.0,3.104572537715863,-7.694925308227539,1.0,179.25,556.5,10.050610414955717,1691.0,0.0,1585.0,3.8788248630685302
1781701465346728791,1.004085499,0.0,0.0,0.0,0.0,3.104572537715863,-7.694925308227539,1.0,179.25,557.25,10.050610414955717,1691.0,0.0,1585.0,3.8788248630685302
1781701465346742156,1.004098864,0.0,0.0,0.0,0.0,3.104572537715863,-7.694925308227539,1.0,179.25,557.25,10.050610414955717,1150.0,0.0,1585.0,3.8788248630685302
1781701465346761823,1.004118531,0.0,0.0,0.0,0.0,3.104572537715863,-7.694925308227539,1.0,179.25,557.25,10.050610414955717,1150.0,0.0,1585.0,3.8788248630685302
1781701465346821546,1.004178254,0.0,0.0,0.0,0.0,3.104572537715863,-7.694925308227539,1.0,179.25,557.25,2.2064068254781435,1150.0,0.0,1585.0,3.8788248630685302
1781701465346837326,1.004194034,0.0,0.0,0.0,0.0,3.104572537715863,-7.694925308227539,1.0,179.25,557.25,2.2064068254781435,1150.0,0.0,1585.0,3.293478549911895
1781701465346878023,1.004234731,0.0,0.0,0.0,0.0,3.104572537715863,-7.694925308227539,1.0,179.25,557.25,2.2064068254781435,1150.0,0.0,1585.0,3.293478549911895
1781701465346970547,1.004327255,0.0,0.0,0.0,0.0,3.104572537715863,-7.694925308227539,1.0,179.25,557.25,2.2064068254781435,1150.0,0.0,1585.0,3.293478549911895
1781701465346985856,1.004342564,0.0,0.0,0.0,0.0,3.104572537715863,-7.694925308227539,1.0,179.25,557.25,2.2064068254781435,1150.0,0.0,1585.0,3.293478549911895
1781701465347435386,1.004792094,0.0,0.0,0.0,0.0,3.104572537715863,-7.694925308227539,1.0,179.25,557.25,2.2064068254781435,1150.0,0.0,1585.0,3.293478549911895
1781701465347455463,1.004812171,0.0,0.0,0.0,0.0,3.104572537715863,-7.694925308227539,1.0,179.25,557.25,2.2064068254781435,1150.0,0.0,1585.0,3.293478549911895
1781701465385941540,1.043298248,0.0,0.0,0.0,0.0,3.104572537715863,-7.694925308227539,1.0,179.25,557.25,2.2064068254781435,1150.0,0.0,1585.0,3.293478549911895
1781701465386002134,1.043358842,0.0,0.0,0.0,0.0,3.104572537715863,-7.694925308227539,1.0,179.25,557.25,2.2064068254781435,1150.0,0.0,1585.0,3.293478549911895
1781701465386009298,1.043366006,0.0,0.0,0.0,0.0,3.104572537715863,-7.694925308227539,1.0,179.25,557.25,2.2064068254781435,1150.0,0.0,1585.0,5.008433958422561
1781701465386014668,1.043371376,0.0,0.0,0.0,0.0,3.104572537715863,-7.694925308227539,1.0,181.5,557.25,2.2064068254781435,1150.0,0.0,1585.0,5.008433958422561
1781701465386018735,1.043375443,0.0,0.0,0.0,0.0,3.104572537715863,-7.694925308227539,1.0,181.5,557.25,2.2064068254781435,1150.0,0.0,1585.0,5.008433958422561
1781701465386021721,1.043378429,0.0,0.0,0.0,0.0,3.104572537715863,-7.694925308227539,1.0,181.5,557.25,2.2064068254781435,1150.0,0.0,1585.0,5.008433958422561
1781701465386026470,1.043383178,0.0,0.0,0.0,0.0,3.070285188804503,-7.694925308227539,1.0,181.5,557.25,2.2064068254781435,1150.0,0.0,1585.0,5.008433958422561
1781701465386030458,1.043387166,0.0,0.0,0.0,0.0,3.070285188804503,-7.694925308227539,1.0,181.5,557.25,2.2064068254781435,1150.0,0.0,1585.0,5.008433958422561
1781701465386035156,1.043391864,0.0,0.0,0.0,0.0,3.070285188804503,-7.694925308227539,1.0,181.5,557.25,8.193351145656655,1150.0,0.0,1585.0,5.008433958422561
1781701465386038042,1.04339475,0.0,0.0,0.0,0.0,3.070285188804503,-7.694925308227539,1.0,181.5,557.25,8.193351145656655,1150.0,0.0,1585.0,5.008433958422561
1781701465386041599,1.043398307,0.0,0.0,0.0,0.0,3.070285188804503,19.81341552734375,1.0,181.5,557.25,8.193351145656655,1150.0,0.0,1585.0,5.008433958422561
1781701465386045185,1.043401893,0.0,0.0,0.0,0.0,3.070285188804503,19.81341552734375,1.0,181.5,557.25,8.193351145656655,1150.0,0.0,1585.0,5.008433958422561
1781701465386048081,1.043404789,0.0,0.0,0.0,0.0,3.070285188804503,19.81341552734375,1.0,181.5,558.0,8.193351145656655,1150.0,0.0,1585.0,5.008433958422561
1781701465386051137,1.043407845,0.0,0.0,0.0,0.0,3.070285188804503,19.81341552734375,1.0,181.5,558.0,8.193351145656655,1150.0,0.0,1585.0,5.008433958422561
1781701465458150113,1.115506821,0.0,0.0,0.0,0.0,3.070285188804503,19.81341552734375,1.0,181.5,558.0,8.193351145656655,1150.0,0.0,1585.0,5.008433958422561
1781701465458186341,1.115543049,0.0,0.0,0.0,0.0,3.070285188804503,19.81341552734375,1.0,184.5,558.0,8.193351145656655,1150.0,0.0,1585.0,5.008433958422561
1781701465458189918,1.115546626,0.0,0.0,0.0,0.0,3.070285188804503,-34.5,1.0,184.5,558.0,8.193351145656655,1150.0,0.0,1585.0,5.008433958422561
1781701465458192803,1.115549511,0.0,0.0,0.0,0.0,3.070285188804503,-34.5,1.0,184.5,559.5,8.193351145656655,1150.0,0.0,1585.0,5.008433958422561
1781701465458209305,1.115566013,0.0,0.0,0.0,0.0,-3.141592653589793,-34.5,1.0,184.5,559.5,8.193351145656655,1150.0,0.0,1585.0,5.008433958422561
1781701465458242678,1.115599386,0.0,0.0,0.0,0.0,-3.141592653589793,-34.5,1.0,184.5,559.5,8.193351145656655,1850.0,0.0,1585.0,5.008433958422561
1781701465458273476,1.115630184,0.0,0.0,0.0,0.0,-3.141592653589793,-34.5,1.0,184.5,559.5,8.193351145656655,1850.0,0.0,1585.0,5.008433958422561
1781701465458297702,1.11565441,0.0,0.0,0.0,0.0,-3.141592653589793,-34.5,1.0,184.5,559.5,5.451124946130192,1850.0,0.0,1585.0,5.008433958422561
1781701465458322849,1.115679557,0.0,0.0,0.0,0.0,-3.141592653589793,-34.5,1.0,184.5,559.5,5.451124946130192,1850.0,0.0,1585.0,5.163375804120232
1781701465458341825,1.115698533,0.0,0.0,0.0,0.0,-3.141592653589793,-34.5,1.0,184.5,559.5,5.451124946130192,1850.0,0.0,1585.0,5.163375804120232
1781701465458420964,1.115777672,0.0,0.0,0.0,0.0,-3.141592653589793,-34.5,1.0,184.5,559.5,5.451124946130192,1850.0,0.0,1585.0,5.163375804120232
1781701465458437235,1.115793943,0.0,0.0,0.0,0.0,-3.141592653589793,-34.5,1.0,184.5,559.5,5.451124946130192,1850.0,0.0,1585.0,5.163375804120232
1781701465458465228,1.115821936,0.0,0.0,0.0,0.0,-3.141592653589793,-34.5,1.0,184.5,559.5,5.451124946130192,1850.0,0.0,1585.0,5.163375804120232
1781701465458502288,1.115858996,0.0,0.0,0.0,0.0,-3.141592653589793,-34.5,1.0,184.5,559.5,5.451124946130192,1850.0,0.0,1585.0,5.163375804120232
1781701465508849502,1.16620621,0.0,0.0,0.0,0.0,-3.141592653589793,-34.5,1.0,184.5,559.5,5.451124946130192,1850.0,0.0,1585.0,5.163375804120232
1781701465508895949,1.166252657,0.0,0.0,0.0,0.0,-3.141592653589793,-34.5,1.0,186.75,559.5,5.451124946130192,1850.0,0.0,1585.0,5.163375804120232
1781701465508899025,1.166255733,0.0,0.0,0.0,0.0,-3.141592653589793,-34.5,1.0,186.75,559.5,5.451124946130192,1850.0,0.0,1585.0,5.163375804120232
1781701465508904085,1.166260793,0.0,0.0,0.0,0.0,-3.141592653589793,-34.5,1.0,186.75,559.5,5.451124946130192,1850.0,0.0,1585.0,5.163375804120232
1781701465508908052,1.16626476,0.0,0.0,0.0,0.0,-3.141592653589793,-34.5,1.0,186.75,559.5,5.451124946130192,1676.0,0.0,1585.0,5.163375804120232
1781701465508910437,1.166267145,0.0,0.0,0.0,0.0,-3.141592653589793,-34.5,1.0,186.75,559.5,5.451124946130192,1676.0,0.0,1585.0,5.163375804120232
1781701465508916659,1.166273367,0.0,0.0,0.0,0.0,-3.141592653589793,-34.5,1.0,186.75,559.5,5.451124946130192,1676.0,0.0,1585.0,5.163375804120232
1781701465508919193,1.166275901,0.0,0.0,0.0,0.0,-3.141592653589793,-34.5,1.0,186.75,559.5,6.8412474280500675,1676.0,0.0,1585.0,5.163375804120232
1781701465508925195,1.166281903,0.0,0.0,0.0,0.0,-3.141592653589793,-34.5,1.0,186.75,559.5,6.8412474280500675,1676.0,0.0,1585.0,5.750630872495675
1781701465508945764,1.166302472,0.0,0.0,0.0,0.0,-3.141592653589793,-34.5,1.0,186.75,559.5,6.8412474280500675,1676.0,0.0,1585.0,5.750630872495675
1781701465509001990,1.166358698,0.0,0.0,0.0,0.0,-3.141592653589793,-34.5,1.0,186.75,559.5,6.8412474280500675,1676.0,0.0,1585.0,5.750630872495675
1781701465509011027,1.166367735,0.0,0.0,0.0,0.0,-3.141592653589793,-34.5,1.0,186.75,559.5,6.8412474280500675,1676.0,0.0,1585.0,5.750630872495675
1781701465509030704,1.166387412,0.0,0.0,0.0,0.0,-3.141592653589793,-34.5,1.0,186.75,559.5,6.8412474280500675,1676.0,0.0,1585.0,5.750630872495675
1781701465509090056,1.166446764,0.0,0.0,0.0,0.0,-3.141592653589793,-34.5,1.0,186.75,559.5,6.8412474280500675,1676.0,0.0,1585.0,5.750630872495675
1781701465595779726,1.253136434,0.0,0.0,0.0,0.0,-3.141592653589793,-34.5,1.0,186.75,559.5,6.8412474280500675,1676.0,0.0,1585.0,5.750630872495675
1781701465595831254,1.253187962,0.0,0.0,0.0,0.0,-3.141592653589793,-34.5,1.0,192.0,559.5,6.8412474280500675,1676.0,0.0,1585.0,5.750630872495675
1781701465595837365,1.253194073,0.0,0.0,0.0,0.0,3.070285188804503,-34.5,1.0,192.0,559.5,6.8412474280500675,1676.0,0.0,1585.0,5.750630872495675
1781701465595842375,1.253199083,0.0,0.0,0.0,0.0,3.070285188804503,22.057697296142578,1.0,192.0,559.5,6.8412474280500675,1676.0,0.0,1585.0,5.750630872495675
1781701465595846643,1.253203351,0.0,0.0,0.0,0.0,3.070285188804503,22.057697296142578,1.0,192.0,561.0,6.8412474280500675,1676.0,0.0,1585.0,5.750630872495675
1781701465595858555,1.253215263,0.0,0.0,0.0,0.0,3.070285188804503,22.057697296142578,1.0,192.0,561.0,6.8412474280500675,1150.0,0.0,1585.0,5.750630872495675
1781701465595873944,1.253230652,0.0,0.0,0.0,0.0,3.070285188804503,22.057697296142578,1.0,192.0,561.0,6.8412474280500675,1150.0,0.0,1585.0,5.750630872495675
1781701465595901707,1.253258415,0.0,0.0,0.0,0.0,3.070285188804503,22.057697296142578,1.0,192.0,561.0,8.246979753985602,1150.0,0.0,1585.0,5.750630872495675
1781701465595918218,1.253274926,0.0,0.0,0.0,0.0,3.070285188804503,22.057697296142578,1.0,192.0,561.0,8.246979753985602,1150.0,0.0,1585.0,6.62435298101715
1781701465595944728,1.253301436,0.0,0.0,0.0,0.0,3.070285188804503,22.057697296142578,1.0,192.0,561.0,8.246979753985602,1150.0,0.0,1585.0,6.62435298101715
1781701465596034207,1.253390915,0.0,0.0,0.0,0.0,3.070285188804503,22.057697296142578,1.0,192.0,561.0,8.246979753985602,1150.0,0.0,1585.0,6.62435298101715
1781701465596048153,1.253404861,0.0,0.0,0.0,0.0,3.070285188804503,22.057697296142578,1.0,192.0,561.0,8.246979753985602,1150.0,0.0,1585.0,6.62435298101715
1781701465596078270,1.253434978,0.0,0.0,0.0,0.0,3.070285188804503,22.057697296142578,1.0,192.0,561.0,8.246979753985602,1150.0,0.0,1585.0,6.62435298101715
1781701465596114429,1.253471137,0.0,0.0,0.0,0.0,3.070285188804503,22.057697296142578,1.0,192.0,561.0,8.246979753985602,1150.0,0.0,1585.0,6.62435298101715
1781701465636944894,1.294301602,0.0,0.0,0.0,0.0,3.070285188804503,22.057697296142578,1.0,192.0,561.0,8.246979753985602,1150.0,0.0,1585.0,6.62435298101715
1781701465636998084,1.294354792,0.0,0.0,0.0,0.0,3.070285188804503,22.057697296142578,1.0,194.25,561.0,8.246979753985602,1150.0,0.0,1585.0,6.62435298101715
1781701465637004096,1.294360804,0.0,0.0,0.0,0.0,3.067653615931853,22.057697296142578,1.0,194.25,561.0,8.246979753985602,1150.0,0.0,1585.0,6.62435298101715
1781701465637008845,1.294365553,0.0,0.0,0.0,0.0,3.067653615931853,23.922943115234375,1.0,194.25,561.0,8.246979753985602,1150.0,0.0,1585.0,6.62435298101715
1781701465637012501,1.294369209,0.0,0.0,0.0,0.0,3.067653615931853,23.922943115234375,1.0,194.25,561.0,8.246979753985602,1150.0,0.0,1585.0,6.62435298101715
1781701465637022691,1.294379399,0.0,0.0,0.0,0.0,3.067653615931853,23.922943115234375,1.0,194.25,561.0,8.246979753985602,1323.0,0.0,1585.0,6.62435298101715
1781701465637034293,1.294391001,0.0,0.0,0.0,0.0,3.067653615931853,23.922943115234375,1.0,194.25,561.0,8.246979753985602,1323.0,0.0,1585.0,6.62435298101715
1781701465637049461,1.294406169,0.0,0.0,0.0,0.0,3.067653615931853,23.922943115234375,1.0,194.25,561.0,8.233850216583738,1323.0,0.0,1585.0,6.62435298101715
1781701465637076422,1.29443313,0.0,0.0,0.0,0.0,3.067653615931853,23.922943115234375,1.0,194.25,561.0,8.233850216583738,1323.0,0.0,1585.0,7.187677013465455
1781701465637085880,1.294442588,0.0,0.0,0.0,0.0,3.067653615931853,23.922943115234375,1.0,194.25,561.0,8.233850216583738,1323.0,0.0,1585.0,7.187677013465455
1781701465637186610,1.294543318,0.0,0.0,0.0,0.0,3.067653615931853,23.922943115234375,1.0,194.25,561.0,8.233850216583738,1323.0,0.0,1585.0,7.187677013465455
1781701465637194786,1.294551494,0.0,0.0,0.0,0.0,3.067653615931853,23.922943115234375,1.0,194.25,561.0,8.233850216583738,1323.0,0.0,1585.0,7.187677013465455
1781701465637796142,1.29515285,0.0,0.0,0.0,0.0,3.067653615931853,23.922943115234375,1.0,194.25,561.0,8.233850216583738,1323.0,0.0,1585.0,7.187677013465455
1781701465637809788,1.295166496,0.0,0.0,0.0,0.0,3.067653615931853,23.922943115234375,1.0,194.25,561.0,8.233850216583738,1323.0,0.0,1585.0,7.187677013465455
1781701465680796616,1.338153324,0.0,0.0,0.0,0.0,3.067653615931853,23.922943115234375,1.0,194.25,561.0,8.233850216583738,1323.0,0.0,1585.0,7.187677013465455
1781701465680841181,1.338197889,0.0,0.0,0.0,0.0,3.067653615931853,23.922943115234375,1.0,195.0,561.0,8.233850216583738,1323.0,0.0,1585.0,7.187677013465455
1781701465680845238,1.338201946,0.0,0.0,0.0,0.0,3.067653615931853,21.843955993652344,1.0,195.0,561.0,8.233850216583738,1323.0,0.0,1585.0,7.187677013465455
1781701465680848865,1.338205573,0.0,0.0,0.0,0.0,3.067653615931853,21.843955993652344,1.0,195.0,561.0,8.233850216583738,1323.0,0.0,1585.0,7.187677013465455
1781701465680857832,1.33821454,0.0,0.0,0.0,0.0,3.070285188804503,21.843955993652344,1.0,195.0,561.0,8.233850216583738,1323.0,0.0,1585.0,7.187677013465455
1781701465680875936,1.338232644,0.0,0.0,0.0,0.0,3.070285188804503,21.843955993652344,1.0,195.0,561.0,8.233850216583738,1437.0,0.0,1585.0,7.187677013465455
1781701465680912125,1.338268833,0.0,0.0,0.0,0.0,3.070285188804503,21.843955993652344,1.0,195.0,561.0,8.233850216583738,1437.0,0.0,1585.0,7.187677013465455
1781701465680919609,1.338276317,0.0,0.0,0.0,0.0,3.070285188804503,21.843955993652344,1.0,195.0,561.0,2.252701804666267,1437.0,0.0,1585.0,7.187677013465455
1781701465680935198,1.338291906,0.0,0.0,0.0,0.0,3.070285188804503,21.843955993652344,1.0,195.0,561.0,2.252701804666267,1437.0,0.0,1585.0,5.460435690385739
1781701465680956959,1.338313667,0.0,0.0,0.0,0.0,3.070285188804503,21.843955993652344,1.0,195.0,561.0,2.252701804666267,1437.0,0.0,1585.0,5.460435690385739
1781701465681038363,1.338395071,0.0,0.0,0.0,0.0,3.070285188804503,21.843955993652344,1.0,195.0,561.0,2.252701804666267,1437.0,0.0,1585.0,5.460435690385739
1781701465681063250,1.338419958,0.0,0.0,0.0,0.0,3.070285188804503,21.843955993652344,1.0,195.0,561.0,2.252701804666267,1437.0,0.0,1585.0,5.460435690385739
1781701465681089720,1.338446428,0.0,0.0,0.0,0.0,3.070285188804503,21.843955993652344,1.0,195.0,561.0,2.252701804666267,1437.0,0.0,1585.0,5.460435690385739
1781701465681140075,1.338496783,0.0,0.0,0.0,0.0,3.070285188804503,21.843955993652344,1.0,195.0,561.0,2.252701804666267,1437.0,0.0,1585.0,5.460435690385739
1781701465725793643,1.383150351,0.0,0.0,0.0,0.0,3.070285188804503,21.843955993652344,1.0,195.0,561.0,2.252701804666267,1437.0,0.0,1585.0,5.460435690385739
1781701465725835502,1.38319221,0.0,0.0,0.0,0.0,3.070285188804503,21.843955993652344,1.0,198.0,561.0,2.252701804666267,1437.0,0.0,1585.0,5.460435690385739
1781701465725841082,1.38319779,0.0,0.0,0.0,0.0,3.0348569809406576,21.843955993652344,1.0,198.0,561.0,2.252701804666267,1437.0,0.0,1585.0,5.460435690385739
1781701465725845290,1.383201998,0.0,0.0,0.0,0.0,3.0348569809406576,49.49470901489258,1.0,198.0,561.0,2.252701804666267,1437.0,0.0,1585.0,5.460435690385739
1781701465725848526,1.383205234,0.0,0.0,0.0,0.0,3.0348569809406576,49.49470901489258,1.0,198.0,561.0,2.252701804666267,1150.0,0.0,1585.0,5.460435690385739
1781701465725850791,1.383207499,0.0,0.0,0.0,0.0,3.0348569809406576,49.49470901489258,1.0,198.0,561.75,2.252701804666267,1150.0,0.0,1585.0,5.460435690385739
1781701465725858966,1.383215674,0.0,0.0,0.0,0.0,3.0348569809406576,49.49470901489258,1.0,198.0,561.75,2.252701804666267,1150.0,0.0,1585.0,5.460435690385739
1781701465725861581,1.383218289,0.0,0.0,0.0,0.0,3.0348569809406576,49.49470901489258,1.0,198.0,561.75,8.588398921356651,1150.0,0.0,1585.0,5.460435690385739
1781701465725867993,1.383224701,0.0,0.0,0.0,0.0,3.0348569809406576,49.49470901489258,1.0,198.0,561.75,8.588398921356651,1150.0,0.0,1585.0,6.555222821225558
1781701465725893511,1.383250219,0.0,0.0,0.0,0.0,3.0348569809406576,49.49470901489258,1.0,198.0,561.75,8.588398921356651,1150.0,0.0,1585.0,6.555222821225558
1781701465725942995,1.383299703,0.0,0.0,0.0,0.0,3.0348569809406576,49.49470901489258,1.0,198.0,561.75,8.588398921356651,1150.0,0.0,1585.0,6.555222821225558
1781701465725953094,1.383309802,0.0,0.0,0.0,0.0,3.0348569809406576,49.49470901489258,1.0,198.0,561.75,8.588398921356651,1150.0,0.0,1585.0,6.555222821225558
1781701465725968814,1.383325522,0.0,0.0,0.0,0.0,3.0348569809406576,49.49470901489258,1.0,198.0,561.75,8.588398921356651,1150.0,0.0,1585.0,6.555222821225558
1781701465726014099,1.383370807,0.0,0.0,0.0,0.0,3.0348569809406576,49.49470901489258,1.0,198.0,561.75,8.588398921356651,1150.0,0.0,1585.0,6.555222821225558
1781701465766702977,1.424059685,0.0,0.0,0.0,0.0,3.0348569809406576,49.49470901489258,1.0,198.0,561.75,8.588398921356651,1150.0,0.0,1585.0,6.555222821225558
1781701465766757930,1.424114638,0.0,0.0,0.0,0.0,3.0348569809406576,49.49470901489258,1.0,198.0,561.75,8.588398921356651,1150.0,0.0,1585.0,6.555222821225558
1781701465766764433,1.424121141,0.0,0.0,0.0,0.0,3.0348569809406576,49.49470901489258,1.0,199.5,561.75,8.588398921356651,1150.0,0.0,1585.0,6.555222821225558
1781701465766768180,1.424124888,0.0,0.0,0.0,0.0,3.026716048172894,49.49470901489258,1.0,199.5,561.75,8.588398921356651,1150.0,0.0,1585.0,6.555222821225558
1781701465766773129,1.424129837,0.0,0.0,0.0,0.0,3.026716048172894,57.03633117675781,1.0,199.5,561.75,8.588398921356651,1150.0,0.0,1585.0,6.555222821225558
1781701465766776445,1.424133153,0.0,0.0,0.0,0.0,3.026716048172894,57.03633117675781,1.0,199.5,561.75,8.588398921356651,1150.0,0.0,1585.0,6.555222821225558
1781701465766781214,1.424137922,0.0,0.0,0.0,0.0,3.026716048172894,57.03633117675781,1.0,199.5,563.25,8.588398921356651,1150.0,0.0,1585.0,6.555222821225558
1781701465766790141,1.424146849,0.0,0.0,0.0,0.0,3.026716048172894,57.03633117675781,1.0,199.5,563.25,8.588398921356651,1150.0,0.0,1585.0,6.217279355346614
1781701465766793828,1.424150536,0.0,0.0,0.0,0.0,3.026716048172894,57.03633117675781,1.0,199.5,563.25,5.589670061571429,1150.0,0.0,1585.0,6.217279355346614
1781701465766801954,1.424158662,0.0,0.0,0.0,0.0,3.026716048172894,57.03633117675781,1.0,199.5,563.25,5.589670061571429,1150.0,0.0,1585.0,6.217279355346614
1781701465766905720,1.424262428,0.0,0.0,0.0,0.0,3.026716048172894,57.03633117675781,1.0,199.5,563.25,5.589670061571429,1150.0,0.0,1585.0,6.217279355346614
1781701465766922151,1.424278859,0.0,0.0,0.0,0.0,3.026716048172894,57.03633117675781,1.0,199.5,563.25,5.589670061571429,1150.0,0.0,1585.0,6.217279355346614
1781701465766930897,1.424287605,0.0,0.0,0.0,0.0,3.026716048172894,57.03633117675781,1.0,199.5,563.25,5.589670061571429,1150.0,0.0,1585.0,6.217279355346614
1781701465766974670,1.424331378,0.0,0.0,0.0,0.0,3.026716048172894,57.03633117675781,1.0,199.5,563.25,5.589670061571429,1150.0,0.0,1585.0,6.217279355346614
1781701465812518760,1.469875468,0.0,0.0,0.0,0.0,3.026716048172894,57.03633117675781,1.0,204.0,563.25,5.589670061571429,1150.0,0.0,1585.0,6.217279355346614
1781701465812561561,1.469918269,0.0,0.0,0.0,0.0,3.026716048172894,57.03633117675781,1.0,204.0,563.25,5.589670061571429,1150.0,0.0,1585.0,6.217279355346614
1781701465812569616,1.469926324,0.0,0.0,0.0,0.0,3.026716048172894,57.03633117675781,1.0,204.0,564.0,5.589670061571429,1150.0,0.0,1585.0,6.217279355346614
1781701465812612497,1.469969205,0.0,0.0,0.0,0.0,3.026716048172894,57.03633117675781,1.0,204.0,564.0,5.589670061571429,1150.0,0.0,1585.0,6.217279355346614
1781701465812617657,1.469974365,0.0,0.0,0.0,0.0,3.070285188804503,57.03633117675781,1.0,204.0,564.0,5.589670061571429,1150.0,0.0,1585.0,6.217279355346614
1781701465812621404,1.469978112,0.0,0.0,0.0,0.0,3.070285188804503,57.03633117675781,1.0,204.0,564.0,13.748588309093275,1150.0,0.0,1585.0,6.217279355346614
1781701465812626694,1.469983402,0.0,0.0,0.0,0.0,3.070285188804503,24.19510841369629,1.0,204.0,564.0,13.748588309093275,1150.0,0.0,1585.0,6.217279355346614
1781701465812630912,1.46998762,0.0,0.0,0.0,0.0,3.070285188804503,24.19510841369629,1.0,204.0,564.0,13.748588309093275,1850.0,0.0,1585.0,6.217279355346614
1781701465812641712,1.46999842,0.0,0.0,0.0,0.0,3.070285188804503,24.19510841369629,1.0,204.0,564.0,13.748588309093275,1850.0,0.0,1585.0,8.853237489157944
1781701465812669955,1.470026663,0.0,0.0,0.0,0.0,3.070285188804503,24.19510841369629,1.0,204.0,564.0,13.748588309093275,1850.0,0.0,1585.0,8.853237489157944
1781701465812818035,1.470174743,0.0,0.0,0.0,0.0,3.070285188804503,24.19510841369629,1.0,204.0,564.0,13.748588309093275,1850.0,0.0,1585.0,8.853237489157944
1781701465812828765,1.470185473,0.0,0.0,0.0,0.0,3.070285188804503,24.19510841369629,1.0,204.0,564.0,13.748588309093275,1850.0,0.0,1585.0,8.853237489157944
1781701465812862990,1.470219698,0.0,0.0,0.0,0.0,3.070285188804503,24.19510841369629,1.0,204.0,564.0,13.748588309093275,1850.0,0.0,1585.0,8.853237489157944
1781701465812923244,1.470279952,0.0,0.0,0.0,0.0,3.070285188804503,24.19510841369629,1.0,204.0,564.0,13.748588309093275,1850.0,0.0,1585.0,8.853237489157944
1781701465852986219,1.510342927,0.0,0.0,0.0,0.0,3.070285188804503,24.19510841369629,1.0,204.0,564.0,13.748588309093275,1850.0,0.0,1585.0,8.853237489157944
1781701465853040321,1.510397029,0.0,0.0,0.0,0.0,3.070285188804503,24.19510841369629,1.0,204.0,564.0,13.748588309093275,1850.0,0.0,1585.0,8.853237489157944
1781701465853047645,1.510404353,0.0,0.0,0.0,0.0,3.070285188804503,24.19510841369629,1.0,207.0,564.0,13.748588309093275,1850.0,0.0,1585.0,8.853237489157944
1781701465853051402,1.51040811,0.0,0.0,0.0,0.0,3.070285188804503,24.19510841369629,1.0,207.0,564.0,13.748588309093275,1850.0,0.0,1585.0,8.853237489157944
1781701465853056552,1.51041326,0.0,0.0,0.0,0.0,3.070285188804503,23.981367111206055,1.0,207.0,564.0,13.748588309093275,1850.0,0.0,1585.0,8.853237489157944
1781701465853060179,1.510416887,0.0,0.0,0.0,0.0,3.070285188804503,23.981367111206055,1.0,207.0,564.0,13.748588309093275,1383.0,0.0,1585.0,8.853237489157944
1781701465853063235,1.510419943,0.0,0.0,0.0,0.0,3.070285188804503,23.981367111206055,1.0,207.0,564.0,13.748588309093275,1383.0,0.0,1585.0,8.853237489157944
1781701465853072071,1.510428779,0.0,0.0,0.0,0.0,3.070285188804503,23.981367111206055,1.0,207.0,564.0,13.748588309093275,1383.0,0.0,1585.0,9.230550367427606
1781701465853075979,1.510432687,0.0,0.0,0.0,0.0,3.070285188804503,23.981367111206055,1.0,207.0,564.0,9.931274284214119,1383.0,0.0,1585.0,9.230550367427606
1781701465853079796,1.510436504,0.0,0.0,0.0,0.0,3.070285188804503,23.981367111206055,1.0,207.0,564.0,9.931274284214119,1383.0,0.0,1585.0,9.230550367427606
1781701465853142945,1.510499653,0.0,0.0,0.0,0.0,3.070285188804503,23.981367111206055,1.0,207.0,564.0,9.931274284214119,1383.0,0.0,1585.0,9.230550367427606
1781701465853154116,1.510510824,0.0,0.0,0.0,0.0,3.070285188804503,23.981367111206055,1.0,207.0,564.0,9.931274284214119,1383.0,0.0,1585.0,9.230550367427606
1781701465853166730,1.510523438,0.0,0.0,0.0,0.0,3.070285188804503,23.981367111206055,1.0,207.0,564.0,9.931274284214119,1383.0,0.0,1585.0,9.230550367427606
1781701465853218758,1.510575466,0.0,0.0,0.0,0.0,3.070285188804503,23.981367111206055,1.0,207.0,564.0,9.931274284214119,1383.0,0.0,1585.0,9.230550367427606
1781701465886833802,1.54419051,0.0,0.0,0.0,0.0,3.070285188804503,23.981367111206055,1.0,207.0,564.0,9.931274284214119,1383.0,0.0,1585.0,9.230550367427606
1781701465886888556,1.544245264,0.0,0.0,0.0,0.0,3.070285188804503,23.981367111206055,1.0,209.25,564.0,9.931274284214119,1383.0,0.0,1585.0,9.230550367427606
1781701465886893826,1.544250534,0.0,0.0,0.0,0.0,3.104572537715863,23.981367111206055,1.0,209.25,564.0,9.931274284214119,1383.0,0.0,1585.0,9.230550367427606
1781701465886900128,1.544256836,0.0,0.0,0.0,0.0,3.104572537715863,-2.80938720703125,1.0,209.25,564.0,9.931274284214119,1383.0,0.0,1585.0,9.230550367427606
1781701465886904476,1.544261184,0.0,0.0,0.0,0.0,3.104572537715863,-2.80938720703125,1.0,209.25,563.25,9.931274284214119,1383.0,0.0,1585.0,9.230550367427606
1781701465886916308,1.544273016,0.0,0.0,0.0,0.0,3.104572537715863,-2.80938720703125,1.0,209.25,563.25,9.931274284214119,1850.0,0.0,1585.0,9.230550367427606
1781701465886932339,1.544289047,0.0,0.0,0.0,0.0,3.104572537715863,-2.80938720703125,1.0,209.25,563.25,9.931274284214119,1850.0,0.0,1585.0,9.230550367427606
1781701465886961814,1.544318522,0.0,0.0,0.0,0.0,3.104572537715863,-2.80938720703125,1.0,209.25,563.25,8.669013223162052,1850.0,0.0,1585.0,9.230550367427606
1781701465886999014,1.544355722,0.0,0.0,0.0,0.0,3.104572537715863,-2.80938720703125,1.0,209.25,563.25,8.669013223162052,1850.0,0.0,1585.0,9.034012366934663
1781701465887015866,1.544372574,0.0,0.0,0.0,0.0,3.104572537715863,-2.80938720703125,1.0,209.25,563.25,8.669013223162052,1850.0,0.0,1585.0,9.034012366934663
1781701465887120033,1.544476741,0.0,0.0,0.0,0.0,3.104572537715863,-2.80938720703125,1.0,209.25,563.25,8.669013223162052,1850.0,0.0,1585.0,9.034012366934663
1781701465887148086,1.544504794,0.0,0.0,0.0,0.0,3.104572537715863,-2.80938720703125,1.0,209.25,563.25,8.669013223162052,1850.0,0.0,1585.0,9.034012366934663
1781701465887180517,1.544537225,0.0,0.0,0.0,0.0,3.104572537715863,-2.80938720703125,1.0,209.25,563.25,8.669013223162052,1850.0,0.0,1585.0,9.034012366934663
1781701465887232666,1.544589374,0.0,0.0,0.0,0.0,3.104572537715863,-2.80938720703125,1.0,209.25,563.25,8.669013223162052,1850.0,0.0,1585.0,9.034012366934663
1781701465939844508,1.597201216,0.0,0.0,0.0,0.0,3.104572537715863,-2.80938720703125,1.0,209.25,563.25,8.669013223162052,1850.0,0.0,1585.0,9.034012366934663
1781701465939977759,1.597334467,0.0,0.0,0.0,0.0,3.104572537715863,-2.80938720703125,1.0,209.25,563.25,8.669013223162052,1850.0,0.0,1585.0,9.034012366934663
1781701465939995072,1.59735178,0.0,0.0,0.0,0.0,3.104572537715863,-2.80938720703125,1.0,210.75,563.25,8.669013223162052,1850.0,0.0,1585.0,9.034012366934663
1781701465940003709,1.597360417,0.0,0.0,0.0,0.0,3.067653615931853,-2.80938720703125,1.0,210.75,563.25,8.669013223162052,1850.0,0.0,1585.0,9.034012366934663
1781701465940016152,1.59737286,0.0,0.0,0.0,0.0,3.067653615931853,-2.80938720703125,1.0,210.75,563.25,4.209672221498584,1850.0,0.0,1585.0,9.034012366934663
1781701465940023406,1.597380114,0.0,0.0,0.0,0.0,3.067653615931853,25.69586181640625,1.0,210.75,563.25,4.209672221498584,1850.0,0.0,1585.0,9.034012366934663
1781701465940030730,1.597387438,0.0,0.0,0.0,0.0,3.067653615931853,25.69586181640625,1.0,210.75,563.25,4.209672221498584,1150.0,0.0,1585.0,9.034012366934663
1781701465940035589,1.597392297,0.0,0.0,0.0,0.0,3.067653615931853,25.69586181640625,1.0,210.75,564.0,4.209672221498584,1150.0,0.0,1585.0,9.034012366934663
1781701465940044976,1.597401684,0.0,0.0,0.0,0.0,3.067653615931853,25.69586181640625,1.0,210.75,564.0,4.209672221498584,1150.0,0.0,1585.0,7.3454933160320355
1781701465940048794,1.597405502,0.0,0.0,0.0,0.0,3.067653615931853,25.69586181640625,1.0,210.75,564.0,4.209672221498584,1150.0,0.0,1585.0,7.3454933160320355
1781701465940137672,1.59749438,0.0,0.0,0.0,0.0,3.067653615931853,25.69586181640625,1.0,210.75,564.0,4.209672221498584,1150.0,0.0,1585.0,7.3454933160320355
1781701465940154493,1.597511201,0.0,0.0,0.0,0.0,3.067653615931853,25.69586181640625,1.0,210.75,564.0,4.209672221498584,1150.0,0.0,1585.0,7.3454933160320355
1781701465940193687,1.597550395,0.0,0.0,0.0,0.0,3.067653615931853,25.69586181640625,1.0,210.75,564.0,4.209672221498584,1150.0,0.0,1585.0,7.3454933160320355
1781701465940233513,1.597590221,0.0,0.0,0.0,0.0,3.067653615931853,25.69586181640625,1.0,210.75,564.0,4.209672221498584,1150.0,0.0,1585.0,7.3454933160320355
1781701466022224516,1.679581224,0.0,0.0,0.0,0.0,3.067653615931853,25.69586181640625,1.0,219.0,564.0,4.209672221498584,1150.0,0.0,1585.0,7.3454933160320355
1781701466022320949,1.679677657,0.0,0.0,0.0,0.0,3.067653615931853,25.69586181640625,1.0,219.0,564.0,4.209672221498584,1150.0,0.0,1585.0,7.3454933160320355
1781701466022424043,1.679780751,0.0,0.0,0.0,0.0,3.067653615931853,25.69586181640625,1.0,219.0,564.0,4.209672221498584,1150.0,0.0,1585.0,7.3454933160320355
1781701466022438911,1.679795619,0.0,0.0,0.0,0.0,3.067653615931853,25.69586181640625,1.0,219.0,564.0,4.209672221498584,1150.0,0.0,1585.0,9.718835285882456
1781701466022452457,1.679809165,0.0,0.0,0.0,0.0,3.070285188804503,25.69586181640625,1.0,219.0,564.0,4.209672221498584,1150.0,0.0,1585.0,9.718835285882456
1781701466022472475,1.679829183,0.0,0.0,0.0,0.0,3.070285188804503,25.69586181640625,1.0,219.0,564.0,14.126470372747526,1150.0,0.0,1585.0,9.718835285882456
1781701466022489307,1.679846015,0.0,0.0,0.0,0.0,3.070285188804503,23.126401901245117,1.0,219.0,564.0,14.126470372747526,1150.0,0.0,1585.0,9.718835285882456
1781701466022504065,1.679860773,0.0,0.0,0.0,0.0,3.070285188804503,23.126401901245117,1.0,219.0,564.0,14.126470372747526,1416.0,0.0,1585.0,9.718835285882456
1781701466022527980,1.679884688,0.0,0.0,0.0,0.0,3.070285188804503,23.126401901245117,1.0,219.0,564.0,14.126470372747526,1416.0,0.0,1585.0,9.718835285882456
1781701466022545282,1.67990199,0.0,0.0,0.0,0.0,3.070285188804503,23.126401901245117,1.0,219.0,564.0,14.126470372747526,1416.0,0.0,1585.0,9.718835285882456
1781701466022569709,1.679926417,0.0,0.0,0.0,0.0,3.070285188804503,23.126401901245117,1.0,219.0,564.0,14.126470372747526,1416.0,0.0,1585.0,9.718835285882456
1781701466022588063,1.679944771,0.0,0.0,0.0,0.0,3.070285188804503,23.126401901245117,1.0,219.0,564.0,14.126470372747526,1416.0,0.0,1585.0,9.718835285882456
1781701466022603182,1.67995989,0.0,0.0,0.0,0.0,3.070285188804503,23.126401901245117,1.0,219.0,564.0,14.126470372747526,1416.0,0.0,1585.0,9.718835285882456
1781701466022623921,1.679980629,0.0,0.0,0.0,0.0,3.070285188804503,23.126401901245117,1.0,219.0,564.0,14.126470372747526,1416.0,0.0,1585.0,9.718835285882456
1781701466065392548,1.722749256,0.0,0.0,0.0,0.0,3.070285188804503,23.126401901245117,1.0,219.0,564.0,14.126470372747526,1416.0,0.0,1585.0,9.718835285882456
1781701466065467129,1.722823837,0.0,0.0,0.0,0.0,3.070285188804503,23.126401901245117,1.0,223.5,564.0,14.126470372747526,1416.0,0.0,1585.0,9.718835285882456
1781701466065471056,1.722827764,0.0,0.0,0.0,0.0,3.070285188804503,23.126401901245117,1.0,223.5,564.0,14.126470372747526,1416.0,0.0,1585.0,9.718835285882456
1781701466065477168,1.722833876,0.0,0.0,0.0,0.0,3.070285188804503,22.8057918548584,1.0,223.5,564.0,14.126470372747526,1416.0,0.0,1585.0,9.718835285882456
1781701466065481626,1.722838334,0.0,0.0,0.0,0.0,3.070285188804503,22.8057918548584,1.0,223.5,564.0,14.126470372747526,1391.0,0.0,1585.0,9.718835285882456
1781701466065485654,1.722842362,0.0,0.0,0.0,0.0,3.070285188804503,22.8057918548584,1.0,223.5,564.0,14.126470372747526,1391.0,0.0,1585.0,9.718835285882456
1781701466065494831,1.722851539,0.0,0.0,0.0,0.0,3.070285188804503,22.8057918548584,1.0,223.5,564.0,14.126470372747526,1391.0,0.0,1585.0,9.718835285882456
1781701466065518496,1.722875204,0.0,0.0,0.0,0.0,3.070285188804503,22.8057918548584,1.0,223.5,564.0,14.15517152887887,1391.0,0.0,1585.0,9.718835285882456
1781701466065537452,1.72289416,0.0,0.0,0.0,0.0,3.070285188804503,22.8057918548584,1.0,223.5,564.0,14.15517152887887,1391.0,0.0,1585.0,11.2715529709312
1781701466065562960,1.722919668,0.0,0.0,0.0,0.0,3.070285188804503,22.8057918548584,1.0,223.5,564.0,14.15517152887887,1391.0,0.0,1585.0,11.2715529709312
1781701466065668609,1.723025317,0.0,0.0,0.0,0.0,3.070285188804503,22.8057918548584,1.0,223.5,564.0,14.15517152887887,1391.0,0.0,1585.0,11.2715529709312
1781701466065692104,1.723048812,0.0,0.0,0.0,0.0,3.070285188804503,22.8057918548584,1.0,223.5,564.0,14.15517152887887,1391.0,0.0,1585.0,11.2715529709312
1781701466065713845,1.723070553,0.0,0.0,0.0,0.0,3.070285188804503,22.8057918548584,1.0,223.5,564.0,14.15517152887887,1391.0,0.0,1585.0,11.2715529709312
1781701466065763949,1.723120657,0.0,0.0,0.0,0.0,3.070285188804503,22.8057918548584,1.0,223.5,564.0,14.15517152887887,1391.0,0.0,1585.0,11.2715529709312
1781701466139337211,1.796693919,0.0,0.0,0.0,0.0,3.070285188804503,22.8057918548584,1.0,223.5,564.0,14.15517152887887,1391.0,0.0,1585.0,11.2715529709312
1781701466139388077,1.796744785,0.0,0.0,0.0,0.0,3.070285188804503,22.8057918548584,1.0,223.5,564.0,14.15517152887887,1391.0,0.0,1585.0,11.2715529709312
1781701466139394399,1.796751107,0.0,0.0,0.0,0.0,3.070285188804503,22.8057918548584,1.0,231.0,564.0,14.15517152887887,1391.0,0.0,1585.0,11.2715529709312
1781701466139400050,1.796756758,0.0,0.0,0.0,0.0,3.070285188804503,22.8057918548584,1.0,231.0,564.0,14.15517152887887,1391.0,0.0,1585.0,11.2715529709312
1781701466139405680,1.796762388,0.0,0.0,0.0,0.0,3.070285188804503,22.8057918548584,1.0,231.0,564.0,13.40895725613369,1391.0,0.0,1585.0,11.2715529709312
1781701466139408726,1.796765434,0.0,0.0,0.0,0.0,3.070285188804503,22.27143669128418,1.0,231.0,564.0,13.40895725613369,1391.0,0.0,1585.0,11.2715529709312
1781701466139411211,1.796767919,0.0,0.0,0.0,0.0,3.070285188804503,22.27143669128418,1.0,231.0,564.0,13.40895725613369,1393.0,0.0,1585.0,11.2715529709312
1781701466139414517,1.796771225,0.0,0.0,0.0,0.0,3.070285188804503,22.27143669128418,1.0,231.0,564.0,13.40895725613369,1393.0,0.0,1585.0,11.2715529709312
1781701466139421841,1.796778549,0.0,0.0,0.0,0.0,3.070285188804503,22.27143669128418,1.0,231.0,564.0,13.40895725613369,1393.0,0.0,1585.0,12.01964447075207
1781701466139424566,1.796781274,0.0,0.0,0.0,0.0,3.070285188804503,22.27143669128418,1.0,231.0,564.0,13.40895725613369,1393.0,0.0,1585.0,12.01964447075207
1781701466139462908,1.796819616,0.0,0.0,0.0,0.0,3.070285188804503,22.27143669128418,1.0,231.0,564.0,13.40895725613369,1393.0,0.0,1585.0,12.01964447075207
1781701466139474951,1.796831659,0.0,0.0,0.0,0.0,3.070285188804503,22.27143669128418,1.0,231.0,564.0,13.40895725613369,1393.0,0.0,1585.0,12.01964447075207
1781701466139485481,1.796842189,0.0,0.0,0.0,0.0,3.070285188804503,22.27143669128418,1.0,231.0,564.0,13.40895725613369,1393.0,0.0,1585.0,12.01964447075207
1781701466139511801,1.796868509,0.0,0.0,0.0,0.0,3.070285188804503,22.27143669128418,1.0,231.0,564.0,13.40895725613369,1393.0,0.0,1585.0,12.01964447075207
1781701466188332331,1.845689039,0.0,0.0,0.0,0.0,3.070285188804503,22.27143669128418,1.0,231.0,564.0,13.40895725613369,1393.0,0.0,1585.0,12.01964447075207
1781701466188388437,1.845745145,0.0,0.0,0.0,0.0,3.070285188804503,22.27143669128418,1.0,234.0,564.0,13.40895725613369,1393.0,0.0,1585.0,12.01964447075207
1781701466188394518,1.845751226,0.0,0.0,0.0,0.0,3.1058935409104693,22.27143669128418,1.0,234.0,564.0,13.40895725613369,1393.0,0.0,1585.0,12.01964447075207
1781701466188399367,1.845756075,0.0,0.0,0.0,0.0,3.1058935409104693,-3.191019058227539,1.0,234.0,564.0,13.40895725613369,1393.0,0.0,1585.0,12.01964447075207
1781701466188402674,1.845759382,0.0,0.0,0.0,0.0,3.1058935409104693,-3.191019058227539,1.0,234.0,564.0,13.40895725613369,1850.0,0.0,1585.0,12.01964447075207
1781701466188406501,1.845763209,0.0,0.0,0.0,0.0,3.1058935409104693,-3.191019058227539,1.0,234.0,564.75,13.40895725613369,1850.0,0.0,1585.0,12.01964447075207
1781701466188414676,1.845771384,0.0,0.0,0.0,0.0,3.1058935409104693,-3.191019058227539,1.0,234.0,564.75,13.40895725613369,1850.0,0.0,1585.0,12.01964447075207
1781701466188422140,1.845778848,0.0,0.0,0.0,0.0,3.1058935409104693,-3.191019058227539,1.0,234.0,564.75,9.149808611264564,1850.0,0.0,1585.0,12.01964447075207
1781701466188452047,1.845808755,0.0,0.0,0.0,0.0,3.1058935409104693,-3.191019058227539,1.0,234.0,564.75,9.149808611264564,1850.0,0.0,1585.0,11.015201919931442
1781701466188469590,1.845826298,0.0,0.0,0.0,0.0,3.1058935409104693,-3.191019058227539,1.0,234.0,564.75,9.149808611264564,1850.0,0.0,1585.0,11.015201919931442
1781701466188598994,1.845955702,0.0,0.0,0.0,0.0,3.1058935409104693,-3.191019058227539,1.0,234.0,564.75,9.149808611264564,1850.0,0.0,1585.0,11.015201919931442
1781701466188609404,1.845966112,0.0,0.0,0.0,0.0,3.1058935409104693,-3.191019058227539,1.0,234.0,564.75,9.149808611264564,1850.0,0.0,1585.0,11.015201919931442
1781701466188623621,1.845980329,0.0,0.0,0.0,0.0,3.1058935409104693,-3.191019058227539,1.0,234.0,564.75,9.149808611264564,1850.0,0.0,1585.0,11.015201919931442
1781701466188681049,1.846037757,0.0,0.0,0.0,0.0,3.1058935409104693,-3.191019058227539,1.0,234.0,564.75,9.149808611264564,1850.0,0.0,1585.0,11.015201919931442
1781701466263917954,1.921274662,0.0,0.0,0.0,0.0,3.1058935409104693,-3.191019058227539,1.0,234.0,564.75,9.149808611264564,1850.0,0.0,1585.0,11.015201919931442
1781701466263984550,1.921341258,0.0,0.0,0.0,0.0,3.1058935409104693,-3.191019058227539,1.0,234.0,564.75,9.149808611264564,1850.0,0.0,1585.0,11.015201919931442
1781701466263992064,1.921348772,0.0,0.0,0.0,0.0,3.1058935409104693,-3.191019058227539,1.0,234.0,564.75,9.149808611264564,1850.0,0.0,1585.0,10.92056135769841
1781701466263998105,1.921354813,0.0,0.0,0.0,0.0,3.1058935409104693,-3.191019058227539,1.0,240.0,564.75,9.149808611264564,1850.0,0.0,1585.0,10.92056135769841
1781701466264001392,1.9213581,0.0,0.0,0.0,0.0,3.1058935409104693,-3.191019058227539,1.0,240.0,564.75,9.149808611264564,1850.0,0.0,1585.0,10.92056135769841
1781701466264005048,1.921361756,0.0,0.0,0.0,0.0,3.1058935409104693,-3.191019058227539,1.0,240.0,564.75,9.149808611264564,1850.0,0.0,1585.0,10.92056135769841
1781701466264009106,1.921365814,0.0,0.0,0.0,0.0,3.1058935409104693,-3.191019058227539,1.0,240.0,564.75,9.149808611264564,1850.0,0.0,1585.0,10.92056135769841
1781701466264013003,1.921369711,0.0,0.0,0.0,0.0,3.1058935409104693,-3.191019058227539,1.0,240.0,564.75,9.149808611264564,1850.0,0.0,1585.0,10.92056135769841
1781701466264016169,1.921372877,0.0,0.0,0.0,0.0,3.1058935409104693,-3.191019058227539,1.0,240.0,564.75,10.744800313551352,1850.0,0.0,1585.0,10.92056135769841
1781701466264019255,1.921375963,0.0,0.0,0.0,0.0,3.1058935409104693,-3.191019058227539,1.0,240.0,564.75,10.744800313551352,1850.0,0.0,1585.0,10.92056135769841
1781701466264022461,1.921379169,0.0,0.0,0.0,0.0,3.1058935409104693,-3.4051666259765625,1.0,240.0,564.75,10.744800313551352,1850.0,0.0,1585.0,10.92056135769841
1781701466264026208,1.921382916,0.0,0.0,0.0,0.0,3.1058935409104693,-3.4051666259765625,1.0,240.0,564.75,10.744800313551352,1517.0,0.0,1585.0,10.92056135769841
1781701466264030166,1.921386874,0.0,0.0,0.0,0.0,3.1058935409104693,-3.4051666259765625,1.0,240.0,564.75,10.744800313551352,1517.0,0.0,1585.0,10.92056135769841
1781701466264033011,1.921389719,0.0,0.0,0.0,0.0,3.1058935409104693,-3.4051666259765625,1.0,240.0,564.75,10.744800313551352,1517.0,0.0,1585.0,10.92056135769841
1781701466308823347,1.966180055,0.0,0.0,0.0,0.0,3.1058935409104693,-3.4051666259765625,1.0,240.0,564.75,10.744800313551352,1517.0,0.0,1585.0,10.92056135769841
1781701466308880796,1.966237504,0.0,0.0,0.0,0.0,3.1058935409104693,-3.4051666259765625,1.0,243.75,564.75,10.744800313551352,1517.0,0.0,1585.0,10.92056135769841
1781701466308884693,1.966241401,0.0,0.0,0.0,0.0,3.1058935409104693,-3.4051666259765625,1.0,243.75,564.75,10.744800313551352,1517.0,0.0,1585.0,10.92056135769841
1781701466308892528,1.966249236,0.0,0.0,0.0,0.0,3.1058935409104693,-4.425142288208008,1.0,243.75,564.75,10.744800313551352,1517.0,0.0,1585.0,10.92056135769841
1781701466308944727,1.966301435,0.0,0.0,0.0,0.0,3.107123552590285,-4.425142288208008,1.0,243.75,564.75,10.744800313551352,1517.0,0.0,1585.0,10.92056135769841
1781701466308985724,1.966342432,0.0,0.0,0.0,0.0,3.107123552590285,-4.425142288208008,1.0,243.75,564.75,10.744800313551352,1545.0,0.0,1585.0,10.92056135769841
1781701466309029657,1.966386365,0.0,0.0,0.0,0.0,3.107123552590285,-4.425142288208008,1.0,243.75,564.75,10.744800313551352,1545.0,0.0,1585.0,10.92056135769841
1781701466309061567,1.966418275,0.0,0.0,0.0,0.0,3.107123552590285,-4.425142288208008,1.0,243.75,564.75,11.917049691281985,1545.0,0.0,1585.0,10.92056135769841
1781701466309091694,1.966448402,0.0,0.0,0.0,0.0,3.107123552590285,-4.425142288208008,1.0,243.75,564.75,11.917049691281985,1545.0,0.0,1585.0,11.269332274452662
1781701466309122262,1.96647897,0.0,0.0,0.0,0.0,3.107123552590285,-4.425142288208008,1.0,243.75,564.75,11.917049691281985,1545.0,0.0,1585.0,11.269332274452662
1781701466309207343,1.966564051,0.0,0.0,0.0,0.0,3.107123552590285,-4.425142288208008,1.0,243.75,564.75,11.917049691281985,1545.0,0.0,1585.0,11.269332274452662
1781701466309234554,1.966591262,0.0,0.0,0.0,0.0,3.107123552590285,-4.425142288208008,1.0,243.75,564.75,11.917049691281985,1545.0,0.0,1585.0,11.269332274452662
1781701466309261876,1.966618584,0.0,0.0,0.0,0.0,3.107123552590285,-4.425142288208008,1.0,243.75,564.75,11.917049691281985,1545.0,0.0,1585.0,11.269332274452662
1781701466309306029,1.966662737,0.0,0.0,0.0,0.0,3.107123552590285,-4.425142288208008,1.0,243.75,564.75,11.917049691281985,1545.0,0.0,1585.0,11.269332274452662
1781701466348772848,2.006129556,0.0,0.0,0.0,0.0,3.107123552590285,-4.425142288208008,1.0,243.75,564.75,11.917049691281985,1545.0,0.0,1585.0,11.269332274452662
1781701466348866095,2.006222803,0.0,0.0,0.0,0.0,3.107123552590285,-4.425142288208008,1.0,243.75,564.75,11.917049691281985,1545.0,0.0,1585.0,11.269332274452662
1781701466348873448,2.006230156,0.0,0.0,0.0,0.0,3.107123552590285,-4.425142288208008,1.0,246.75,564.75,11.917049691281985,1545.0,0.0,1585.0,11.269332274452662
1781701466348879510,2.006236218,0.0,0.0,0.0,0.0,3.107123552590285,-4.425142288208008,1.0,246.75,564.75,11.917049691281985,1545.0,0.0,1585.0,11.269332274452662
1781701466348884870,2.006241578,0.0,0.0,0.0,0.0,3.107123552590285,-4.425142288208008,1.0,246.75,564.75,10.205069318300202,1545.0,0.0,1585.0,11.269332274452662
1781701466348888888,2.006245596,0.0,0.0,0.0,0.0,3.107123552590285,-4.528528213500977,1.0,246.75,564.75,10.205069318300202,1545.0,0.0,1585.0,11.269332274452662
1781701466348891773,2.006248481,0.0,0.0,0.0,0.0,3.107123552590285,-4.528528213500977,1.0,246.75,564.75,10.205069318300202,1522.0,0.0,1585.0,11.269332274452662
1781701466348895831,2.006252539,0.0,0.0,0.0,0.0,3.107123552590285,-4.528528213500977,1.0,246.75,564.75,10.205069318300202,1522.0,0.0,1585.0,11.269332274452662
1781701466348904627,2.006261335,0.0,0.0,0.0,0.0,3.107123552590285,-4.528528213500977,1.0,246.75,564.75,10.205069318300202,1522.0,0.0,1585.0,10.8968402397993
1781701466348911821,2.006268529,0.0,0.0,0.0,0.0,3.107123552590285,-4.528528213500977,1.0,246.75,564.75,10.205069318300202,1522.0,0.0,1585.0,10.8968402397993
1781701466349014635,2.006371343,0.0,0.0,0.0,0.0,3.107123552590285,-4.528528213500977,1.0,246.75,564.75,10.205069318300202,1522.0,0.0,1585.0,10.8968402397993
1781701466349037238,2.006393946,0.0,0.0,0.0,0.0,3.107123552590285,-4.528528213500977,1.0,246.75,564.75,10.205069318300202,1522.0,0.0,1585.0,10.8968402397993
1781701466349069499,2.006426207,0.0,0.0,0.0,0.0,3.107123552590285,-4.528528213500977,1.0,246.75,564.75,10.205069318300202,1522.0,0.0,1585.0,10.8968402397993
1781701466349123441,2.006480149,0.0,0.0,0.0,0.0,3.107123552590285,-4.528528213500977,1.0,246.75,564.75,10.205069318300202,1522.0,0.0,1585.0,10.8968402397993
1781701466395851488,2.053208196,0.0,0.0,0.0,0.0,3.107123552590285,-4.528528213500977,1.0,246.75,564.75,10.205069318300202,1522.0,0.0,1585.0,10.8968402397993
1781701466395929104,2.053285812,0.0,0.0,0.0,0.0,3.107123552590285,-4.528528213500977,1.0,246.75,564.75,10.205069318300202,1522.0,0.0,1585.0,10.8968402397993
1781701466395935166,2.053291874,0.0,0.0,0.0,0.0,3.107123552590285,-4.528528213500977,1.0,253.5,564.75,10.205069318300202,1522.0,0.0,1585.0,10.8968402397993
1781701466395940005,2.053296713,0.0,0.0,0.0,0.0,-3.141592653589793,-4.528528213500977,1.0,253.5,564.75,10.205069318300202,1522.0,0.0,1585.0,10.8968402397993
1781701466395946798,2.053303506,0.0,0.0,0.0,0.0,-3.141592653589793,-28.5,1.0,253.5,564.75,10.205069318300202,1522.0,0.0,1585.0,10.8968402397993
1781701466395952839,2.053309547,0.0,0.0,0.0,0.0,-3.141592653589793,-28.5,1.0,253.5,564.75,10.205069318300202,1850.0,0.0,1585.0,10.8968402397993
1781701466395957498,2.053314206,0.0,0.0,0.0,0.0,-3.141592653589793,-28.5,1.0,253.5,565.5,10.205069318300202,1850.0,0.0,1585.0,10.8968402397993
1781701466395969951,2.053326659,0.0,0.0,0.0,0.0,-3.141592653589793,-28.5,1.0,253.5,565.5,10.205069318300202,1850.0,0.0,1585.0,14.304233332025023
1781701466395974340,2.053331048,0.0,0.0,0.0,0.0,-3.141592653589793,-28.5,1.0,253.5,565.5,20.632249074729938,1850.0,0.0,1585.0,14.304233332025023
1781701466395984178,2.053340886,0.0,0.0,0.0,0.0,-3.141592653589793,-28.5,1.0,253.5,565.5,20.632249074729938,1850.0,0.0,1585.0,14.304233332025023
1781701466396052828,2.053409536,0.0,0.0,0.0,0.0,-3.141592653589793,-28.5,1.0,253.5,565.5,20.632249074729938,1850.0,0.0,1585.0,14.304233332025023
1781701466396069810,2.053426518,0.0,0.0,0.0,0.0,-3.141592653589793,-28.5,1.0,253.5,565.5,20.632249074729938,1850.0,0.0,1585.0,14.304233332025023
1781701466396085229,2.053441937,0.0,0.0,0.0,0.0,-3.141592653589793,-28.5,1.0,253.5,565.5,20.632249074729938,1850.0,0.0,1585.0,14.304233332025023
1781701466396150282,2.05350699,0.0,0.0,0.0,0.0,-3.141592653589793,-28.5,1.0,253.5,565.5,20.632249074729938,1850.0,0.0,1585.0,14.304233332025023
1781701466444779891,2.102136599,0.0,0.0,0.0,0.0,-3.141592653589793,-28.5,1.0,253.5,565.5,20.632249074729938,1850.0,0.0,1585.0,14.304233332025023
1781701466444833172,2.10218988,0.0,0.0,0.0,0.0,-3.141592653589793,-28.5,1.0,261.75,565.5,20.632249074729938,1850.0,0.0,1585.0,14.304233332025023
1781701466444838702,2.10219541,0.0,0.0,0.0,0.0,-3.141592653589793,-28.5,1.0,261.75,565.5,20.632249074729938,1850.0,0.0,1585.0,14.304233332025023
1781701466444844032,2.10220074,0.0,0.0,0.0,0.0,-3.141592653589793,-28.5,1.0,261.75,565.5,20.632249074729938,1850.0,0.0,1585.0,14.304233332025023
1781701466444848911,2.102205619,0.0,0.0,0.0,0.0,-3.141592653589793,-28.5,1.0,261.75,565.5,20.632249074729938,1646.0,0.0,1585.0,14.304233332025023
1781701466444852979,2.102209687,0.0,0.0,0.0,0.0,-3.141592653589793,-28.5,1.0,261.75,565.5,20.632249074729938,1646.0,0.0,1585.0,14.304233332025023
1781701466444864942,2.10222165,0.0,0.0,0.0,0.0,-3.141592653589793,-28.5,1.0,261.75,565.5,20.632249074729938,1646.0,0.0,1585.0,14.304233332025023
1781701466444874510,2.102231218,0.0,0.0,0.0,0.0,-3.141592653589793,-28.5,1.0,261.75,565.5,22.983466132840263,1646.0,0.0,1585.0,14.304233332025023
1781701466444901350,2.102258058,0.0,0.0,0.0,0.0,-3.141592653589793,-28.5,1.0,261.75,565.5,22.983466132840263,1646.0,0.0,1585.0,17.34196481231036
1781701466444929233,2.102285941,0.0,0.0,0.0,0.0,-3.141592653589793,-28.5,1.0,261.75,565.5,22.983466132840263,1646.0,0.0,1585.0,17.34196481231036
1781701466445016738,2.102373446,0.0,0.0,0.0,0.0,-3.141592653589793,-28.5,1.0,261.75,565.5,22.983466132840263,1646.0,0.0,1585.0,17.34196481231036
1781701466445029493,2.102386201,0.0,0.0,0.0,0.0,-3.141592653589793,-28.5,1.0,261.75,565.5,22.983466132840263,1646.0,0.0,1585.0,17.34196481231036
1781701466445044471,2.102401179,0.0,0.0,0.0,0.0,-3.141592653589793,-28.5,1.0,261.75,565.5,22.983466132840263,1646.0,0.0,1585.0,17.34196481231036
1781701466445096519,2.102453227,0.0,0.0,0.0,0.0,-3.141592653589793,-28.5,1.0,261.75,565.5,22.983466132840263,1646.0,0.0,1585.0,17.34196481231036
1781701466480651208,2.138007916,0.0,0.0,0.0,0.0,-3.141592653589793,-28.5,1.0,261.75,565.5,22.983466132840263,1646.0,0.0,1585.0,17.34196481231036
1781701466480726941,2.138083649,0.0,0.0,0.0,0.0,-3.141592653589793,-28.5,1.0,261.75,565.5,22.983466132840263,1646.0,0.0,1585.0,17.34196481231036
1781701466480733864,2.138090572,0.0,0.0,0.0,0.0,-3.141592653589793,-28.5,1.0,261.75,565.5,22.983466132840263,1646.0,0.0,1585.0,20.222966304951548
1781701466480742881,2.138099589,0.0,0.0,0.0,0.0,-3.141592653589793,-28.5,1.0,268.5,565.5,22.983466132840263,1646.0,0.0,1585.0,20.222966304951548
1781701466480747590,2.138104298,0.0,0.0,0.0,0.0,-3.141592653589793,-28.5,1.0,268.5,565.5,22.983466132840263,1646.0,0.0,1585.0,20.222966304951548
1781701466480765163,2.138121871,0.0,0.0,0.0,0.0,-3.141592653589793,-28.5,1.0,268.5,565.5,25.573397648428045,1646.0,0.0,1585.0,20.222966304951548
1781701466480773028,2.138129736,0.0,0.0,0.0,0.0,-3.141592653589793,-28.5,1.0,268.5,565.5,25.573397648428045,1646.0,0.0,1585.0,20.222966304951548
1781701466480779229,2.138135937,0.0,0.0,0.0,0.0,-3.141592653589793,-28.5,1.0,268.5,565.5,25.573397648428045,1646.0,0.0,1585.0,20.222966304951548
1781701466480785812,2.13814252,0.0,0.0,0.0,0.0,-3.141592653589793,-28.5,1.0,268.5,565.5,25.573397648428045,1646.0,0.0,1585.0,20.222966304951548
1781701466480791092,2.1381478,0.0,0.0,0.0,0.0,-3.141592653589793,-28.5,1.0,268.5,565.5,25.573397648428045,1646.0,0.0,1585.0,20.222966304951548
1781701466480801862,2.13815857,0.0,0.0,0.0,0.0,-3.141592653589793,-28.5,1.0,268.5,565.5,25.573397648428045,1646.0,0.0,1585.0,20.222966304951548
1781701466480807633,2.138164341,0.0,0.0,0.0,0.0,-3.141592653589793,-28.5,1.0,268.5,565.5,25.573397648428045,1646.0,0.0,1585.0,20.222966304951548
1781701466480817732,2.13817444,0.0,0.0,0.0,0.0,-3.141592653589793,-28.5,1.0,268.5,565.5,25.573397648428045,1646.0,0.0,1585.0,20.222966304951548
1781701466480860874,2.138217582,0.0,0.0,0.0,0.0,-3.141592653589793,-28.5,1.0,268.5,565.5,25.573397648428045,1646.0,0.0,1585.0,20.222966304951548
1781701466521171707,2.178528415,0.0,0.0,0.0,0.0,-3.141592653589793,-28.5,1.0,268.5,565.5,25.573397648428045,1646.0,0.0,1585.0,20.222966304951548
1781701466521216803,2.178573511,0.0,0.0,0.0,0.0,-3.141592653589793,-28.5,1.0,274.5,565.5,25.573397648428045,1646.0,0.0,1585.0,20.222966304951548
1781701466521222634,2.178579342,0.0,0.0,0.0,0.0,-3.141592653589793,-28.5,1.0,274.5,565.5,25.573397648428045,1646.0,0.0,1585.0,20.222966304951548
1781701466521227082,2.17858379,0.0,0.0,0.0,0.0,-3.141592653589793,-28.5,1.0,274.5,565.5,25.573397648428045,1646.0,0.0,1585.0,20.222966304951548
1781701466521230679,2.178587387,0.0,0.0,0.0,0.0,-3.141592653589793,-28.5,1.0,274.5,565.5,25.573397648428045,1646.0,0.0,1585.0,20.222966304951548
1781701466521241860,2.178598568,0.0,0.0,0.0,0.0,-3.141592653589793,-28.5,1.0,274.5,565.5,25.573397648428045,1646.0,0.0,1585.0,20.222966304951548
1781701466521258401,2.178615109,0.0,0.0,0.0,0.0,-3.141592653589793,-28.5,1.0,274.5,565.5,25.573397648428045,1646.0,0.0,1585.0,20.222966304951548
1781701466521288478,2.178645186,0.0,0.0,0.0,0.0,-3.141592653589793,-28.5,1.0,274.5,565.5,19.98049393590741,1646.0,0.0,1585.0,20.222966304951548
1781701466521306352,2.17866306,0.0,0.0,0.0,0.0,-3.141592653589793,-28.5,1.0,274.5,565.5,19.98049393590741,1646.0,0.0,1585.0,20.138100975786102
1781701466521341859,2.178698567,0.0,0.0,0.0,0.0,-3.141592653589793,-28.5,1.0,274.5,565.5,19.98049393590741,1646.0,0.0,1585.0,20.138100975786102
1781701466521415989,2.178772697,0.0,0.0,0.0,0.0,-3.141592653589793,-28.5,1.0,274.5,565.5,19.98049393590741,1646.0,0.0,1585.0,20.138100975786102
1781701466521428623,2.178785331,0.0,0.0,0.0,0.0,-3.141592653589793,-28.5,1.0,274.5,565.5,19.98049393590741,1646.0,0.0,1585.0,20.138100975786102
1781701466521455784,2.178812492,0.0,0.0,0.0,0.0,-3.141592653589793,-28.5,1.0,274.5,565.5,19.98049393590741,1646.0,0.0,1585.0,20.138100975786102
1781701466521503514,2.178860222,0.0,0.0,0.0,0.0,-3.141592653589793,-28.5,1.0,274.5,565.5,19.98049393590741,1646.0,0.0,1585.0,20.138100975786102
1781701466575479453,2.232836161,0.0,0.0,0.0,0.0,-3.141592653589793,-28.5,1.0,280.5,565.5,19.98049393590741,1646.0,0.0,1585.0,20.138100975786102
1781701466575516834,2.232873542,0.0,0.0,0.0,0.0,-3.141592653589793,-28.5,1.0,280.5,565.5,19.98049393590741,1646.0,0.0,1585.0,20.138100975786102
1781701466575523136,2.232879844,0.0,0.0,0.0,0.0,-3.141592653589793,-28.5,1.0,280.5,567.0,19.98049393590741,1646.0,0.0,1585.0,20.138100975786102
1781701466575682236,2.233038944,0.0,0.0,0.0,0.0,-3.141592653589793,-28.5,1.0,280.5,567.0,19.98049393590741,1646.0,0.0,1585.0,20.138100975786102
1781701466575690833,2.233047541,0.0,0.0,0.0,0.0,-3.141592653589793,-28.5,1.0,280.5,567.0,19.98049393590741,1646.0,0.0,1585.0,18.66483457499467
1781701466575695862,2.23305257,0.0,0.0,0.0,0.0,3.070285188804503,-28.5,1.0,280.5,567.0,19.98049393590741,1646.0,0.0,1585.0,18.66483457499467
1781701466575699940,2.233056648,0.0,0.0,0.0,0.0,3.070285188804503,-28.5,1.0,280.5,567.0,15.928768402096303,1646.0,0.0,1585.0,18.66483457499467
1781701466575705711,2.233062419,0.0,0.0,0.0,0.0,3.070285188804503,21.737083435058594,1.0,280.5,567.0,15.928768402096303,1646.0,0.0,1585.0,18.66483457499467
1781701466575709949,2.233066657,0.0,0.0,0.0,0.0,3.070285188804503,21.737083435058594,1.0,280.5,567.0,15.928768402096303,1150.0,0.0,1585.0,18.66483457499467
1781701466575713506,2.233070214,0.0,0.0,0.0,0.0,3.070285188804503,21.737083435058594,1.0,280.5,567.0,15.928768402096303,1150.0,0.0,1585.0,18.66483457499467
1781701466577651697,2.235008405,0.0,0.0,0.0,0.0,3.070285188804503,21.737083435058594,1.0,280.5,567.0,15.928768402096303,1150.0,0.0,1585.0,18.66483457499467
1781701466577668008,2.235024716,0.0,0.0,0.0,0.0,3.070285188804503,21.737083435058594,1.0,280.5,567.0,15.928768402096303,1150.0,0.0,1585.0,18.66483457499467
1781701466577671064,2.235027772,0.0,0.0,0.0,0.0,3.070285188804503,21.737083435058594,1.0,280.5,567.0,15.928768402096303,1150.0,0.0,1585.0,18.66483457499467
1781701466577674340,2.235031048,0.0,0.0,0.0,0.0,3.070285188804503,21.737083435058594,1.0,280.5,567.0,15.928768402096303,1150.0,0.0,1585.0,18.66483457499467
1781701466618987036,2.276343744,0.0,0.0,0.0,0.0,3.070285188804503,21.737083435058594,1.0,280.5,567.0,15.928768402096303,1150.0,0.0,1585.0,18.66483457499467
1781701466619034786,2.276391494,0.0,0.0,0.0,0.0,3.070285188804503,21.737083435058594,1.0,283.5,567.0,15.928768402096303,1150.0,0.0,1585.0,18.66483457499467
1781701466619040006,2.276396714,0.0,0.0,0.0,0.0,3.070285188804503,21.737083435058594,1.0,283.5,567.0,15.928768402096303,1150.0,0.0,1585.0,18.66483457499467
1781701466619044395,2.276401103,0.0,0.0,0.0,0.0,3.070285188804503,21.52334213256836,1.0,283.5,567.0,15.928768402096303,1150.0,0.0,1585.0,18.66483457499467
1781701466619049013,2.276405721,0.0,0.0,0.0,0.0,3.070285188804503,21.52334213256836,1.0,283.5,567.0,15.928768402096303,1150.0,0.0,1585.0,18.66483457499467
1781701466619059473,2.276416181,0.0,0.0,0.0,0.0,3.070285188804503,21.52334213256836,1.0,283.5,567.0,15.928768402096303,1395.0,0.0,1585.0,18.66483457499467
1781701466619094339,2.276451047,0.0,0.0,0.0,0.0,3.070285188804503,21.52334213256836,1.0,283.5,567.0,15.928768402096303,1395.0,0.0,1585.0,18.66483457499467
1781701466619118074,2.276474782,0.0,0.0,0.0,0.0,3.070285188804503,21.52334213256836,1.0,283.5,567.0,10.077461527762662,1395.0,0.0,1585.0,18.66483457499467
1781701466619145506,2.276502214,0.0,0.0,0.0,0.0,3.070285188804503,21.52334213256836,1.0,283.5,567.0,10.077461527762662,1395.0,0.0,1585.0,15.659254008463469
1781701466619163940,2.276520648,0.0,0.0,0.0,0.0,3.070285188804503,21.52334213256836,1.0,283.5,567.0,10.077461527762662,1395.0,0.0,1585.0,15.659254008463469
1781701466619284729,2.276641437,0.0,0.0,0.0,0.0,3.070285188804503,21.52334213256836,1.0,283.5,567.0,10.077461527762662,1395.0,0.0,1585.0,15.659254008463469
1781701466619293836,2.276650544,0.0,0.0,0.0,0.0,3.070285188804503,21.52334213256836,1.0,283.5,567.0,10.077461527762662,1395.0,0.0,1585.0,15.659254008463469
1781701466619307962,2.27666467,0.0,0.0,0.0,0.0,3.070285188804503,21.52334213256836,1.0,283.5,567.0,10.077461527762662,1395.0,0.0,1585.0,15.659254008463469
1781701466619354781,2.276711489,0.0,0.0,0.0,0.0,3.070285188804503,21.52334213256836,1.0,283.5,567.0,10.077461527762662,1395.0,0.0,1585.0,15.659254008463469
1781701466705895620,2.363252328,0.0,0.0,0.0,0.0,3.070285188804503,21.52334213256836,1.0,283.5,567.0,10.077461527762662,1395.0,0.0,1585.0,15.659254008463469
1781701466705969390,2.363326098,0.0,0.0,0.0,0.0,3.070285188804503,21.52334213256836,1.0,289.5,567.0,10.077461527762662,1395.0,0.0,1585.0,15.659254008463469
1781701466705974810,2.363331518,0.0,0.0,0.0,0.0,-3.141592653589793,21.52334213256836,1.0,289.5,567.0,10.077461527762662,1395.0,0.0,1585.0,15.659254008463469
1781701466705981703,2.363338411,0.0,0.0,0.0,0.0,-3.141592653589793,-25.5,1.0,289.5,567.0,10.077461527762662,1395.0,0.0,1585.0,15.659254008463469
1781701466705986993,2.363343701,0.0,0.0,0.0,0.0,-3.141592653589793,-25.5,1.0,289.5,567.0,10.077461527762662,1850.0,0.0,1585.0,15.659254008463469
1781701466705990770,2.363347478,0.0,0.0,0.0,0.0,-3.141592653589793,-25.5,1.0,289.5,568.5,10.077461527762662,1850.0,0.0,1585.0,15.659254008463469
1781701466706001861,2.363358569,0.0,0.0,0.0,0.0,-3.141592653589793,-25.5,1.0,289.5,568.5,10.077461527762662,1850.0,0.0,1585.0,15.659254008463469
1781701466706012762,2.36336947,0.0,0.0,0.0,0.0,-3.141592653589793,-25.5,1.0,289.5,568.5,9.327015981887124,1850.0,0.0,1585.0,15.659254008463469
1781701466706038641,2.363395349,0.0,0.0,0.0,0.0,-3.141592653589793,-25.5,1.0,289.5,568.5,9.327015981887124,1850.0,0.0,1585.0,13.442970699161748
1781701466706067084,2.363423792,0.0,0.0,0.0,0.0,-3.141592653589793,-25.5,1.0,289.5,568.5,9.327015981887124,1850.0,0.0,1585.0,13.442970699161748
1781701466706180338,2.363537046,0.0,0.0,0.0,0.0,-3.141592653589793,-25.5,1.0,289.5,568.5,9.327015981887124,1850.0,0.0,1585.0,13.442970699161748
1781701466706217028,2.363573736,0.0,0.0,0.0,0.0,-3.141592653589793,-25.5,1.0,289.5,568.5,9.327015981887124,1850.0,0.0,1585.0,13.442970699161748
1781701466706234190,2.363590898,0.0,0.0,0.0,0.0,-3.141592653589793,-25.5,1.0,289.5,568.5,9.327015981887124,1850.0,0.0,1585.0,13.442970699161748
1781701466706294724,2.363651432,0.0,0.0,0.0,0.0,-3.141592653589793,-25.5,1.0,289.5,568.5,9.327015981887124,1850.0,0.0,1585.0,13.442970699161748
1781701466786089880,2.443446588,0.0,0.0,0.0,0.0,-3.141592653589793,-25.5,1.0,289.5,568.5,9.327015981887124,1850.0,0.0,1585.0,13.442970699161748
1781701466786155194,2.443511902,0.0,0.0,0.0,0.0,-3.141592653589793,-25.5,1.0,289.5,568.5,9.327015981887124,1850.0,0.0,1585.0,13.442970699161748
1781701466786161055,2.443517763,0.0,0.0,0.0,0.0,-3.141592653589793,-25.5,1.0,295.5,568.5,9.327015981887124,1850.0,0.0,1585.0,13.442970699161748
1781701466786164842,2.44352155,0.0,0.0,0.0,0.0,-3.141592653589793,-25.5,1.0,295.5,568.5,9.327015981887124,1850.0,0.0,1585.0,13.442970699161748
1781701466786171224,2.443527932,0.0,0.0,0.0,0.0,-3.141592653589793,-25.5,1.0,295.5,568.5,10.513887280530092,1850.0,0.0,1585.0,13.442970699161748
1781701466786176374,2.443533082,0.0,0.0,0.0,0.0,-3.141592653589793,-25.5,1.0,295.5,568.5,10.513887280530092,1850.0,0.0,1585.0,13.442970699161748
1781701466786180201,2.443536909,0.0,0.0,0.0,0.0,-3.141592653589793,-25.5,1.0,295.5,568.5,10.513887280530092,1631.0,0.0,1585.0,13.442970699161748
1781701466786184319,2.443541027,0.0,0.0,0.0,0.0,-3.141592653589793,-25.5,1.0,295.5,568.5,10.513887280530092,1631.0,0.0,1585.0,13.442970699161748
1781701466786193877,2.443550585,0.0,0.0,0.0,0.0,-3.141592653589793,-25.5,1.0,295.5,568.5,10.513887280530092,1631.0,0.0,1585.0,12.417791502640668
1781701466786196672,2.44355338,0.0,0.0,0.0,0.0,-3.141592653589793,-25.5,1.0,295.5,568.5,10.513887280530092,1631.0,0.0,1585.0,12.417791502640668
1781701466786256775,2.443613483,0.0,0.0,0.0,0.0,-3.141592653589793,-25.5,1.0,295.5,568.5,10.513887280530092,1631.0,0.0,1585.0,12.417791502640668
1781701466786267305,2.443624013,0.0,0.0,0.0,0.0,-3.141592653589793,-25.5,1.0,295.5,568.5,10.513887280530092,1631.0,0.0,1585.0,12.417791502640668
1781701466786290028,2.443646736,0.0,0.0,0.0,0.0,-3.141592653589793,-25.5,1.0,295.5,568.5,10.513887280530092,1631.0,0.0,1585.0,12.417791502640668
1781701466786326637,2.443683345,0.0,0.0,0.0,0.0,-3.141592653589793,-25.5,1.0,295.5,568.5,10.513887280530092,1631.0,0.0,1585.0,12.417791502640668
1781701466831153002,2.48850971,0.0,0.0,0.0,0.0,-3.141592653589793,-25.5,1.0,295.5,568.5,10.513887280530092,1631.0,0.0,1585.0,12.417791502640668
1781701466831249213,2.488605921,0.0,0.0,0.0,0.0,-3.141592653589793,-25.5,1.0,298.5,568.5,10.513887280530092,1631.0,0.0,1585.0,12.417791502640668
1781701466831256407,2.488613115,0.0,0.0,0.0,0.0,3.0750244898139694,-25.5,1.0,298.5,568.5,10.513887280530092,1631.0,0.0,1585.0,12.417791502640668
1781701466831261857,2.488618565,0.0,0.0,0.0,0.0,3.0750244898139694,20.294584274291992,1.0,298.5,568.5,10.513887280530092,1631.0,0.0,1585.0,12.417791502640668
1781701466831266256,2.488622964,0.0,0.0,0.0,0.0,3.0750244898139694,20.294584274291992,1.0,298.5,568.5,10.513887280530092,1150.0,0.0,1585.0,12.417791502640668
1781701466831270654,2.488627362,0.0,0.0,0.0,0.0,3.0750244898139694,20.294584274291992,1.0,298.5,570.0,10.513887280530092,1150.0,0.0,1585.0,12.417791502640668
1781701466831277757,2.488634465,0.0,0.0,0.0,0.0,3.0750244898139694,20.294584274291992,1.0,298.5,570.0,10.513887280530092,1150.0,0.0,1585.0,12.417791502640668
1781701466831308616,2.488665324,0.0,0.0,0.0,0.0,3.0750244898139694,20.294584274291992,1.0,298.5,570.0,9.638856001765106,1150.0,0.0,1585.0,12.417791502640668
1781701466831352238,2.488708946,0.0,0.0,0.0,0.0,3.0750244898139694,20.294584274291992,1.0,298.5,570.0,9.638856001765106,1150.0,0.0,1585.0,11.445164077334221
1781701466831395880,2.488752588,0.0,0.0,0.0,0.0,3.0750244898139694,20.294584274291992,1.0,298.5,570.0,9.638856001765106,1150.0,0.0,1585.0,11.445164077334221
1781701466831551595,2.488908303,0.0,0.0,0.0,0.0,3.0750244898139694,20.294584274291992,1.0,298.5,570.0,9.638856001765106,1150.0,0.0,1585.0,11.445164077334221
1781701466831566833,2.488923541,0.0,0.0,0.0,0.0,3.0750244898139694,20.294584274291992,1.0,298.5,570.0,9.638856001765106,1150.0,0.0,1585.0,11.445164077334221
1781701466831573656,2.488930364,0.0,0.0,0.0,0.0,3.0750244898139694,20.294584274291992,1.0,298.5,570.0,9.638856001765106,1150.0,0.0,1585.0,11.445164077334221
1781701466831618842,2.48897555,0.0,0.0,0.0,0.0,3.0750244898139694,20.294584274291992,1.0,298.5,570.0,9.638856001765106,1150.0,0.0,1585.0,11.445164077334221
1781701466873969328,2.531326036,0.0,0.0,0.0,0.0,3.0750244898139694,20.294584274291992,1.0,298.5,570.0,9.638856001765106,1150.0,0.0,1585.0,11.445164077334221
1781701466874016988,2.531373696,0.0,0.0,0.0,0.0,3.0750244898139694,20.294584274291992,1.0,298.5,570.0,9.638856001765106,1150.0,0.0,1585.0,11.445164077334221
1781701466874022569,2.531379277,0.0,0.0,0.0,0.0,3.0750244898139694,20.294584274291992,1.0,300.75,570.0,9.638856001765106,1150.0,0.0,1585.0,11.445164077334221
1781701466874025655,2.531382363,0.0,0.0,0.0,0.0,3.0727361642887487,20.294584274291992,1.0,300.75,570.0,9.638856001765106,1150.0,0.0,1585.0,11.445164077334221
1781701466874029422,2.53138613,0.0,0.0,0.0,0.0,3.0727361642887487,21.661958694458008,1.0,300.75,570.0,9.638856001765106,1150.0,0.0,1585.0,11.445164077334221
1781701466874031836,2.531388544,0.0,0.0,0.0,0.0,3.0727361642887487,21.661958694458008,1.0,300.75,570.0,9.638856001765106,1354.0,0.0,1585.0,11.445164077334221
1781701466874036004,2.531392712,0.0,0.0,0.0,0.0,3.0727361642887487,21.661958694458008,1.0,300.75,570.0,9.638856001765106,1354.0,0.0,1585.0,11.445164077334221
1781701466874042957,2.531399665,0.0,0.0,0.0,0.0,3.0727361642887487,21.661958694458008,1.0,300.75,570.0,9.638856001765106,1354.0,0.0,1585.0,9.979248766996871
1781701466874045302,2.53140201,0.0,0.0,0.0,0.0,3.0727361642887487,21.661958694458008,1.0,300.75,570.0,7.256834619227509,1354.0,0.0,1585.0,9.979248766996871
1781701466874051664,2.531408372,0.0,0.0,0.0,0.0,3.0727361642887487,21.661958694458008,1.0,300.75,570.0,7.256834619227509,1354.0,0.0,1585.0,9.979248766996871
1781701466874128890,2.531485598,0.0,0.0,0.0,0.0,3.0727361642887487,21.661958694458008,1.0,300.75,570.0,7.256834619227509,1354.0,0.0,1585.0,9.979248766996871
1781701466874135452,2.53149216,0.0,0.0,0.0,0.0,3.0727361642887487,21.661958694458008,1.0,300.75,570.0,7.256834619227509,1354.0,0.0,1585.0,9.979248766996871
1781701466874164257,2.531520965,0.0,0.0,0.0,0.0,3.0727361642887487,21.661958694458008,1.0,300.75,570.0,7.256834619227509,1354.0,0.0,1585.0,9.979248766996871
1781701466874188222,2.53154493,0.0,0.0,0.0,0.0,3.0727361642887487,21.661958694458008,1.0,300.75,570.0,7.256834619227509,1354.0,0.0,1585.0,9.979248766996871
1781701466915284630,2.572641338,0.0,0.0,0.0,0.0,3.0727361642887487,21.661958694458008,1.0,300.75,570.0,7.256834619227509,1354.0,0.0,1585.0,9.979248766996871
1781701466915346076,2.572702784,0.0,0.0,0.0,0.0,3.0727361642887487,21.661958694458008,1.0,300.75,570.0,7.256834619227509,1354.0,0.0,1585.0,9.979248766996871
1781701466915352828,2.572709536,0.0,0.0,0.0,0.0,3.0727361642887487,21.661958694458008,1.0,306.0,570.0,7.256834619227509,1354.0,0.0,1585.0,9.979248766996871
1781701466915357187,2.572713895,0.0,0.0,0.0,0.0,3.070285188804503,21.661958694458008,1.0,306.0,570.0,7.256834619227509,1354.0,0.0,1585.0,9.979248766996871
1781701466915365252,2.57272196,0.0,0.0,0.0,0.0,3.070285188804503,22.912660598754883,1.0,306.0,570.0,7.256834619227509,1354.0,0.0,1585.0,9.979248766996871
1781701466915368538,2.572725246,0.0,0.0,0.0,0.0,3.070285188804503,22.912660598754883,1.0,306.0,570.0,7.256834619227509,1349.0,0.0,1585.0,9.979248766996871
1781701466915371574,2.572728282,0.0,0.0,0.0,0.0,3.070285188804503,22.912660598754883,1.0,306.0,570.0,7.256834619227509,1349.0,0.0,1585.0,9.979248766996871
1781701466915378787,2.572735495,0.0,0.0,0.0,0.0,3.070285188804503,22.912660598754883,1.0,306.0,570.0,17.887446345653608,1349.0,0.0,1585.0,9.979248766996871
1781701466915387213,2.572743921,0.0,0.0,0.0,0.0,3.070285188804503,22.912660598754883,1.0,306.0,570.0,17.887446345653608,1349.0,0.0,1585.0,12.74711791952673
1781701466915416278,2.572772986,0.0,0.0,0.0,0.0,3.070285188804503,22.912660598754883,1.0,306.0,570.0,17.887446345653608,1349.0,0.0,1585.0,12.74711791952673
1781701466915499516,2.572856224,0.0,0.0,0.0,0.0,3.070285188804503,22.912660598754883,1.0,306.0,570.0,17.887446345653608,1349.0,0.0,1585.0,12.74711791952673
1781701466915512450,2.572869158,0.0,0.0,0.0,0.0,3.070285188804503,22.912660598754883,1.0,306.0,570.0,17.887446345653608,1349.0,0.0,1585.0,12.74711791952673
1781701466915532568,2.572889276,0.0,0.0,0.0,0.0,3.070285188804503,22.912660598754883,1.0,306.0,570.0,17.887446345653608,1349.0,0.0,1585.0,12.74711791952673
1781701466915591770,2.572948478,0.0,0.0,0.0,0.0,3.070285188804503,22.912660598754883,1.0,306.0,570.0,17.887446345653608,1349.0,0.0,1585.0,12.74711791952673
1781701466992685733,2.650042441,0.0,0.0,0.0,0.0,3.070285188804503,22.912660598754883,1.0,312.0,570.0,17.887446345653608,1349.0,0.0,1585.0,12.74711791952673
1781701466992709628,2.650066336,0.0,0.0,0.0,0.0,3.070285188804503,22.912660598754883,1.0,312.0,570.0,17.887446345653608,1349.0,0.0,1585.0,12.74711791952673
1781701466992736048,2.650092756,0.0,0.0,0.0,0.0,3.0348569809406576,22.912660598754883,1.0,312.0,570.0,17.887446345653608,1349.0,0.0,1585.0,12.74711791952673
1781701466992741999,2.650098707,0.0,0.0,0.0,0.0,3.0348569809406576,46.2987174987793,1.0,312.0,570.0,17.887446345653608,1349.0,0.0,1585.0,12.74711791952673
1781701466992746077,2.650102785,0.0,0.0,0.0,0.0,3.0348569809406576,46.2987174987793,1.0,312.0,570.75,17.887446345653608,1349.0,0.0,1585.0,12.74711791952673
1781701466992766856,2.650123564,0.0,0.0,0.0,0.0,3.0348569809406576,46.2987174987793,1.0,312.0,570.75,17.887446345653608,1150.0,0.0,1585.0,12.74711791952673
1781701466992784940,2.650141648,0.0,0.0,0.0,0.0,3.0348569809406576,46.2987174987793,1.0,312.0,570.75,17.887446345653608,1150.0,0.0,1585.0,12.74711791952673
1781701466992822651,2.650179359,0.0,0.0,0.0,0.0,3.0348569809406576,46.2987174987793,1.0,312.0,570.75,10.138637469738589,1150.0,0.0,1585.0,12.74711791952673
1781701466992842329,2.650199037,0.0,0.0,0.0,0.0,3.0348569809406576,46.2987174987793,1.0,312.0,570.75,10.138637469738589,1150.0,0.0,1585.0,11.83414976210088
1781701466992872245,2.650228953,0.0,0.0,0.0,0.0,3.0348569809406576,46.2987174987793,1.0,312.0,570.75,10.138637469738589,1150.0,0.0,1585.0,11.83414976210088
1781701466992951876,2.650308584,0.0,0.0,0.0,0.0,3.0348569809406576,46.2987174987793,1.0,312.0,570.75,10.138637469738589,1150.0,0.0,1585.0,11.83414976210088
1781701466992966563,2.650323271,0.0,0.0,0.0,0.0,3.0348569809406576,46.2987174987793,1.0,312.0,570.75,10.138637469738589,1150.0,0.0,1585.0,11.83414976210088
1781701466992981411,2.650338119,0.0,0.0,0.0,0.0,3.0348569809406576,46.2987174987793,1.0,312.0,570.75,10.138637469738589,1150.0,0.0,1585.0,11.83414976210088
1781701466993031646,2.650388354,0.0,0.0,0.0,0.0,3.0348569809406576,46.2987174987793,1.0,312.0,570.75,10.138637469738589,1150.0,0.0,1585.0,11.83414976210088
1781701467075537423,2.732894131,0.0,0.0,0.0,0.0,3.0348569809406576,46.2987174987793,1.0,312.0,570.75,10.138637469738589,1150.0,0.0,1585.0,11.83414976210088
1781701467075599490,2.732956198,0.0,0.0,0.0,0.0,3.0348569809406576,46.2987174987793,1.0,312.0,570.75,10.138637469738589,1150.0,0.0,1585.0,11.83414976210088
1781701467075604490,2.732961198,0.0,0.0,0.0,0.0,3.0348569809406576,46.2987174987793,1.0,318.0,570.75,10.138637469738589,1150.0,0.0,1585.0,11.83414976210088
1781701467075609099,2.732965807,0.0,0.0,0.0,0.0,3.070285188804503,46.2987174987793,1.0,318.0,570.75,10.138637469738589,1150.0,0.0,1585.0,11.83414976210088
1781701467075615491,2.732972199,0.0,0.0,0.0,0.0,3.070285188804503,25.050071716308594,1.0,318.0,570.75,10.138637469738589,1150.0,0.0,1585.0,11.83414976210088
1781701467075619027,2.732975735,0.0,0.0,0.0,0.0,3.070285188804503,25.050071716308594,1.0,318.0,570.75,10.138637469738589,1673.0,0.0,1585.0,11.83414976210088
1781701467075624718,2.732981426,0.0,0.0,0.0,0.0,3.070285188804503,25.050071716308594,1.0,318.0,573.0,10.138637469738589,1673.0,0.0,1585.0,11.83414976210088
1781701467075636019,2.732992727,0.0,0.0,0.0,0.0,3.070285188804503,25.050071716308594,1.0,318.0,573.0,10.138637469738589,1673.0,0.0,1585.0,11.456621033251293
1781701467075641369,2.732998077,0.0,0.0,0.0,0.0,3.070285188804503,25.050071716308594,1.0,318.0,573.0,10.75549625110206,1673.0,0.0,1585.0,11.456621033251293
1781701467075651589,2.733008297,0.0,0.0,0.0,0.0,3.070285188804503,25.050071716308594,1.0,318.0,573.0,10.75549625110206,1673.0,0.0,1585.0,11.456621033251293
1781701467075751518,2.733108226,0.0,0.0,0.0,0.0,3.070285188804503,25.050071716308594,1.0,318.0,573.0,10.75549625110206,1673.0,0.0,1585.0,11.456621033251293
1781701467075801953,2.733158661,0.0,0.0,0.0,0.0,3.070285188804503,25.050071716308594,1.0,318.0,573.0,10.75549625110206,1673.0,0.0,1585.0,11.456621033251293
1781701467075837229,2.733193937,0.0,0.0,0.0,0.0,3.070285188804503,25.050071716308594,1.0,318.0,573.0,10.75549625110206,1673.0,0.0,1585.0,11.456621033251293
1781701467075883627,2.733240335,0.0,0.0,0.0,0.0,3.070285188804503,25.050071716308594,1.0,318.0,573.0,10.75549625110206,1673.0,0.0,1585.0,11.456621033251293
1781701467115898332,2.77325504,0.0,0.0,0.0,0.0,3.070285188804503,25.050071716308594,1.0,318.0,573.0,10.75549625110206,1673.0,0.0,1585.0,11.456621033251293
1781701467115969015,2.773325723,0.0,0.0,0.0,0.0,3.070285188804503,25.050071716308594,1.0,318.0,573.0,10.75549625110206,1673.0,0.0,1585.0,11.456621033251293
1781701467115975247,2.773331955,0.0,0.0,0.0,0.0,3.070285188804503,25.050071716308594,1.0,318.0,573.0,10.75549625110206,1673.0,0.0,1585.0,11.02195386341456
1781701467115981439,2.773338147,0.0,0.0,0.0,0.0,3.070285188804503,25.050071716308594,1.0,321.0,573.0,10.75549625110206,1673.0,0.0,1585.0,11.02195386341456
1781701467115986298,2.773343006,0.0,0.0,0.0,0.0,3.070285188804503,25.050071716308594,1.0,321.0,573.0,10.75549625110206,1673.0,0.0,1585.0,11.02195386341456
1781701467115991057,2.773347765,0.0,0.0,0.0,0.0,3.070285188804503,25.050071716308594,1.0,321.0,573.0,10.75549625110206,1673.0,0.0,1585.0,11.02195386341456
1781701467115995776,2.773352484,0.0,0.0,0.0,0.0,3.070285188804503,25.050071716308594,1.0,321.0,573.0,10.75549625110206,1673.0,0.0,1585.0,11.02195386341456
1781701467115999042,2.77335575,0.0,0.0,0.0,0.0,3.070285188804503,25.050071716308594,1.0,321.0,573.0,10.75549625110206,1673.0,0.0,1585.0,11.02195386341456
1781701467116003781,2.773360489,0.0,0.0,0.0,0.0,3.070285188804503,25.050071716308594,1.0,321.0,573.0,10.214714833717768,1673.0,0.0,1585.0,11.02195386341456
1781701467116007668,2.773364376,0.0,0.0,0.0,0.0,3.070285188804503,25.050071716308594,1.0,321.0,573.0,10.214714833717768,1673.0,0.0,1585.0,11.02195386341456
1781701467116013209,2.773369917,0.0,0.0,0.0,0.0,3.070285188804503,24.836334228515625,1.0,321.0,573.0,10.214714833717768,1673.0,0.0,1585.0,11.02195386341456
1781701467116017236,2.773373944,0.0,0.0,0.0,0.0,3.070285188804503,24.836334228515625,1.0,321.0,573.0,10.214714833717768,1378.0,0.0,1585.0,11.02195386341456
1781701467116020422,2.77337713,0.0,0.0,0.0,0.0,3.070285188804503,24.836334228515625,1.0,321.0,573.0,10.214714833717768,1378.0,0.0,1585.0,11.02195386341456
1781701467116024941,2.773381649,0.0,0.0,0.0,0.0,3.070285188804503,24.836334228515625,1.0,321.0,573.0,10.214714833717768,1378.0,0.0,1585.0,11.02195386341456
1781701467191371042,2.84872775,0.0,0.0,0.0,0.0,3.070285188804503,24.836334228515625,1.0,321.0,573.0,10.214714833717768,1378.0,0.0,1585.0,11.02195386341456
1781701467191405848,2.848762556,0.0,0.0,0.0,0.0,3.070285188804503,24.836334228515625,1.0,326.25,573.0,10.214714833717768,1378.0,0.0,1585.0,11.02195386341456
1781701467191410046,2.848766754,0.0,0.0,0.0,0.0,3.070285188804503,45.43970489501953,1.0,326.25,573.0,10.214714833717768,1378.0,0.0,1585.0,11.02195386341456
1781701467191412781,2.848769489,0.0,0.0,0.0,0.0,3.070285188804503,45.43970489501953,1.0,326.25,573.75,10.214714833717768,1378.0,0.0,1585.0,11.02195386341456
1781701467191423331,2.848780039,0.0,0.0,0.0,0.0,3.038511045067093,45.43970489501953,1.0,326.25,573.75,10.214714833717768,1378.0,0.0,1585.0,11.02195386341456
1781701467191460180,2.848816888,0.0,0.0,0.0,0.0,3.038511045067093,45.43970489501953,1.0,326.25,573.75,10.214714833717768,1150.0,0.0,1585.0,11.02195386341456
1781701467191490227,2.848846935,0.0,0.0,0.0,0.0,3.038511045067093,45.43970489501953,1.0,326.25,573.75,10.214714833717768,1150.0,0.0,1585.0,11.02195386341456
1781701467191512219,2.848868927,0.0,0.0,0.0,0.0,3.038511045067093,45.43970489501953,1.0,326.25,573.75,9.070516972366182,1150.0,0.0,1585.0,11.02195386341456
1781701467191533429,2.848890137,0.0,0.0,0.0,0.0,3.038511045067093,45.43970489501953,1.0,326.25,573.75,9.070516972366182,1150.0,0.0,1585.0,10.338950951547627
1781701467191555080,2.848911788,0.0,0.0,0.0,0.0,3.038511045067093,45.43970489501953,1.0,326.25,573.75,9.070516972366182,1150.0,0.0,1585.0,10.338950951547627
1781701467191612598,2.848969306,0.0,0.0,0.0,0.0,3.038511045067093,45.43970489501953,1.0,326.25,573.75,9.070516972366182,1150.0,0.0,1585.0,10.338950951547627
1781701467191631815,2.848988523,0.0,0.0,0.0,0.0,3.038511045067093,45.43970489501953,1.0,326.25,573.75,9.070516972366182,1150.0,0.0,1585.0,10.338950951547627
1781701467191652424,2.849009132,0.0,0.0,0.0,0.0,3.038511045067093,45.43970489501953,1.0,326.25,573.75,9.070516972366182,1150.0,0.0,1585.0,10.338950951547627
1781701467191703460,2.849060168,0.0,0.0,0.0,0.0,3.038511045067093,45.43970489501953,1.0,326.25,573.75,9.070516972366182,1150.0,0.0,1585.0,10.338950951547627
1781701467277049443,2.934406151,0.0,0.0,0.0,0.0,3.038511045067093,45.43970489501953,1.0,326.25,573.75,9.070516972366182,1150.0,0.0,1585.0,10.338950951547627
1781701467277107933,2.934464641,0.0,0.0,0.0,0.0,3.038511045067093,45.43970489501953,1.0,326.25,573.75,9.070516972366182,1150.0,0.0,1585.0,10.338950951547627
1781701467277113043,2.934469751,0.0,0.0,0.0,0.0,3.038511045067093,45.43970489501953,1.0,335.25,573.75,9.070516972366182,1150.0,0.0,1585.0,10.338950951547627
1781701467277117822,2.93447453,0.0,0.0,0.0,0.0,3.0727361642887487,45.43970489501953,1.0,335.25,573.75,9.070516972366182,1150.0,0.0,1585.0,10.338950951547627
1781701467277123282,2.93447999,0.0,0.0,0.0,0.0,3.0727361642887487,45.43970489501953,1.0,335.25,573.75,15.100929052369409,1150.0,0.0,1585.0,10.338950951547627
1781701467277128021,2.934484729,0.0,0.0,0.0,0.0,3.0727361642887487,23.777626037597656,1.0,335.25,573.75,15.100929052369409,1150.0,0.0,1585.0,10.338950951547627
1781701467277131959,2.934488667,0.0,0.0,0.0,0.0,3.0727361642887487,23.777626037597656,1.0,335.25,573.75,15.100929052369409,1665.0,0.0,1585.0,10.338950951547627
1781701467277136186,2.934492894,0.0,0.0,0.0,0.0,3.0727361642887487,23.777626037597656,1.0,335.25,574.5,15.100929052369409,1665.0,0.0,1585.0,10.338950951547627
1781701467277146386,2.934503094,0.0,0.0,0.0,0.0,3.0727361642887487,23.777626037597656,1.0,335.25,574.5,15.100929052369409,1665.0,0.0,1585.0,12.005643286835252
1781701467277149442,2.93450615,0.0,0.0,0.0,0.0,3.0727361642887487,23.777626037597656,1.0,335.25,574.5,15.100929052369409,1665.0,0.0,1585.0,12.005643286835252
1781701467277216819,2.934573527,0.0,0.0,0.0,0.0,3.0727361642887487,23.777626037597656,1.0,335.25,574.5,15.100929052369409,1665.0,0.0,1585.0,12.005643286835252
1781701467277228521,2.934585229,0.0,0.0,0.0,0.0,3.0727361642887487,23.777626037597656,1.0,335.25,574.5,15.100929052369409,1665.0,0.0,1585.0,12.005643286835252
1781701467277241796,2.934598504,0.0,0.0,0.0,0.0,3.0727361642887487,23.777626037597656,1.0,335.25,574.5,15.100929052369409,1665.0,0.0,1585.0,12.005643286835252
1781701467277275149,2.934631857,0.0,0.0,0.0,0.0,3.0727361642887487,23.777626037597656,1.0,335.25,574.5,15.100929052369409,1665.0,0.0,1585.0,12.005643286835252
1781701467395175382,3.05253209,0.0,0.0,0.0,0.0,3.0727361642887487,23.777626037597656,1.0,335.25,574.5,15.100929052369409,1665.0,0.0,1585.0,12.005643286835252
1781701467395273948,3.052630656,0.0,0.0,0.0,0.0,3.0727361642887487,23.777626037597656,1.0,345.0,574.5,15.100929052369409,1665.0,0.0,1585.0,12.005643286835252
1781701467395281132,3.05263784,0.0,0.0,0.0,0.0,3.1058935409104693,23.777626037597656,1.0,345.0,574.5,15.100929052369409,1665.0,0.0,1585.0,12.005643286835252
1781701467395288426,3.052645134,0.0,0.0,0.0,0.0,3.1058935409104693,1.8414878845214844,1.0,345.0,574.5,15.100929052369409,1665.0,0.0,1585.0,12.005643286835252
1781701467395293094,3.052649802,0.0,0.0,0.0,0.0,3.1058935409104693,1.8414878845214844,1.0,345.0,573.75,15.100929052369409,1665.0,0.0,1585.0,12.005643286835252
1781701467395305508,3.052662216,0.0,0.0,0.0,0.0,3.1058935409104693,1.8414878845214844,1.0,345.0,573.75,15.100929052369409,1665.0,0.0,1585.0,12.005643286835252
1781701467395310648,3.052667356,0.0,0.0,0.0,0.0,3.1058935409104693,1.8414878845214844,1.0,345.0,573.75,15.100929052369409,1689.0,0.0,1585.0,12.005643286835252
1781701467395323512,3.05268022,0.0,0.0,0.0,0.0,3.1058935409104693,1.8414878845214844,1.0,345.0,573.75,11.343503237671356,1689.0,0.0,1585.0,12.005643286835252
1781701467395350443,3.052707151,0.0,0.0,0.0,0.0,3.1058935409104693,1.8414878845214844,1.0,345.0,573.75,11.343503237671356,1689.0,0.0,1585.0,11.773894269627888
1781701467395398544,3.052755252,0.0,0.0,0.0,0.0,3.1058935409104693,1.8414878845214844,1.0,345.0,573.75,11.343503237671356,1689.0,0.0,1585.0,11.773894269627888
1781701467395468205,3.052824913,0.0,0.0,0.0,0.0,3.1058935409104693,1.8414878845214844,1.0,345.0,573.75,11.343503237671356,1689.0,0.0,1585.0,11.773894269627888
1781701467395479767,3.052836475,0.0,0.0,0.0,0.0,3.1058935409104693,1.8414878845214844,1.0,345.0,573.75,11.343503237671356,1689.0,0.0,1585.0,11.773894269627888
1781701467395863472,3.05322018,0.0,0.0,0.0,0.0,3.1058935409104693,1.8414878845214844,1.0,345.0,573.75,11.343503237671356,1689.0,0.0,1585.0,11.773894269627888
1781701467395872359,3.053229067,0.0,0.0,0.0,0.0,3.1058935409104693,1.8414878845214844,1.0,345.0,573.75,11.343503237671356,1689.0,0.0,1585.0,11.773894269627888
1781701467443540472,3.10089718,0.0,0.0,0.0,0.0,3.1058935409104693,1.8414878845214844,1.0,345.0,573.75,11.343503237671356,1689.0,0.0,1585.0,11.773894269627888
1781701467443575207,3.100931915,0.0,0.0,0.0,0.0,3.1058935409104693,1.8414878845214844,1.0,348.0,573.75,11.343503237671356,1689.0,0.0,1585.0,11.773894269627888
1781701467443578243,3.100934951,0.0,0.0,0.0,0.0,3.1058935409104693,1.8414878845214844,1.0,348.0,573.75,11.343503237671356,1689.0,0.0,1585.0,11.773894269627888
1781701467443580998,3.100937706,0.0,0.0,0.0,0.0,3.1058935409104693,3.233457565307617,1.0,348.0,573.75,11.343503237671356,1689.0,0.0,1585.0,11.773894269627888
1781701467443583233,3.100939941,0.0,0.0,0.0,0.0,3.1058935409104693,3.233457565307617,1.0,348.0,573.75,11.343503237671356,1449.0,0.0,1585.0,11.773894269627888
1781701467443584946,3.100941654,0.0,0.0,0.0,0.0,3.1058935409104693,3.233457565307617,1.0,348.0,575.25,11.343503237671356,1449.0,0.0,1585.0,11.773894269627888
1781701467443591388,3.100948096,0.0,0.0,0.0,0.0,3.1058935409104693,3.233457565307617,1.0,348.0,575.25,11.343503237671356,1449.0,0.0,1585.0,11.773894269627888
1781701467443600495,3.100957203,0.0,0.0,0.0,0.0,3.1058935409104693,3.233457565307617,1.0,348.0,575.25,8.532734298621484,1449.0,0.0,1585.0,11.773894269627888
1781701467443614652,3.10097136,0.0,0.0,0.0,0.0,3.1058935409104693,3.233457565307617,1.0,348.0,575.25,8.532734298621484,1449.0,0.0,1585.0,10.639488279775648
1781701467443629480,3.100986188,0.0,0.0,0.0,0.0,3.1058935409104693,3.233457565307617,1.0,348.0,575.25,8.532734298621484,1449.0,0.0,1585.0,10.639488279775648
1781701467443678272,3.10103498,0.0,0.0,0.0,0.0,3.1058935409104693,3.233457565307617,1.0,348.0,575.25,8.532734298621484,1449.0,0.0,1585.0,10.639488279775648
1781701467443688471,3.101045179,0.0,0.0,0.0,0.0,3.1058935409104693,3.233457565307617,1.0,348.0,575.25,8.532734298621484,1449.0,0.0,1585.0,10.639488279775648
1781701467443701496,3.101058204,0.0,0.0,0.0,0.0,3.1058935409104693,3.233457565307617,1.0,348.0,575.25,8.532734298621484,1449.0,0.0,1585.0,10.639488279775648
1781701467443731994,3.101088702,0.0,0.0,0.0,0.0,3.1058935409104693,3.233457565307617,1.0,348.0,575.25,8.532734298621484,1449.0,0.0,1585.0,10.639488279775648
1781701467494986442,3.15234315,0.0,0.0,0.0,0.0,3.1058935409104693,3.233457565307617,1.0,348.0,575.25,8.532734298621484,1449.0,0.0,1585.0,10.639488279775648
1781701467495087302,3.15244401,0.0,0.0,0.0,0.0,3.1058935409104693,3.233457565307617,1.0,348.0,575.25,8.532734298621484,1449.0,0.0,1585.0,10.639488279775648
1781701467495096650,3.152453358,0.0,0.0,0.0,0.0,3.1058935409104693,3.233457565307617,1.0,348.0,575.25,8.532734298621484,1449.0,0.0,1585.0,12.65380069461196
1781701467495104314,3.152461022,0.0,0.0,0.0,0.0,3.1058935409104693,3.233457565307617,1.0,354.0,575.25,8.532734298621484,1449.0,0.0,1585.0,12.65380069461196
1781701467495110997,3.152467705,0.0,0.0,0.0,0.0,3.070285188804503,3.233457565307617,1.0,354.0,575.25,8.532734298621484,1449.0,0.0,1585.0,12.65380069461196
1781701467495117279,3.152473987,0.0,0.0,0.0,0.0,3.070285188804503,3.233457565307617,1.0,354.0,575.25,16.394666607879397,1449.0,0.0,1585.0,12.65380069461196
1781701467495123801,3.152480509,0.0,0.0,0.0,0.0,3.070285188804503,25.477556228637695,1.0,354.0,575.25,16.394666607879397,1449.0,0.0,1585.0,12.65380069461196
1781701467495129081,3.152485789,0.0,0.0,0.0,0.0,3.070285188804503,25.477556228637695,1.0,354.0,575.25,16.394666607879397,1150.0,0.0,1585.0,12.65380069461196
1781701467495135593,3.152492301,0.0,0.0,0.0,0.0,3.070285188804503,25.477556228637695,1.0,354.0,576.0,16.394666607879397,1150.0,0.0,1585.0,12.65380069461196
1781701467495140242,3.15249695,0.0,0.0,0.0,0.0,3.070285188804503,25.477556228637695,1.0,354.0,576.0,16.394666607879397,1150.0,0.0,1585.0,12.65380069461196
1781701467495154489,3.152511197,0.0,0.0,0.0,0.0,3.070285188804503,25.477556228637695,1.0,354.0,576.0,16.394666607879397,1150.0,0.0,1585.0,12.65380069461196
1781701467495160741,3.152517449,0.0,0.0,0.0,0.0,3.070285188804503,25.477556228637695,1.0,354.0,576.0,16.394666607879397,1150.0,0.0,1585.0,12.65380069461196
1781701467495170840,3.152527548,0.0,0.0,0.0,0.0,3.070285188804503,25.477556228637695,1.0,354.0,576.0,16.394666607879397,1150.0,0.0,1585.0,12.65380069461196
1781701467495198452,3.15255516,0.0,0.0,0.0,0.0,3.070285188804503,25.477556228637695,1.0,354.0,576.0,16.394666607879397,1150.0,0.0,1585.0,12.65380069461196
1781701467542859692,3.2002164,0.0,0.0,0.0,0.0,3.070285188804503,25.477556228637695,1.0,354.0,576.0,16.394666607879397,1150.0,0.0,1585.0,12.65380069461196
1781701467542924424,3.200281132,0.0,0.0,0.0,0.0,3.070285188804503,25.477556228637695,1.0,357.0,576.0,16.394666607879397,1150.0,0.0,1585.0,12.65380069461196
1781701467542929494,3.200286202,0.0,0.0,0.0,0.0,3.1058935409104693,25.477556228637695,1.0,357.0,576.0,16.394666607879397,1150.0,0.0,1585.0,12.65380069461196
1781701467542936086,3.200292794,0.0,0.0,0.0,0.0,3.1058935409104693,2.9122352600097656,1.0,357.0,576.0,16.394666607879397,1150.0,0.0,1585.0,12.65380069461196
1781701467542940154,3.200296862,0.0,0.0,0.0,0.0,3.1058935409104693,2.9122352600097656,1.0,357.0,576.0,16.394666607879397,1850.0,0.0,1585.0,12.65380069461196
1781701467542944853,3.200301561,0.0,0.0,0.0,0.0,3.1058935409104693,2.9122352600097656,1.0,357.0,575.25,16.394666607879397,1850.0,0.0,1585.0,12.65380069461196
1781701467542955243,3.200311951,0.0,0.0,0.0,0.0,3.1058935409104693,2.9122352600097656,1.0,357.0,575.25,16.394666607879397,1850.0,0.0,1585.0,12.65380069461196
1781701467542960132,3.20031684,0.0,0.0,0.0,0.0,3.1058935409104693,2.9122352600097656,1.0,357.0,575.25,9.886518213565163,1850.0,0.0,1585.0,12.65380069461196
1781701467542979218,3.200335926,0.0,0.0,0.0,0.0,3.1058935409104693,2.9122352600097656,1.0,357.0,575.25,9.886518213565163,1850.0,0.0,1585.0,11.68525182624558
1781701467543009726,3.200366434,0.0,0.0,0.0,0.0,3.1058935409104693,2.9122352600097656,1.0,357.0,575.25,9.886518213565163,1850.0,0.0,1585.0,11.68525182624558
1781701467543112981,3.200469689,0.0,0.0,0.0,0.0,3.1058935409104693,2.9122352600097656,1.0,357.0,575.25,9.886518213565163,1850.0,0.0,1585.0,11.68525182624558
1781701467543129532,3.20048624,0.0,0.0,0.0,0.0,3.1058935409104693,2.9122352600097656,1.0,357.0,575.25,9.886518213565163,1850.0,0.0,1585.0,11.68525182624558
1781701467543162905,3.200519613,0.0,0.0,0.0,0.0,3.1058935409104693,2.9122352600097656,1.0,357.0,575.25,9.886518213565163,1850.0,0.0,1585.0,11.68525182624558
1781701467543207700,3.200564408,0.0,0.0,0.0,0.0,3.1058935409104693,2.9122352600097656,1.0,357.0,575.25,9.886518213565163,1850.0,0.0,1585.0,11.68525182624558
1781701467646258409,3.303615117,0.0,0.0,0.0,0.0,3.1058935409104693,2.9122352600097656,1.0,357.0,575.25,9.886518213565163,1850.0,0.0,1585.0,11.68525182624558
1781701467646319605,3.303676313,0.0,0.0,0.0,0.0,3.1058935409104693,2.9122352600097656,1.0,366.75,575.25,9.886518213565163,1850.0,0.0,1585.0,11.68525182624558
1781701467646325336,3.303682044,0.0,0.0,0.0,0.0,-3.141592653589793,2.9122352600097656,1.0,366.75,575.25,9.886518213565163,1850.0,0.0,1585.0,11.68525182624558
1781701467646329985,3.303686693,0.0,0.0,0.0,0.0,-3.141592653589793,-19.5,1.0,366.75,575.25,9.886518213565163,1850.0,0.0,1585.0,11.68525182624558
1781701467646333932,3.30369064,0.0,0.0,0.0,0.0,-3.141592653589793,-19.5,1.0,366.75,575.25,9.886518213565163,1832.0,0.0,1585.0,11.68525182624558
1781701467646336377,3.303693085,0.0,0.0,0.0,0.0,-3.141592653589793,-19.5,1.0,366.75,574.5,9.886518213565163,1832.0,0.0,1585.0,11.68525182624558
1781701467646343951,3.303700659,0.0,0.0,0.0,0.0,-3.141592653589793,-19.5,1.0,366.75,574.5,9.886518213565163,1832.0,0.0,1585.0,11.68525182624558
1781701467646350624,3.303707332,0.0,0.0,0.0,0.0,-3.141592653589793,-19.5,1.0,366.75,574.5,12.712514039530108,1832.0,0.0,1585.0,11.68525182624558
1781701467646377885,3.303734593,0.0,0.0,0.0,0.0,-3.141592653589793,-19.5,1.0,366.75,574.5,12.712514039530108,1832.0,0.0,1585.0,12.044793600895165
1781701467646399686,3.303756394,0.0,0.0,0.0,0.0,-3.141592653589793,-19.5,1.0,366.75,574.5,12.712514039530108,1832.0,0.0,1585.0,12.044793600895165
1781701467646487793,3.303844501,0.0,0.0,0.0,0.0,-3.141592653589793,-19.5,1.0,366.75,574.5,12.712514039530108,1832.0,0.0,1585.0,12.044793600895165
1781701467646514283,3.303870991,0.0,0.0,0.0,0.0,-3.141592653589793,-19.5,1.0,366.75,574.5,12.712514039530108,1832.0,0.0,1585.0,12.044793600895165
1781701467646534862,3.30389157,0.0,0.0,0.0,0.0,-3.141592653589793,-19.5,1.0,366.75,574.5,12.712514039530108,1832.0,0.0,1585.0,12.044793600895165
1781701467646568706,3.303925414,0.0,0.0,0.0,0.0,-3.141592653589793,-19.5,1.0,366.75,574.5,12.712514039530108,1832.0,0.0,1585.0,12.044793600895165
1781701467688808704,3.346165412,0.0,0.0,0.0,0.0,-3.141592653589793,-19.5,1.0,366.75,574.5,12.712514039530108,1832.0,0.0,1585.0,12.044793600895165
1781701467688878005,3.346234713,0.0,0.0,0.0,0.0,-3.141592653589793,-19.5,1.0,369.75,574.5,12.712514039530108,1832.0,0.0,1585.0,12.044793600895165
1781701467688885208,3.346241916,0.0,0.0,0.0,0.0,-3.141592653589793,-19.5,1.0,369.75,574.5,12.712514039530108,1832.0,0.0,1585.0,12.044793600895165
1781701467689590802,3.34694751,0.0,0.0,0.0,0.0,-3.141592653589793,-19.5,1.0,369.75,574.5,12.712514039530108,1832.0,0.0,1585.0,12.044793600895165
1781701467689609767,3.346966475,0.0,0.0,0.0,0.0,-3.141592653589793,-19.5,1.0,369.75,574.5,12.712514039530108,1832.0,0.0,1585.0,12.044793600895165
1781701467689614336,3.346971044,0.0,0.0,0.0,0.0,-3.141592653589793,-19.5,1.0,369.75,574.5,12.712514039530108,1832.0,0.0,1585.0,11.54534593541418
1781701467689617181,3.346973889,0.0,0.0,0.0,0.0,-3.141592653589793,-19.5,1.0,369.75,574.5,12.712514039530108,1832.0,0.0,1585.0,11.54534593541418
1781701467689620518,3.346977226,0.0,0.0,0.0,0.0,-3.141592653589793,-19.5,1.0,369.75,574.5,10.617800270949493,1832.0,0.0,1585.0,11.54534593541418
1781701467689625106,3.346981814,0.0,0.0,0.0,0.0,-3.141592653589793,-19.5,1.0,369.75,574.5,10.617800270949493,1601.0,0.0,1585.0,11.54534593541418
1781701467689628022,3.34698473,0.0,0.0,0.0,0.0,-3.141592653589793,-19.5,1.0,369.75,574.5,10.617800270949493,1601.0,0.0,1585.0,11.54534593541418
1781701467689636618,3.346993326,0.0,0.0,0.0,0.0,-3.141592653589793,-19.5,1.0,369.75,574.5,10.617800270949493,1601.0,0.0,1585.0,11.54534593541418
1781701467689640295,3.346997003,0.0,0.0,0.0,0.0,-3.141592653589793,-19.5,1.0,369.75,574.5,10.617800270949493,1601.0,0.0,1585.0,11.54534593541418
1781701467689643070,3.346999778,0.0,0.0,0.0,0.0,-3.141592653589793,-19.5,1.0,369.75,574.5,10.617800270949493,1601.0,0.0,1585.0,11.54534593541418
1781701467689646256,3.347002964,0.0,0.0,0.0,0.0,-3.141592653589793,-19.5,1.0,369.75,574.5,10.617800270949493,1601.0,0.0,1585.0,11.54534593541418
1781701467730567403,3.387924111,0.0,0.0,0.0,0.0,-3.141592653589793,-19.5,1.0,369.75,574.5,10.617800270949493,1601.0,0.0,1585.0,11.54534593541418
1781701467730789523,3.388146231,0.0,0.0,0.0,0.0,-3.141592653589793,-19.5,1.0,369.75,574.5,10.617800270949493,1601.0,0.0,1585.0,11.54534593541418
1781701467730825220,3.388181928,0.0,0.0,0.0,0.0,-3.141592653589793,-19.5,1.0,372.75,574.5,10.617800270949493,1601.0,0.0,1585.0,11.54534593541418
1781701467730834427,3.388191135,0.0,0.0,0.0,0.0,-3.141592653589793,-19.5,1.0,372.75,574.5,10.617800270949493,1601.0,0.0,1585.0,11.54534593541418
1781701467730842192,3.3881989,0.0,0.0,0.0,0.0,-3.141592653589793,-19.5,1.0,372.75,574.5,10.617800270949493,1601.0,0.0,1585.0,11.54534593541418
1781701467730847031,3.388203739,0.0,0.0,0.0,0.0,-3.141592653589793,-19.5,1.0,372.75,574.5,10.617800270949493,1601.0,0.0,1585.0,11.54534593541418
1781701467730851931,3.388208639,0.0,0.0,0.0,0.0,-3.141592653589793,-19.5,1.0,372.75,574.5,10.617800270949493,1601.0,0.0,1585.0,11.54534593541418
1781701467730863082,3.38821979,0.0,0.0,0.0,0.0,-3.141592653589793,-19.5,1.0,372.75,574.5,10.617800270949493,1601.0,0.0,1585.0,10.671146982470544
1781701467730866979,3.388223687,0.0,0.0,0.0,0.0,-3.141592653589793,-19.5,1.0,372.75,574.5,9.047634641289507,1601.0,0.0,1585.0,10.671146982470544
1781701467730883640,3.388240348,0.0,0.0,0.0,0.0,-3.141592653589793,-19.5,1.0,372.75,574.5,9.047634641289507,1601.0,0.0,1585.0,10.671146982470544
1781701467731101091,3.388457799,0.0,0.0,0.0,0.0,-3.141592653589793,-19.5,1.0,372.75,574.5,9.047634641289507,1601.0,0.0,1585.0,10.671146982470544
1781701467731111170,3.388467878,0.0,0.0,0.0,0.0,-3.141592653589793,-19.5,1.0,372.75,574.5,9.047634641289507,1601.0,0.0,1585.0,10.671146982470544
1781701467732333840,3.389690548,0.0,0.0,0.0,0.0,-3.141592653589793,-19.5,1.0,372.75,574.5,9.047634641289507,1601.0,0.0,1585.0,10.671146982470544
1781701467732346975,3.389703683,0.0,0.0,0.0,0.0,-3.141592653589793,-19.5,1.0,372.75,574.5,9.047634641289507,1601.0,0.0,1585.0,10.671146982470544
1781701467774745272,3.43210198,0.0,0.0,0.0,0.0,-3.141592653589793,-19.5,1.0,372.75,574.5,9.047634641289507,1601.0,0.0,1585.0,10.671146982470544
1781701467774797150,3.432153858,0.0,0.0,0.0,0.0,-3.141592653589793,-19.5,1.0,375.0,574.5,9.047634641289507,1601.0,0.0,1585.0,10.671146982470544
1781701467774800176,3.432156884,0.0,0.0,0.0,0.0,3.1058935409104693,-19.5,1.0,375.0,574.5,9.047634641289507,1601.0,0.0,1585.0,10.671146982470544
1781701467774803542,3.43216025,0.0,0.0,0.0,0.0,3.1058935409104693,2.269786834716797,1.0,375.0,574.5,9.047634641289507,1601.0,0.0,1585.0,10.671146982470544
1781701467774806618,3.432163326,0.0,0.0,0.0,0.0,3.1058935409104693,2.269786834716797,1.0,375.0,574.5,9.047634641289507,1150.0,0.0,1585.0,10.671146982470544
1781701467774808662,3.43216537,0.0,0.0,0.0,0.0,3.1058935409104693,2.269786834716797,1.0,375.0,575.25,9.047634641289507,1150.0,0.0,1585.0,10.671146982470544
1781701467774872342,3.43222905,0.0,0.0,0.0,0.0,3.1058935409104693,2.269786834716797,1.0,375.0,575.25,9.047634641289507,1150.0,0.0,1585.0,10.671146982470544
1781701467774929440,3.432286148,0.0,0.0,0.0,0.0,3.1058935409104693,2.269786834716797,1.0,375.0,575.25,7.160667145371876,1150.0,0.0,1585.0,10.671146982470544
1781701467774953085,3.432309793,0.0,0.0,0.0,0.0,3.1058935409104693,2.269786834716797,1.0,375.0,575.25,7.160667145371876,1150.0,0.0,1585.0,9.44247903948601
1781701467774966801,3.432323509,0.0,0.0,0.0,0.0,3.1058935409104693,2.269786834716797,1.0,375.0,575.25,7.160667145371876,1150.0,0.0,1585.0,9.44247903948601
1781701467775084123,3.432440831,0.0,0.0,0.0,0.0,3.1058935409104693,2.269786834716797,1.0,375.0,575.25,7.160667145371876,1150.0,0.0,1585.0,9.44247903948601
1781701467775114420,3.432471128,0.0,0.0,0.0,0.0,3.1058935409104693,2.269786834716797,1.0,375.0,575.25,7.160667145371876,1150.0,0.0,1585.0,9.44247903948601
1781701467775143445,3.432500153,0.0,0.0,0.0,0.0,3.1058935409104693,2.269786834716797,1.0,375.0,575.25,7.160667145371876,1150.0,0.0,1585.0,9.44247903948601
1781701467775203779,3.432560487,0.0,0.0,0.0,0.0,3.1058935409104693,2.269786834716797,1.0,375.0,575.25,7.160667145371876,1150.0,0.0,1585.0,9.44247903948601
1781701467818044391,3.475401099,0.0,0.0,0.0,0.0,3.1058935409104693,2.269786834716797,1.0,375.0,575.25,7.160667145371876,1150.0,0.0,1585.0,9.44247903948601
1781701467818097181,3.475453889,0.0,0.0,0.0,0.0,3.1058935409104693,2.269786834716797,1.0,378.0,575.25,7.160667145371876,1150.0,0.0,1585.0,9.44247903948601
1781701467818104084,3.475460792,0.0,0.0,0.0,0.0,3.070285188804503,2.269786834716797,1.0,378.0,575.25,7.160667145371876,1150.0,0.0,1585.0,9.44247903948601
1781701467818107420,3.475464128,0.0,0.0,0.0,0.0,3.070285188804503,23.76762580871582,1.0,378.0,575.25,7.160667145371876,1150.0,0.0,1585.0,9.44247903948601
1781701467818111177,3.475467885,0.0,0.0,0.0,0.0,3.070285188804503,23.76762580871582,1.0,378.0,575.25,7.160667145371876,1150.0,0.0,1585.0,9.44247903948601
1781701467818114173,3.475470881,0.0,0.0,0.0,0.0,3.070285188804503,23.76762580871582,1.0,378.0,576.0,7.160667145371876,1150.0,0.0,1585.0,9.44247903948601
1781701467818122278,3.475478986,0.0,0.0,0.0,0.0,3.070285188804503,23.76762580871582,1.0,378.0,576.0,7.160667145371876,1150.0,0.0,1585.0,9.44247903948601
1781701467818141455,3.475498163,0.0,0.0,0.0,0.0,3.070285188804503,23.76762580871582,1.0,378.0,576.0,9.791541661383198,1150.0,0.0,1585.0,9.44247903948601
1781701467818174978,3.475531686,0.0,0.0,0.0,0.0,3.070285188804503,23.76762580871582,1.0,378.0,576.0,9.791541661383198,1150.0,0.0,1585.0,9.564650957150025
1781701467818203652,3.47556036,0.0,0.0,0.0,0.0,3.070285188804503,23.76762580871582,1.0,378.0,576.0,9.791541661383198,1150.0,0.0,1585.0,9.564650957150025
1781701467818331744,3.475688452,0.0,0.0,0.0,0.0,3.070285188804503,23.76762580871582,1.0,378.0,576.0,9.791541661383198,1150.0,0.0,1585.0,9.564650957150025
1781701467818370507,3.475727215,0.0,0.0,0.0,0.0,3.070285188804503,23.76762580871582,1.0,378.0,576.0,9.791541661383198,1150.0,0.0,1585.0,9.564650957150025
1781701467818408599,3.475765307,0.0,0.0,0.0,0.0,3.070285188804503,23.76762580871582,1.0,378.0,576.0,9.791541661383198,1150.0,0.0,1585.0,9.564650957150025
1781701467818480816,3.475837524,0.0,0.0,0.0,0.0,3.070285188804503,23.76762580871582,1.0,378.0,576.0,9.791541661383198,1150.0,0.0,1585.0,9.564650957150025
1781701467866336934,3.523693642,0.0,0.0,0.0,0.0,3.070285188804503,23.76762580871582,1.0,378.0,576.0,9.791541661383198,1150.0,0.0,1585.0,9.564650957150025
1781701467866391697,3.523748405,0.0,0.0,0.0,0.0,3.070285188804503,23.76762580871582,1.0,381.0,576.0,9.791541661383198,1150.0,0.0,1585.0,9.564650957150025
1781701467866396086,3.523752794,0.0,0.0,0.0,0.0,3.070285188804503,23.76762580871582,1.0,381.0,576.0,9.791541661383198,1150.0,0.0,1585.0,9.564650957150025
1781701467866401476,3.523758184,0.0,0.0,0.0,0.0,3.070285188804503,23.553884506225586,1.0,381.0,576.0,9.791541661383198,1150.0,0.0,1585.0,9.564650957150025
1781701467866404572,3.52376128,0.0,0.0,0.0,0.0,3.070285188804503,23.553884506225586,1.0,381.0,576.0,9.791541661383198,1150.0,0.0,1585.0,9.564650957150025
1781701467866411385,3.523768093,0.0,0.0,0.0,0.0,3.070285188804503,23.553884506225586,1.0,381.0,576.0,9.791541661383198,1384.0,0.0,1585.0,9.564650957150025
1781701467866450168,3.523806876,0.0,0.0,0.0,0.0,3.070285188804503,23.553884506225586,1.0,381.0,576.0,9.791541661383198,1384.0,0.0,1585.0,9.564650957150025
1781701467866471879,3.523828587,0.0,0.0,0.0,0.0,3.070285188804503,23.553884506225586,1.0,381.0,576.0,8.801819947280421,1384.0,0.0,1585.0,9.564650957150025
1781701467866495203,3.523851911,0.0,0.0,0.0,0.0,3.070285188804503,23.553884506225586,1.0,381.0,576.0,8.801819947280421,1384.0,0.0,1585.0,9.297660103695664
1781701467866520751,3.523877459,0.0,0.0,0.0,0.0,3.070285188804503,23.553884506225586,1.0,381.0,576.0,8.801819947280421,1384.0,0.0,1585.0,9.297660103695664
1781701467866645226,3.524001934,0.0,0.0,0.0,0.0,3.070285188804503,23.553884506225586,1.0,381.0,576.0,8.801819947280421,1384.0,0.0,1585.0,9.297660103695664
1781701467866651668,3.524008376,0.0,0.0,0.0,0.0,3.070285188804503,23.553884506225586,1.0,381.0,576.0,8.801819947280421,1384.0,0.0,1585.0,9.297660103695664
1781701467866670143,3.524026851,0.0,0.0,0.0,0.0,3.070285188804503,23.553884506225586,1.0,381.0,576.0,8.801819947280421,1384.0,0.0,1585.0,9.297660103695664
1781701467866728183,3.524084891,0.0,0.0,0.0,0.0,3.070285188804503,23.553884506225586,1.0,381.0,576.0,8.801819947280421,1384.0,0.0,1585.0,9.297660103695664
1781701467905982170,3.563338878,0.0,0.0,0.0,0.0,3.070285188804503,23.553884506225586,1.0,381.0,576.0,8.801819947280421,1384.0,0.0,1585.0,9.297660103695664
1781701467906063374,3.563420082,0.0,0.0,0.0,0.0,3.070285188804503,23.553884506225586,1.0,381.0,576.0,8.801819947280421,1384.0,0.0,1585.0,9.297660103695664
1781701467906074294,3.563431002,0.0,0.0,0.0,0.0,3.070285188804503,23.553884506225586,1.0,381.75,576.0,8.801819947280421,1384.0,0.0,1585.0,9.297660103695664
1781701467906078863,3.563435571,0.0,0.0,0.0,0.0,3.0727361642887487,23.553884506225586,1.0,381.75,576.0,8.801819947280421,1384.0,0.0,1585.0,9.297660103695664
1781701467906085996,3.563442704,0.0,0.0,0.0,0.0,3.0727361642887487,23.553884506225586,1.0,381.75,576.0,2.5465534964093948,1384.0,0.0,1585.0,9.297660103695664
1781701467906090796,3.563447504,0.0,0.0,0.0,0.0,3.0727361642887487,22.07477378845215,1.0,381.75,576.0,2.5465534964093948,1384.0,0.0,1585.0,9.297660103695664
1781701467906096286,3.563452994,0.0,0.0,0.0,0.0,3.0727361642887487,22.07477378845215,1.0,381.75,576.0,2.5465534964093948,1426.0,0.0,1585.0,9.297660103695664
1781701467906101856,3.563458564,0.0,0.0,0.0,0.0,3.0727361642887487,22.07477378845215,1.0,381.75,576.0,2.5465534964093948,1426.0,0.0,1585.0,9.297660103695664
1781701467906112867,3.563469575,0.0,0.0,0.0,0.0,3.0727361642887487,22.07477378845215,1.0,381.75,576.0,2.5465534964093948,1426.0,0.0,1585.0,6.93477279114547
1781701467906122836,3.563479544,0.0,0.0,0.0,0.0,3.0727361642887487,22.07477378845215,1.0,381.75,576.0,2.5465534964093948,1426.0,0.0,1585.0,6.93477279114547
1781701467906264283,3.563620991,0.0,0.0,0.0,0.0,3.0727361642887487,22.07477378845215,1.0,381.75,576.0,2.5465534964093948,1426.0,0.0,1585.0,6.93477279114547
1781701467906287136,3.563643844,0.0,0.0,0.0,0.0,3.0727361642887487,22.07477378845215,1.0,381.75,576.0,2.5465534964093948,1426.0,0.0,1585.0,6.93477279114547
1781701467906339024,3.563695732,0.0,0.0,0.0,0.0,3.0727361642887487,22.07477378845215,1.0,381.75,576.0,2.5465534964093948,1426.0,0.0,1585.0,6.93477279114547
1781701467906390442,3.56374715,0.0,0.0,0.0,0.0,3.0727361642887487,22.07477378845215,1.0,381.75,576.0,2.5465534964093948,1426.0,0.0,1585.0,6.93477279114547
1781701467940885378,3.598242086,0.0,0.0,0.0,0.0,3.0727361642887487,22.07477378845215,1.0,381.75,576.0,2.5465534964093948,1426.0,0.0,1585.0,6.93477279114547
1781701467940932237,3.598288945,0.0,0.0,0.0,0.0,3.0727361642887487,22.07477378845215,1.0,384.75,576.0,2.5465534964093948,1426.0,0.0,1585.0,6.93477279114547
1781701467940937978,3.598294686,0.0,0.0,0.0,0.0,3.0727361642887487,22.07477378845215,1.0,384.75,576.0,2.5465534964093948,1426.0,0.0,1585.0,6.93477279114547
1781701467940943368,3.598300076,0.0,0.0,0.0,0.0,3.0727361642887487,21.86836814880371,1.0,384.75,576.0,2.5465534964093948,1426.0,0.0,1585.0,6.93477279114547
1781701467940947405,3.598304113,0.0,0.0,0.0,0.0,3.0727361642887487,21.86836814880371,1.0,384.75,576.0,2.5465534964093948,1426.0,0.0,1585.0,6.93477279114547
1781701467940959398,3.598316106,0.0,0.0,0.0,0.0,3.0727361642887487,21.86836814880371,1.0,384.75,576.0,2.5465534964093948,1426.0,0.0,1585.0,6.93477279114547
1781701467940964568,3.598321276,0.0,0.0,0.0,0.0,3.0727361642887487,21.86836814880371,1.0,384.75,576.0,2.5465534964093948,1394.0,0.0,1585.0,6.93477279114547
1781701467940974817,3.598331525,0.0,0.0,0.0,0.0,3.0727361642887487,21.86836814880371,1.0,384.75,576.0,11.809729949013157,1394.0,0.0,1585.0,6.93477279114547
1781701467940991108,3.598347816,0.0,0.0,0.0,0.0,3.0727361642887487,21.86836814880371,1.0,384.75,576.0,11.809729949013157,1394.0,0.0,1585.0,8.64100779639916
1781701467941007699,3.598364407,0.0,0.0,0.0,0.0,3.0727361642887487,21.86836814880371,1.0,384.75,576.0,11.809729949013157,1394.0,0.0,1585.0,8.64100779639916
1781701467941113900,3.598470608,0.0,0.0,0.0,0.0,3.0727361642887487,21.86836814880371,1.0,384.75,576.0,11.809729949013157,1394.0,0.0,1585.0,8.64100779639916
1781701467941135892,3.5984926,0.0,0.0,0.0,0.0,3.0727361642887487,21.86836814880371,1.0,384.75,576.0,11.809729949013157,1394.0,0.0,1585.0,8.64100779639916
1781701467941148716,3.598505424,0.0,0.0,0.0,0.0,3.0727361642887487,21.86836814880371,1.0,384.75,576.0,11.809729949013157,1394.0,0.0,1585.0,8.64100779639916
1781701467941210432,3.59856714,0.0,0.0,0.0,0.0,3.0727361642887487,21.86836814880371,1.0,384.75,576.0,11.809729949013157,1394.0,0.0,1585.0,8.64100779639916
1781701467985687417,3.643044125,0.0,0.0,0.0,0.0,3.0727361642887487,21.86836814880371,1.0,384.75,576.0,11.809729949013157,1394.0,0.0,1585.0,8.64100779639916
1781701467985749644,3.643106352,0.0,0.0,0.0,0.0,3.0727361642887487,21.86836814880371,1.0,388.5,576.0,11.809729949013157,1394.0,0.0,1585.0,8.64100779639916
1781701467985776214,3.643132922,0.0,0.0,0.0,0.0,3.070285188804503,21.86836814880371,1.0,388.5,576.0,11.809729949013157,1394.0,0.0,1585.0,8.64100779639916
1781701467985783178,3.643139886,0.0,0.0,0.0,0.0,3.070285188804503,23.019533157348633,1.0,388.5,576.0,11.809729949013157,1394.0,0.0,1585.0,8.64100779639916
1781701467985786724,3.643143432,0.0,0.0,0.0,0.0,3.070285188804503,23.019533157348633,1.0,388.5,576.0,11.809729949013157,1353.0,0.0,1585.0,8.64100779639916
1781701467985790311,3.643147019,0.0,0.0,0.0,0.0,3.070285188804503,23.019533157348633,1.0,388.5,576.0,11.809729949013157,1353.0,0.0,1585.0,8.64100779639916
1781701467985800621,3.643157329,0.0,0.0,0.0,0.0,3.070285188804503,23.019533157348633,1.0,388.5,576.0,11.809729949013157,1353.0,0.0,1585.0,8.64100779639916
1781701467986771745,3.644128453,0.0,0.0,0.0,0.0,3.070285188804503,23.019533157348633,1.0,388.5,576.0,11.656942928623225,1353.0,0.0,1585.0,8.64100779639916
1781701467986809507,3.644166215,0.0,0.0,0.0,0.0,3.070285188804503,23.019533157348633,1.0,388.5,576.0,11.656942928623225,1353.0,0.0,1585.0,9.696585092677584
1781701467986813995,3.644170703,0.0,0.0,0.0,0.0,3.070285188804503,23.019533157348633,1.0,388.5,576.0,11.656942928623225,1353.0,0.0,1585.0,9.696585092677584
1781701467986825176,3.644181884,0.0,0.0,0.0,0.0,3.070285188804503,23.019533157348633,1.0,388.5,576.0,11.656942928623225,1353.0,0.0,1585.0,9.696585092677584
1781701467986834464,3.644191172,0.0,0.0,0.0,0.0,3.070285188804503,23.019533157348633,1.0,388.5,576.0,11.656942928623225,1353.0,0.0,1585.0,9.696585092677584
1781701467986838111,3.644194819,0.0,0.0,0.0,0.0,3.070285188804503,23.019533157348633,1.0,388.5,576.0,11.656942928623225,1353.0,0.0,1585.0,9.696585092677584
1781701467986848240,3.644204948,0.0,0.0,0.0,0.0,3.070285188804503,23.019533157348633,1.0,388.5,576.0,11.656942928623225,1353.0,0.0,1585.0,9.696585092677584
1781701468062623632,3.71998034,0.0,0.0,0.0,0.0,3.070285188804503,23.019533157348633,1.0,388.5,576.0,11.656942928623225,1353.0,0.0,1585.0,9.696585092677584
1781701468062679999,3.720036707,0.0,0.0,0.0,0.0,3.070285188804503,23.019533157348633,1.0,388.5,576.0,11.656942928623225,1353.0,0.0,1585.0,9.696585092677584
1781701468062684818,3.720041526,0.0,0.0,0.0,0.0,3.070285188804503,23.019533157348633,1.0,397.5,576.0,11.656942928623225,1353.0,0.0,1585.0,9.696585092677584
1781701468062690308,3.720047016,0.0,0.0,0.0,0.0,3.108271657711546,23.019533157348633,1.0,397.5,576.0,11.656942928623225,1353.0,0.0,1585.0,9.696585092677584
1781701468062697612,3.72005432,0.0,0.0,0.0,0.0,3.108271657711546,23.019533157348633,1.0,397.5,576.0,16.447649165946068,1353.0,0.0,1585.0,9.696585092677584
1781701468062701900,3.720058608,0.0,0.0,0.0,0.0,3.108271657711546,3.118086814880371,1.0,397.5,576.0,16.447649165946068,1353.0,0.0,1585.0,9.696585092677584
1781701468062706910,3.720063618,0.0,0.0,0.0,0.0,3.108271657711546,3.118086814880371,1.0,397.5,576.0,16.447649165946068,1769.0,0.0,1585.0,9.696585092677584
1781701468062709945,3.720066653,0.0,0.0,0.0,0.0,3.108271657711546,3.118086814880371,1.0,397.5,578.25,16.447649165946068,1769.0,0.0,1585.0,9.696585092677584
1781701468062716758,3.720073466,0.0,0.0,0.0,0.0,3.108271657711546,3.118086814880371,1.0,397.5,578.25,16.447649165946068,1769.0,0.0,1585.0,12.059457518321553
1781701468062719894,3.720076602,0.0,0.0,0.0,0.0,3.108271657711546,3.118086814880371,1.0,397.5,578.25,16.447649165946068,1769.0,0.0,1585.0,12.059457518321553
1781701468062800226,3.720156934,0.0,0.0,0.0,0.0,3.108271657711546,3.118086814880371,1.0,397.5,578.25,16.447649165946068,1769.0,0.0,1585.0,12.059457518321553
1781701468062810535,3.720167243,0.0,0.0,0.0,0.0,3.108271657711546,3.118086814880371,1.0,397.5,578.25,16.447649165946068,1769.0,0.0,1585.0,12.059457518321553
1781701468062831886,3.720188594,0.0,0.0,0.0,0.0,3.108271657711546,3.118086814880371,1.0,397.5,578.25,16.447649165946068,1769.0,0.0,1585.0,12.059457518321553
1781701468062879025,3.720235733,0.0,0.0,0.0,0.0,3.108271657711546,3.118086814880371,1.0,397.5,578.25,16.447649165946068,1769.0,0.0,1585.0,12.059457518321553
1781701468107890529,3.765247237,0.0,0.0,0.0,0.0,3.108271657711546,3.118086814880371,1.0,397.5,578.25,16.447649165946068,1769.0,0.0,1585.0,12.059457518321553
1781701468107938640,3.765295348,0.0,0.0,0.0,0.0,3.108271657711546,3.118086814880371,1.0,402.0,578.25,16.447649165946068,1769.0,0.0,1585.0,12.059457518321553
1781701468107942658,3.765299366,0.0,0.0,0.0,0.0,3.108271657711546,3.118086814880371,1.0,402.0,579.0,16.447649165946068,1769.0,0.0,1585.0,12.059457518321553
1781701468107975920,3.765332628,0.0,0.0,0.0,0.0,3.108271657711546,25.05007553100586,1.0,402.0,579.0,16.447649165946068,1769.0,0.0,1585.0,12.059457518321553
1781701468107991670,3.765348378,0.0,0.0,0.0,0.0,3.108271657711546,25.05007553100586,1.0,402.0,579.0,16.447649165946068,1769.0,0.0,1585.0,12.059457518321553
1781701468107996850,3.765353558,0.0,0.0,0.0,0.0,3.070285188804503,25.05007553100586,1.0,402.0,579.0,16.447649165946068,1769.0,0.0,1585.0,12.059457518321553
1781701468107999615,3.765356323,0.0,0.0,0.0,0.0,3.070285188804503,25.05007553100586,1.0,402.0,579.0,16.447649165946068,1150.0,0.0,1585.0,12.059457518321553
1781701468108006057,3.765362765,0.0,0.0,0.0,0.0,3.070285188804503,25.05007553100586,1.0,402.0,579.0,14.392218110095667,1150.0,0.0,1585.0,12.059457518321553
1781701468108012780,3.765369488,0.0,0.0,0.0,0.0,3.070285188804503,25.05007553100586,1.0,402.0,579.0,14.392218110095667,1150.0,0.0,1585.0,12.875923725442494
1781701468108039961,3.765396669,0.0,0.0,0.0,0.0,3.070285188804503,25.05007553100586,1.0,402.0,579.0,14.392218110095667,1150.0,0.0,1585.0,12.875923725442494
1781701468108145681,3.765502389,0.0,0.0,0.0,0.0,3.070285188804503,25.05007553100586,1.0,402.0,579.0,14.392218110095667,1150.0,0.0,1585.0,12.875923725442494
1781701468108165258,3.765521966,0.0,0.0,0.0,0.0,3.070285188804503,25.05007553100586,1.0,402.0,579.0,14.392218110095667,1150.0,0.0,1585.0,12.875923725442494
1781701468108170568,3.765527276,0.0,0.0,0.0,0.0,3.070285188804503,25.05007553100586,1.0,402.0,579.0,14.392218110095667,1150.0,0.0,1585.0,12.875923725442494
1781701468108209552,3.76556626,0.0,0.0,0.0,0.0,3.070285188804503,25.05007553100586,1.0,402.0,579.0,14.392218110095667,1150.0,0.0,1585.0,12.875923725442494
1781701468147545665,3.804902373,0.0,0.0,0.0,0.0,3.070285188804503,25.05007553100586,1.0,402.0,579.0,14.392218110095667,1150.0,0.0,1585.0,12.875923725442494
1781701468147598655,3.804955363,0.0,0.0,0.0,0.0,3.070285188804503,25.05007553100586,1.0,402.0,579.0,14.392218110095667,1150.0,0.0,1585.0,12.875923725442494
1781701468147603534,3.804960242,0.0,0.0,0.0,0.0,3.070285188804503,25.05007553100586,1.0,408.0,579.0,14.392218110095667,1150.0,0.0,1585.0,12.875923725442494
1781701468147609776,3.804966484,0.0,0.0,0.0,0.0,3.070285188804503,25.05007553100586,1.0,408.0,579.0,14.392218110095667,1150.0,0.0,1585.0,12.875923725442494
1781701468147614595,3.804971303,0.0,0.0,0.0,0.0,3.070285188804503,24.62259292602539,1.0,408.0,579.0,14.392218110095667,1150.0,0.0,1585.0,12.875923725442494
1781701468147618051,3.804974759,0.0,0.0,0.0,0.0,3.070285188804503,24.62259292602539,1.0,408.0,579.0,14.392218110095667,1385.0,0.0,1585.0,12.875923725442494
1781701468147621858,3.804978566,0.0,0.0,0.0,0.0,3.070285188804503,24.62259292602539,1.0,408.0,579.0,14.392218110095667,1385.0,0.0,1585.0,12.875923725442494
1781701468147631867,3.804988575,0.0,0.0,0.0,0.0,3.070285188804503,24.62259292602539,1.0,408.0,579.0,14.392218110095667,1385.0,0.0,1585.0,15.401032905257704
1781701468147636406,3.804993114,0.0,0.0,0.0,0.0,3.070285188804503,24.62259292602539,1.0,408.0,579.0,20.09052138205738,1385.0,0.0,1585.0,15.401032905257704
1781701468147650703,3.805007411,0.0,0.0,0.0,0.0,3.070285188804503,24.62259292602539,1.0,408.0,579.0,20.09052138205738,1385.0,0.0,1585.0,15.401032905257704
1781701468147764758,3.805121466,0.0,0.0,0.0,0.0,3.070285188804503,24.62259292602539,1.0,408.0,579.0,20.09052138205738,1385.0,0.0,1585.0,15.401032905257704
1781701468147796388,3.805153096,0.0,0.0,0.0,0.0,3.070285188804503,24.62259292602539,1.0,408.0,579.0,20.09052138205738,1385.0,0.0,1585.0,15.401032905257704
1781701468147827096,3.805183804,0.0,0.0,0.0,0.0,3.070285188804503,24.62259292602539,1.0,408.0,579.0,20.09052138205738,1385.0,0.0,1585.0,15.401032905257704
1781701468147899844,3.805256552,0.0,0.0,0.0,0.0,3.070285188804503,24.62259292602539,1.0,408.0,579.0,20.09052138205738,1385.0,0.0,1585.0,15.401032905257704
1781701468187806214,3.845162922,0.0,0.0,0.0,0.0,3.070285188804503,24.62259292602539,1.0,408.0,579.0,20.09052138205738,1385.0,0.0,1585.0,15.401032905257704
1781701468187856749,3.845213457,0.0,0.0,0.0,0.0,3.070285188804503,24.62259292602539,1.0,408.0,579.0,20.09052138205738,1385.0,0.0,1585.0,15.401032905257704
1781701468187861358,3.845218066,0.0,0.0,0.0,0.0,3.070285188804503,24.62259292602539,1.0,411.0,579.0,20.09052138205738,1385.0,0.0,1585.0,15.401032905257704
1781701468187865195,3.845221903,0.0,0.0,0.0,0.0,3.070285188804503,24.62259292602539,1.0,411.0,579.0,20.09052138205738,1385.0,0.0,1585.0,15.401032905257704
1781701468187869724,3.845226432,0.0,0.0,0.0,0.0,3.070285188804503,24.408851623535156,1.0,411.0,579.0,20.09052138205738,1385.0,0.0,1585.0,15.401032905257704
1781701468187875014,3.845231722,0.0,0.0,0.0,0.0,3.070285188804503,24.408851623535156,1.0,411.0,579.0,20.09052138205738,1381.0,0.0,1585.0,15.401032905257704
1781701468187878250,3.845234958,0.0,0.0,0.0,0.0,3.070285188804503,24.408851623535156,1.0,411.0,579.0,20.09052138205738,1381.0,0.0,1585.0,15.401032905257704
1781701468187889591,3.845246299,0.0,0.0,0.0,0.0,3.070285188804503,24.408851623535156,1.0,411.0,579.0,20.09052138205738,1381.0,0.0,1585.0,13.596523045054447
1781701468187893468,3.845250176,0.0,0.0,0.0,0.0,3.070285188804503,24.408851623535156,1.0,411.0,579.0,10.245290447534108,1381.0,0.0,1585.0,13.596523045054447
1781701468187897556,3.845254264,0.0,0.0,0.0,0.0,3.070285188804503,24.408851623535156,1.0,411.0,579.0,10.245290447534108,1381.0,0.0,1585.0,13.596523045054447
1781701468187948472,3.84530518,0.0,0.0,0.0,0.0,3.070285188804503,24.408851623535156,1.0,411.0,579.0,10.245290447534108,1381.0,0.0,1585.0,13.596523045054447
1781701468187960966,3.845317674,0.0,0.0,0.0,0.0,3.070285188804503,24.408851623535156,1.0,411.0,579.0,10.245290447534108,1381.0,0.0,1585.0,13.596523045054447
1781701468187972127,3.845328835,0.0,0.0,0.0,0.0,3.070285188804503,24.408851623535156,1.0,411.0,579.0,10.245290447534108,1381.0,0.0,1585.0,13.596523045054447
1781701468187988368,3.845345076,0.0,0.0,0.0,0.0,3.070285188804503,24.408851623535156,1.0,411.0,579.0,10.245290447534108,1381.0,0.0,1585.0,13.596523045054447
1781701468279643079,3.936999787,0.0,0.0,0.0,0.0,3.070285188804503,24.408851623535156,1.0,411.0,579.0,10.245290447534108,1381.0,0.0,1585.0,13.596523045054447
1781701468279688605,3.937045313,0.0,0.0,0.0,0.0,3.070285188804503,24.408851623535156,1.0,420.0,579.0,10.245290447534108,1381.0,0.0,1585.0,13.596523045054447
1781701468279692282,3.93704899,0.0,0.0,0.0,0.0,3.070285188804503,24.408851623535156,1.0,420.0,579.0,10.245290447534108,1381.0,0.0,1585.0,13.596523045054447
1781701468279696730,3.937053438,0.0,0.0,0.0,0.0,3.070285188804503,23.767627716064453,1.0,420.0,579.0,10.245290447534108,1381.0,0.0,1585.0,13.596523045054447
1781701468279699906,3.937056614,0.0,0.0,0.0,0.0,3.070285188804503,23.767627716064453,1.0,420.0,579.0,10.245290447534108,1381.0,0.0,1585.0,13.596523045054447
1781701468279709164,3.937065872,0.0,0.0,0.0,0.0,3.070285188804503,23.767627716064453,1.0,420.0,579.0,10.245290447534108,1387.0,0.0,1585.0,13.596523045054447
1781701468279746935,3.937103643,0.0,0.0,0.0,0.0,3.070285188804503,23.767627716064453,1.0,420.0,579.0,10.245290447534108,1387.0,0.0,1585.0,13.596523045054447
1781701468279776261,3.937132969,0.0,0.0,0.0,0.0,3.070285188804503,23.767627716064453,1.0,420.0,579.0,16.080169042004275,1387.0,0.0,1585.0,13.596523045054447
1781701468279804193,3.937160901,0.0,0.0,0.0,0.0,3.070285188804503,23.767627716064453,1.0,420.0,579.0,16.080169042004275,1387.0,0.0,1585.0,14.465799143986889
1781701468279827768,3.937184476,0.0,0.0,0.0,0.0,3.070285188804503,23.767627716064453,1.0,420.0,579.0,16.080169042004275,1387.0,0.0,1585.0,14.465799143986889
1781701468279928999,3.937285707,10.063496128425626,0.0,0.0,0.0,3.070285188804503,23.767627716064453,1.0,420.0,579.0,16.080169042004275,1387.0,0.0,1585.0,14.465799143986889
1781701468279959767,3.937316475,10.063496128425626,0.0,5.352415460621728,0.0,3.070285188804503,23.767627716064453,1.0,420.0,579.0,16.080169042004275,1387.0,0.0,1585.0,14.465799143986889
1781701468279988722,3.93734543,10.063496128425626,1.1135522946906389,5.352415460621728,0.0,3.070285188804503,23.767627716064453,1.0,420.0,579.0,16.080169042004275,1387.0,0.0,1585.0,14.465799143986889
1781701468280043846,3.937400554,10.063496128425626,1.1135522946906389,5.352415460621728,-309.4317840756376,3.070285188804503,23.767627716064453,1.0,420.0,579.0,16.080169042004275,1387.0,0.0,1585.0,14.465799143986889
1781701468320429201,3.977785909,10.063496128425626,1.1135522946906389,5.352415460621728,-309.4317840756376,3.070285188804503,23.767627716064453,1.0,420.0,579.0,16.080169042004275,1387.0,0.0,1585.0,14.465799143986889
1781701468320535031,3.977891739,10.063496128425626,1.1135522946906389,5.352415460621728,-309.4317840756376,3.070285188804503,23.767627716064453,1.0,420.0,579.0,16.080169042004275,1387.0,0.0,1585.0,14.465799143986889
1781701468320541132,3.97789784,10.063496128425626,1.1135522946906389,5.352415460621728,-309.4317840756376,3.070285188804503,23.767627716064453,1.0,422.25,579.0,16.080169042004275,1387.0,0.0,1585.0,14.465799143986889
1781701468320548246,3.977904954,10.063496128425626,1.1135522946906389,5.352415460621728,-309.4317840756376,3.0727361642887487,23.767627716064453,1.0,422.25,579.0,16.080169042004275,1387.0,0.0,1585.0,14.465799143986889
1781701468320554007,3.977910715,10.063496128425626,1.1135522946906389,5.352415460621728,-309.4317840756376,3.0727361642887487,23.767627716064453,1.0,422.25,579.0,7.04556279815389,1387.0,0.0,1585.0,14.465799143986889
1781701468320557233,3.977913941,10.063496128425626,1.1135522946906389,5.352415460621728,-309.4317840756376,3.0727361642887487,22.28118133544922,1.0,422.25,579.0,7.04556279815389,1387.0,0.0,1585.0,14.465799143986889
1781701468320559808,3.977916516,10.063496128425626,1.1135522946906389,5.352415460621728,-309.4317840756376,3.0727361642887487,22.28118133544922,1.0,422.25,579.0,7.04556279815389,1422.0,0.0,1585.0,14.465799143986889
1781701468320564326,3.977921034,10.063496128425626,1.1135522946906389,5.352415460621728,-309.4317840756376,3.0727361642887487,22.28118133544922,1.0,422.25,579.0,7.04556279815389,1422.0,0.0,1585.0,14.465799143986889
1781701468320570859,3.977927567,10.063496128425626,1.1135522946906389,5.352415460621728,-309.4317840756376,3.0727361642887487,22.28118133544922,1.0,422.25,579.0,7.04556279815389,1422.0,0.0,1585.0,11.868716422945338
1781701468320574215,3.977930923,10.063496128425626,1.1135522946906389,5.352415460621728,-309.4317840756376,3.0727361642887487,22.28118133544922,1.0,422.25,579.0,7.04556279815389,1422.0,0.0,1585.0,11.868716422945338
1781701468320651912,3.97800862,9.502590465150508,1.1135522946906389,5.352415460621728,-309.4317840756376,3.0727361642887487,22.28118133544922,1.0,422.25,579.0,7.04556279815389,1422.0,0.0,1585.0,11.868716422945338
1781701468320674174,3.978030882,9.502590465150508,1.1135522946906389,4.219759277595612,-309.4317840756376,3.0727361642887487,22.28118133544922,1.0,422.25,579.0,7.04556279815389,1422.0,0.0,1585.0,11.868716422945338
1781701468320693240,3.978049948,9.502590465150508,0.723683699432848,4.219759277595612,-309.4317840756376,3.0727361642887487,22.28118133544922,1.0,422.25,579.0,7.04556279815389,1422.0,0.0,1585.0,11.868716422945338
1781701468320723687,3.978080395,9.502590465150508,0.723683699432848,4.219759277595612,-275.1706785543552,3.0727361642887487,22.28118133544922,1.0,422.25,579.0,7.04556279815389,1422.0,0.0,1585.0,11.868716422945338
1781701468379632366,4.036989074,9.502590465150508,0.723683699432848,4.219759277595612,-275.1706785543552,3.0727361642887487,22.28118133544922,1.0,422.25,579.0,7.04556279815389,1422.0,0.0,1585.0,11.868716422945338
1781701468379677471,4.037034179,9.502590465150508,0.723683699432848,4.219759277595612,-275.1706785543552,3.0727361642887487,22.28118133544922,1.0,426.0,579.0,7.04556279815389,1422.0,0.0,1585.0,11.868716422945338
1781701468379681679,4.037038387,9.502590465150508,0.723683699432848,4.219759277595612,-275.1706785543552,3.070285188804503,22.28118133544922,1.0,426.0,579.0,7.04556279815389,1422.0,0.0,1585.0,11.868716422945338
1781701468379684895,4.037041603,9.502590465150508,0.723683699432848,4.219759277595612,-275.1706785543552,3.070285188804503,23.340145111083984,1.0,426.0,579.0,7.04556279815389,1422.0,0.0,1585.0,11.868716422945338
1781701468379688061,4.037044769,9.502590465150508,0.723683699432848,4.219759277595612,-275.1706785543552,3.070285188804503,23.340145111083984,1.0,426.0,579.0,7.04556279815389,1360.0,0.0,1585.0,11.868716422945338
1781701468379691387,4.037048095,9.502590465150508,0.723683699432848,4.219759277595612,-275.1706785543552,3.070285188804503,23.340145111083984,1.0,426.0,579.0,7.04556279815389,1360.0,0.0,1585.0,11.868716422945338
1781701468379699192,4.0370559,9.502590465150508,0.723683699432848,4.219759277595612,-275.1706785543552,3.070285188804503,23.340145111083984,1.0,426.0,579.0,7.04556279815389,1360.0,0.0,1585.0,11.868716422945338
1781701468379703119,4.037059827,9.502590465150508,0.723683699432848,4.219759277595612,-275.1706785543552,3.070285188804503,23.340145111083984,1.0,426.0,579.0,9.087956353988405,1360.0,0.0,1585.0,11.868716422945338
1781701468379709702,4.03706641,9.502590465150508,0.723683699432848,4.219759277595612,-275.1706785543552,3.070285188804503,23.340145111083984,1.0,426.0,579.0,9.087956353988405,1360.0,0.0,1585.0,10.89545039881041
1781701468379720412,4.03707712,9.502590465150508,0.723683699432848,4.219759277595612,-275.1706785543552,3.070285188804503,23.340145111083984,1.0,426.0,579.0,9.087956353988405,1360.0,0.0,1585.0,10.89545039881041
1781701468379797658,4.037154366,9.755764780165606,0.723683699432848,4.219759277595612,-275.1706785543552,3.070285188804503,23.340145111083984,1.0,426.0,579.0,9.087956353988405,1360.0,0.0,1585.0,10.89545039881041
1781701468379808088,4.037164796,9.755764780165606,0.723683699432848,3.982856407255591,-275.1706785543552,3.070285188804503,23.340145111083984,1.0,426.0,579.0,9.087956353988405,1360.0,0.0,1585.0,10.89545039881041
1781701468379829689,4.037186397,9.755764780165606,0.6317076434036741,3.982856407255591,-275.1706785543552,3.070285188804503,23.340145111083984,1.0,426.0,579.0,9.087956353988405,1360.0,0.0,1585.0,10.89545039881041
1781701468379886125,4.037242833,9.755764780165606,0.6317076434036741,3.982856407255591,-275.40413139182755,3.070285188804503,23.340145111083984,1.0,426.0,579.0,9.087956353988405,1360.0,0.0,1585.0,10.89545039881041
1781701468471380724,4.128737432,9.755764780165606,0.6317076434036741,3.982856407255591,-275.40413139182755,3.070285188804503,23.340145111083984,1.0,426.0,579.0,9.087956353988405,1360.0,0.0,1585.0,10.89545039881041
1781701468471428515,4.128785223,9.755764780165606,0.6317076434036741,3.982856407255591,-275.40413139182755,3.070285188804503,23.340145111083984,1.0,426.0,579.0,9.087956353988405,1360.0,0.0,1585.0,10.89545039881041
1781701468471432151,4.128788859,9.755764780165606,0.6317076434036741,3.982856407255591,-275.40413139182755,3.070285188804503,23.340145111083984,1.0,432.0,579.0,9.087956353988405,1360.0,0.0,1585.0,10.89545039881041
1781701468471434526,4.128791234,9.755764780165606,0.6317076434036741,3.982856407255591,-275.40413139182755,3.1058935409104693,23.340145111083984,1.0,432.0,579.0,9.087956353988405,1360.0,0.0,1585.0,10.89545039881041
1781701468471437532,4.12879424,9.755764780165606,0.6317076434036741,3.982856407255591,-275.40413139182755,3.1058935409104693,4.7325029373168945,1.0,432.0,579.0,9.087956353988405,1360.0,0.0,1585.0,10.89545039881041
1781701468471441178,4.128797886,9.755764780165606,0.6317076434036741,3.982856407255591,-275.40413139182755,3.1058935409104693,4.7325029373168945,1.0,432.0,579.0,9.087956353988405,1697.0,0.0,1585.0,10.89545039881041
1781701468471443673,4.128800381,9.755764780165606,0.6317076434036741,3.982856407255591,-275.40413139182755,3.1058935409104693,4.7325029373168945,1.0,432.0,579.75,9.087956353988405,1697.0,0.0,1585.0,10.89545039881041
1781701468471452029,4.128808737,9.755764780165606,0.6317076434036741,3.982856407255591,-275.40413139182755,3.1058935409104693,4.7325029373168945,1.0,432.0,579.75,9.118079760338752,1697.0,0.0,1585.0,10.89545039881041
1781701468471459533,4.128816241,9.755764780165606,0.6317076434036741,3.982856407255591,-275.40413139182755,3.1058935409104693,4.7325029373168945,1.0,432.0,579.75,9.118079760338752,1697.0,0.0,1585.0,10.27337067534533
1781701468471470063,4.128826771,9.755764780165606,0.6317076434036741,3.982856407255591,-275.40413139182755,3.1058935409104693,4.7325029373168945,1.0,432.0,579.75,9.118079760338752,1697.0,0.0,1585.0,10.27337067534533
1781701468471535827,4.128892535,9.009638054393491,0.6317076434036741,3.982856407255591,-275.40413139182755,3.1058935409104693,4.7325029373168945,1.0,432.0,579.75,9.118079760338752,1697.0,0.0,1585.0,10.27337067534533
1781701468471544363,4.128901071,9.009638054393491,0.6317076434036741,3.5826672893376617,-275.40413139182755,3.1058935409104693,4.7325029373168945,1.0,432.0,579.75,9.118079760338752,1697.0,0.0,1585.0,10.27337067534533
1781701468471560814,4.128917522,9.009638054393491,0.5434334586278435,3.5826672893376617,-275.40413139182755,3.1058935409104693,4.7325029373168945,1.0,432.0,579.75,9.118079760338752,1697.0,0.0,1585.0,10.27337067534533
1781701468471629003,4.128985711,9.009638054393491,0.5434334586278435,3.5826672893376617,-252.38954033325115,3.1058935409104693,4.7325029373168945,1.0,432.0,579.75,9.118079760338752,1697.0,0.0,1585.0,10.27337067534533
1781701468519986759,4.177343467,9.009638054393491,0.5434334586278435,3.5826672893376617,-252.38954033325115,3.1058935409104693,4.7325029373168945,1.0,432.0,579.75,9.118079760338752,1697.0,0.0,1585.0,10.27337067534533
1781701468520030983,4.177387691,9.009638054393491,0.5434334586278435,3.5826672893376617,-252.38954033325115,3.1058935409104693,4.7325029373168945,1.0,435.0,579.75,9.118079760338752,1697.0,0.0,1585.0,10.27337067534533
1781701468520034690,4.177391398,9.009638054393491,0.5434334586278435,3.5826672893376617,-252.38954033325115,3.1058935409104693,4.7325029373168945,1.0,435.0,579.75,9.118079760338752,1697.0,0.0,1585.0,10.27337067534533
1781701468520039890,4.177396598,9.009638054393491,0.5434334586278435,3.5826672893376617,-252.38954033325115,3.1058935409104693,4.625428199768066,1.0,435.0,579.75,9.118079760338752,1697.0,0.0,1585.0,10.27337067534533
1781701468520043567,4.177400275,9.009638054393491,0.5434334586278435,3.5826672893376617,-252.38954033325115,3.1058935409104693,4.625428199768066,1.0,435.0,579.75,9.118079760338752,1477.0,0.0,1585.0,10.27337067534533
1781701468520048726,4.177405434,9.009638054393491,0.5434334586278435,3.5826672893376617,-252.38954033325115,3.1058935409104693,4.625428199768066,1.0,435.0,579.75,9.118079760338752,1477.0,0.0,1585.0,10.27337067534533
1781701468520054998,4.177411706,9.009638054393491,0.5434334586278435,3.5826672893376617,-252.38954033325115,3.1058935409104693,4.625428199768066,1.0,435.0,579.75,9.118079760338752,1477.0,0.0,1585.0,10.27337067534533
1781701468520070878,4.177427586,9.009638054393491,0.5434334586278435,3.5826672893376617,-252.38954033325115,3.1058935409104693,4.625428199768066,1.0,435.0,579.75,10.620252796992208,1477.0,0.0,1585.0,10.27337067534533
1781701468520098711,4.177455419,9.009638054393491,0.5434334586278435,3.5826672893376617,-252.38954033325115,3.1058935409104693,4.625428199768066,1.0,435.0,579.75,10.620252796992208,1477.0,0.0,1585.0,10.394779417921736
1781701468520120572,4.17747728,9.009638054393491,0.5434334586278435,3.5826672893376617,-252.38954033325115,3.1058935409104693,4.625428199768066,1.0,435.0,579.75,10.620252796992208,1477.0,0.0,1585.0,10.394779417921736
1781701468520207637,4.177564345,8.864467091239064,0.5434334586278435,3.5826672893376617,-252.38954033325115,3.1058935409104693,4.625428199768066,1.0,435.0,579.75,10.620252796992208,1477.0,0.0,1585.0,10.394779417921736
1781701468520235830,4.177592538,8.864467091239064,0.5434334586278435,3.6026573275766283,-252.38954033325115,3.1058935409104693,4.625428199768066,1.0,435.0,579.75,10.620252796992208,1477.0,0.0,1585.0,10.394779417921736
1781701468520264594,4.177621302,8.864467091239064,0.5563537415991513,3.6026573275766283,-252.38954033325115,3.1058935409104693,4.625428199768066,1.0,435.0,579.75,10.620252796992208,1477.0,0.0,1585.0,10.394779417921736
1781701468520336280,4.177692988,8.864467091239064,0.5563537415991513,3.6026573275766283,-249.89884211791298,3.1058935409104693,4.625428199768066,1.0,435.0,579.75,10.620252796992208,1477.0,0.0,1585.0,10.394779417921736
1781701468565831979,4.223188687,8.864467091239064,0.5563537415991513,3.6026573275766283,-249.89884211791298,3.1058935409104693,4.625428199768066,1.0,435.0,579.75,10.620252796992208,1477.0,0.0,1585.0,10.394779417921736
1781701468565892263,4.223248971,8.864467091239064,0.5563537415991513,3.6026573275766283,-249.89884211791298,3.1058935409104693,4.625428199768066,1.0,435.0,579.75,10.620252796992208,1477.0,0.0,1585.0,10.394779417921736
1781701468565898504,4.223255212,8.864467091239064,0.5563537415991513,3.6026573275766283,-249.89884211791298,3.1058935409104693,4.625428199768066,1.0,438.75,579.75,10.620252796992208,1477.0,0.0,1585.0,10.394779417921736
1781701468565901460,4.223258168,8.864467091239064,0.5563537415991513,3.6026573275766283,-249.89884211791298,-3.141592653589793,4.625428199768066,1.0,438.75,579.75,10.620252796992208,1477.0,0.0,1585.0,10.394779417921736
1781701468565907551,4.223264259,8.864467091239064,0.5563537415991513,3.6026573275766283,-249.89884211791298,-3.141592653589793,-13.5,1.0,438.75,579.75,10.620252796992208,1477.0,0.0,1585.0,10.394779417921736
1781701468565910537,4.223267245,8.864467091239064,0.5563537415991513,3.6026573275766283,-249.89884211791298,-3.141592653589793,-13.5,1.0,438.75,579.75,10.620252796992208,1850.0,0.0,1585.0,10.394779417921736
1781701468565913362,4.22327007,8.864467091239064,0.5563537415991513,3.6026573275766283,-249.89884211791298,-3.141592653589793,-13.5,1.0,438.75,580.5,10.620252796992208,1850.0,0.0,1585.0,10.394779417921736
1781701468565922520,4.223279228,8.864467091239064,0.5563537415991513,3.6026573275766283,-249.89884211791298,-3.141592653589793,-13.5,1.0,438.75,580.5,10.620252796992208,1850.0,0.0,1585.0,10.32626869400757
1781701468565925916,4.223282624,8.864467091239064,0.5563537415991513,3.6026573275766283,-249.89884211791298,-3.141592653589793,-13.5,1.0,438.75,580.5,10.199034492452693,1850.0,0.0,1585.0,10.32626869400757
1781701468565929313,4.223286021,8.864467091239064,0.5563537415991513,3.6026573275766283,-249.89884211791298,-3.141592653589793,-13.5,1.0,438.75,580.5,10.199034492452693,1850.0,0.0,1585.0,10.32626869400757
1781701468565991891,4.223348599,8.670559277352321,0.5563537415991513,3.6026573275766283,-249.89884211791298,-3.141592653589793,-13.5,1.0,438.75,580.5,10.199034492452693,1850.0,0.0,1585.0,10.32626869400757
1781701468566002982,4.22335969,8.670559277352321,0.5563537415991513,3.5491832138396444,-249.89884211791298,-3.141592653589793,-13.5,1.0,438.75,580.5,10.199034492452693,1850.0,0.0,1585.0,10.32626869400757
1781701468566023871,4.223380579,8.670559277352321,0.549088374019688,3.5491832138396444,-249.89884211791298,-3.141592653589793,-13.5,1.0,438.75,580.5,10.199034492452693,1850.0,0.0,1585.0,10.32626869400757
1781701468566071722,4.22342843,8.670559277352321,0.549088374019688,3.5491832138396444,-244.94393819785927,-3.141592653589793,-13.5,1.0,438.75,580.5,10.199034492452693,1850.0,0.0,1585.0,10.32626869400757
1781701468647589423,4.304946131,8.670559277352321,0.549088374019688,3.5491832138396444,-244.94393819785927,-3.141592653589793,-13.5,1.0,438.75,580.5,10.199034492452693,1850.0,0.0,1585.0,10.32626869400757
1781701468647645799,4.305002507,8.670559277352321,0.549088374019688,3.5491832138396444,-244.94393819785927,-3.141592653589793,-13.5,1.0,444.75,580.5,10.199034492452693,1850.0,0.0,1585.0,10.32626869400757
1781701468647652682,4.30500939,8.670559277352321,0.549088374019688,3.5491832138396444,-244.94393819785927,-3.141592653589793,-13.5,1.0,444.75,580.5,10.199034492452693,1850.0,0.0,1585.0,10.32626869400757
1781701468647658443,4.305015151,8.670559277352321,0.549088374019688,3.5491832138396444,-244.94393819785927,-3.141592653589793,-13.5,1.0,444.75,580.5,10.199034492452693,1850.0,0.0,1585.0,10.32626869400757
1781701468647663092,4.3050198,8.670559277352321,0.549088374019688,3.5491832138396444,-244.94393819785927,-3.141592653589793,-13.5,1.0,444.75,580.5,10.199034492452693,1571.0,0.0,1585.0,10.32626869400757
1781701468647668823,4.305025531,8.670559277352321,0.549088374019688,3.5491832138396444,-244.94393819785927,-3.141592653589793,-13.5,1.0,444.75,580.5,10.199034492452693,1571.0,0.0,1585.0,10.32626869400757
1781701468647682448,4.305039156,8.670559277352321,0.549088374019688,3.5491832138396444,-244.94393819785927,-3.141592653589793,-13.5,1.0,444.75,580.5,10.199034492452693,1571.0,0.0,1585.0,10.32626869400757
1781701468647687177,4.305043885,8.670559277352321,0.549088374019688,3.5491832138396444,-244.94393819785927,-3.141592653589793,-13.5,1.0,444.75,580.5,18.941307071358782,1571.0,0.0,1585.0,10.32626869400757
1781701468647699270,4.305055978,8.670559277352321,0.549088374019688,3.5491832138396444,-244.94393819785927,-3.141592653589793,-13.5,1.0,444.75,580.5,18.941307071358782,1571.0,0.0,1585.0,13.341532126080494
1781701468647719168,4.305075876,8.670559277352321,0.549088374019688,3.5491832138396444,-244.94393819785927,-3.141592653589793,-13.5,1.0,444.75,580.5,18.941307071358782,1571.0,0.0,1585.0,13.341532126080494
1781701468647810320,4.305167028,8.38549582808221,0.549088374019688,3.5491832138396444,-244.94393819785927,-3.141592653589793,-13.5,1.0,444.75,580.5,18.941307071358782,1571.0,0.0,1585.0,13.341532126080494
1781701468647826641,4.305183349,8.38549582808221,0.549088374019688,4.528204448617858,-244.94393819785927,-3.141592653589793,-13.5,1.0,444.75,580.5,18.941307071358782,1571.0,0.0,1585.0,13.341532126080494
1781701468647838593,4.305195301,8.38549582808221,0.9165724901082366,4.528204448617858,-244.94393819785927,-3.141592653589793,-13.5,1.0,444.75,580.5,18.941307071358782,1571.0,0.0,1585.0,13.341532126080494
1781701468647881094,4.305237802,8.38549582808221,0.9165724901082366,4.528204448617858,-259.19057802410964,-3.141592653589793,-13.5,1.0,444.75,580.5,18.941307071358782,1571.0,0.0,1585.0,13.341532126080494
1781701468689964166,4.347320874,8.38549582808221,0.9165724901082366,4.528204448617858,-259.19057802410964,-3.141592653589793,-13.5,1.0,444.75,580.5,18.941307071358782,1571.0,0.0,1585.0,13.341532126080494
1781701468690061880,4.347418588,8.38549582808221,0.9165724901082366,4.528204448617858,-259.19057802410964,-3.141592653589793,-13.5,1.0,444.75,580.5,18.941307071358782,1571.0,0.0,1585.0,13.341532126080494
1781701468690074534,4.347431242,8.38549582808221,0.9165724901082366,4.528204448617858,-259.19057802410964,-3.141592653589793,-13.5,1.0,444.75,580.5,18.941307071358782,1571.0,0.0,1585.0,11.581122966717164
1781701468690084623,4.347441331,8.38549582808221,0.9165724901082366,4.528204448617858,-259.19057802410964,-3.141592653589793,-13.5,1.0,450.0,580.5,18.941307071358782,1571.0,0.0,1585.0,11.581122966717164
1781701468690091556,4.347448264,8.38549582808221,0.9165724901082366,4.528204448617858,-259.19057802410964,-3.141592653589793,-13.5,1.0,450.0,580.5,18.941307071358782,1571.0,0.0,1585.0,11.581122966717164
1781701468690097578,4.347454286,8.38549582808221,0.9165724901082366,4.528204448617858,-259.19057802410964,-3.141592653589793,-13.5,1.0,450.0,580.5,8.311791670756694,1571.0,0.0,1585.0,11.581122966717164
1781701468690103068,4.347459776,8.38549582808221,0.9165724901082366,4.528204448617858,-259.19057802410964,-3.141592653589793,-13.5,1.0,450.0,580.5,8.311791670756694,1571.0,0.0,1585.0,11.581122966717164
1781701468690108248,4.347464956,8.38549582808221,0.9165724901082366,4.528204448617858,-259.19057802410964,-3.141592653589793,-13.5,1.0,450.0,580.5,8.311791670756694,1571.0,0.0,1585.0,11.581122966717164
1781701468690115091,4.347471799,8.38549582808221,0.9165724901082366,4.528204448617858,-259.19057802410964,-3.141592653589793,-13.5,1.0,450.0,580.5,8.311791670756694,1571.0,0.0,1585.0,11.581122966717164
1781701468690120541,4.347477249,8.38549582808221,0.9165724901082366,4.528204448617858,-259.19057802410964,-3.141592653589793,-13.5,1.0,450.0,580.5,8.311791670756694,1571.0,0.0,1585.0,11.581122966717164
1781701468690134568,4.347491276,8.532245743209529,0.9165724901082366,4.528204448617858,-259.19057802410964,-3.141592653589793,-13.5,1.0,450.0,580.5,8.311791670756694,1571.0,0.0,1585.0,11.581122966717164
1781701468690145979,4.347502687,8.532245743209529,0.9165724901082366,4.026895818660351,-259.19057802410964,-3.141592653589793,-13.5,1.0,450.0,580.5,8.311791670756694,1571.0,0.0,1585.0,11.581122966717164
1781701468690157841,4.347514549,8.532245743209529,0.7154755686470988,4.026895818660351,-259.19057802410964,-3.141592653589793,-13.5,1.0,450.0,580.5,8.311791670756694,1571.0,0.0,1585.0,11.581122966717164
1781701468690214048,4.347570756,8.532245743209529,0.7154755686470988,4.026895818660351,-251.89830680604473,-3.141592653589793,-13.5,1.0,450.0,580.5,8.311791670756694,1571.0,0.0,1585.0,11.581122966717164
1781701468734517464,4.391874172,8.532245743209529,0.7154755686470988,4.026895818660351,-251.89830680604473,-3.141592653589793,-13.5,1.0,450.0,580.5,8.311791670756694,1571.0,0.0,1585.0,11.581122966717164
1781701468734617313,4.391974021,8.532245743209529,0.7154755686470988,4.026895818660351,-251.89830680604473,-3.141592653589793,-13.5,1.0,450.0,580.5,8.311791670756694,1571.0,0.0,1585.0,11.581122966717164
1781701468734628184,4.391984892,8.532245743209529,0.7154755686470988,4.026895818660351,-251.89830680604473,-3.141592653589793,-13.5,1.0,452.25,580.5,8.311791670756694,1571.0,0.0,1585.0,11.581122966717164
1781701468734634085,4.391990793,8.532245743209529,0.7154755686470988,4.026895818660351,-251.89830680604473,-3.141592653589793,-13.5,1.0,452.25,580.5,8.311791670756694,1571.0,0.0,1585.0,11.581122966717164
1781701468734640427,4.391997135,8.532245743209529,0.7154755686470988,4.026895818660351,-251.89830680604473,-3.141592653589793,-13.5,1.0,452.25,580.5,8.311791670756694,1571.0,0.0,1585.0,11.581122966717164
1781701468734646368,4.392003076,8.532245743209529,0.7154755686470988,4.026895818660351,-251.89830680604473,-3.141592653589793,-13.5,1.0,452.25,580.5,8.311791670756694,1571.0,0.0,1585.0,11.581122966717164
1781701468734649223,4.392005931,8.532245743209529,0.7154755686470988,4.026895818660351,-251.89830680604473,-3.141592653589793,-13.5,1.0,452.25,580.5,8.311791670756694,1571.0,0.0,1585.0,11.581122966717164
1781701468734660004,4.392016712,8.532245743209529,0.7154755686470988,4.026895818660351,-251.89830680604473,-3.141592653589793,-13.5,1.0,452.25,580.5,8.311791670756694,1571.0,0.0,1585.0,10.53388813427939
1781701468734663580,4.392020288,8.532245743209529,0.7154755686470988,4.026895818660351,-251.89830680604473,-3.141592653589793,-13.5,1.0,452.25,580.5,8.589023445466387,1571.0,0.0,1585.0,10.53388813427939
1781701468734672798,4.392029506,8.532245743209529,0.7154755686470988,4.026895818660351,-251.89830680604473,-3.141592653589793,-13.5,1.0,452.25,580.5,8.589023445466387,1571.0,0.0,1585.0,10.53388813427939
1781701468734731960,4.392088668,8.034210556289551,0.7154755686470988,4.026895818660351,-251.89830680604473,-3.141592653589793,-13.5,1.0,452.25,580.5,8.589023445466387,1571.0,0.0,1585.0,10.53388813427939
1781701468734750745,4.392107453,8.034210556289551,0.7154755686470988,3.5186821546064366,-251.89830680604473,-3.141592653589793,-13.5,1.0,452.25,580.5,8.589023445466387,1571.0,0.0,1585.0,10.53388813427939
1781701468734779910,4.392136618,8.034210556289551,0.5713902291642844,3.5186821546064366,-251.89830680604473,-3.141592653589793,-13.5,1.0,452.25,580.5,8.589023445466387,1571.0,0.0,1585.0,10.53388813427939
1781701468734826849,4.392183557,8.034210556289551,0.5713902291642844,3.5186821546064366,-231.6292444470841,-3.141592653589793,-13.5,1.0,452.25,580.5,8.589023445466387,1571.0,0.0,1585.0,10.53388813427939
1781701468774217615,4.431574323,8.034210556289551,0.5713902291642844,3.5186821546064366,-231.6292444470841,-3.141592653589793,-13.5,1.0,452.25,580.5,8.589023445466387,1571.0,0.0,1585.0,10.53388813427939
1781701468774265135,4.431621843,8.034210556289551,0.5713902291642844,3.5186821546064366,-231.6292444470841,-3.141592653589793,-13.5,1.0,452.25,580.5,8.589023445466387,1571.0,0.0,1585.0,10.53388813427939
1781701468774271386,4.431628094,8.034210556289551,0.5713902291642844,3.5186821546064366,-231.6292444470841,-3.141592653589793,-13.5,1.0,454.5,580.5,8.589023445466387,1571.0,0.0,1585.0,10.53388813427939
1781701468774274152,4.43163086,8.034210556289551,0.5713902291642844,3.5186821546064366,-231.6292444470841,-3.141592653589793,-13.5,1.0,454.5,580.5,8.589023445466387,1571.0,0.0,1585.0,10.53388813427939
1781701468774277979,4.431634687,8.034210556289551,0.5713902291642844,3.5186821546064366,-231.6292444470841,-3.141592653589793,-13.5,1.0,454.5,580.5,8.589023445466387,1571.0,0.0,1585.0,10.53388813427939
1781701468774281696,4.431638404,8.034210556289551,0.5713902291642844,3.5186821546064366,-231.6292444470841,-3.141592653589793,-13.5,1.0,454.5,580.5,8.589023445466387,1571.0,0.0,1585.0,10.53388813427939
1781701468774284411,4.431641119,8.034210556289551,0.5713902291642844,3.5186821546064366,-231.6292444470841,-3.141592653589793,-13.5,1.0,454.5,580.5,8.589023445466387,1571.0,0.0,1585.0,10.53388813427939
1781701468774292055,4.431648763,8.034210556289551,0.5713902291642844,3.5186821546064366,-231.6292444470841,-3.141592653589793,-13.5,1.0,454.5,580.5,8.589023445466387,1571.0,0.0,1585.0,9.442749109275727
1781701468774294851,4.431651559,8.034210556289551,0.5713902291642844,3.5186821546064366,-231.6292444470841,-3.141592653589793,-13.5,1.0,454.5,580.5,7.416348062840354,1571.0,0.0,1585.0,9.442749109275727
1781701468774304369,4.431661077,8.034210556289551,0.5713902291642844,3.5186821546064366,-231.6292444470841,-3.141592653589793,-13.5,1.0,454.5,580.5,7.416348062840354,1571.0,0.0,1585.0,9.442749109275727
1781701468774366626,4.431723334,8.290159842606098,0.5713902291642844,3.5186821546064366,-231.6292444470841,-3.141592653589793,-13.5,1.0,454.5,580.5,7.416348062840354,1571.0,0.0,1585.0,9.442749109275727
1781701468774377086,4.431733794,8.290159842606098,0.5713902291642844,3.244372851505762,-231.6292444470841,-3.141592653589793,-13.5,1.0,454.5,580.5,7.416348062840354,1571.0,0.0,1585.0,9.442749109275727
1781701468774397815,4.431754523,8.290159842606098,0.4745628263691991,3.244372851505762,-231.6292444470841,-3.141592653589793,-13.5,1.0,454.5,580.5,7.416348062840354,1571.0,0.0,1585.0,9.442749109275727
1781701468774435897,4.431792605,8.290159842606098,0.4745628263691991,3.244372851505762,-231.16521670860647,-3.141592653589793,-13.5,1.0,454.5,580.5,7.416348062840354,1571.0,0.0,1585.0,9.442749109275727
1781701468811630254,4.468986962,8.290159842606098,0.4745628263691991,3.244372851505762,-231.16521670860647,-3.141592653589793,-13.5,1.0,454.5,580.5,7.416348062840354,1571.0,0.0,1585.0,9.442749109275727
1781701468811674207,4.469030915,8.290159842606098,0.4745628263691991,3.244372851505762,-231.16521670860647,-3.141592653589793,-13.5,1.0,456.75,580.5,7.416348062840354,1571.0,0.0,1585.0,9.442749109275727
1781701468811678324,4.469035032,8.290159842606098,0.4745628263691991,3.244372851505762,-231.16521670860647,-3.141592653589793,-13.5,1.0,456.75,580.5,7.416348062840354,1571.0,0.0,1585.0,9.442749109275727
1781701468811682813,4.469039521,8.290159842606098,0.4745628263691991,3.244372851505762,-231.16521670860647,-3.141592653589793,-13.5,1.0,456.75,580.5,7.416348062840354,1571.0,0.0,1585.0,9.442749109275727
1781701468811685388,4.469042096,8.290159842606098,0.4745628263691991,3.244372851505762,-231.16521670860647,-3.141592653589793,-13.5,1.0,456.75,580.5,7.416348062840354,1571.0,0.0,1585.0,9.442749109275727
1781701468811688003,4.469044711,8.290159842606098,0.4745628263691991,3.244372851505762,-231.16521670860647,-3.141592653589793,-13.5,1.0,456.75,580.5,7.416348062840354,1571.0,0.0,1585.0,9.442749109275727
1781701468811695307,4.469052015,8.290159842606098,0.4745628263691991,3.244372851505762,-231.16521670860647,-3.141592653589793,-13.5,1.0,456.75,580.5,7.416348062840354,1571.0,0.0,1585.0,9.442749109275727
1781701468811699174,4.469055882,8.290159842606098,0.4745628263691991,3.244372851505762,-231.16521670860647,-3.141592653589793,-13.5,1.0,456.75,580.5,8.024299570277156,1571.0,0.0,1585.0,9.442749109275727
1781701468811709032,4.46906574,8.290159842606098,0.4745628263691991,3.244372851505762,-231.16521670860647,-3.141592653589793,-13.5,1.0,456.75,580.5,8.024299570277156,1571.0,0.0,1585.0,8.946291770626228
1781701468811718721,4.469075429,8.290159842606098,0.4745628263691991,3.244372851505762,-231.16521670860647,-3.141592653589793,-13.5,1.0,456.75,580.5,8.024299570277156,1571.0,0.0,1585.0,8.946291770626228
1781701468811789164,4.469145872,7.82612954777128,0.4745628263691991,3.244372851505762,-231.16521670860647,-3.141592653589793,-13.5,1.0,456.75,580.5,8.024299570277156,1571.0,0.0,1585.0,8.946291770626228
1781701468811799433,4.469156141,7.82612954777128,0.4745628263691991,2.9595338507698297,-231.16521670860647,-3.141592653589793,-13.5,1.0,456.75,580.5,8.024299570277156,1571.0,0.0,1585.0,8.946291770626228
1781701468811826905,4.469183613,7.82612954777128,0.41213692033750665,2.9595338507698297,-231.16521670860647,-3.141592653589793,-13.5,1.0,456.75,580.5,8.024299570277156,1571.0,0.0,1585.0,8.946291770626228
1781701468811866009,4.469222717,7.82612954777128,0.41213692033750665,2.9595338507698297,-216.12540489115972,-3.141592653589793,-13.5,1.0,456.75,580.5,8.024299570277156,1571.0,0.0,1585.0,8.946291770626228
1781701468856384662,4.51374137,7.82612954777128,0.41213692033750665,2.9595338507698297,-216.12540489115972,-3.141592653589793,-13.5,1.0,456.75,580.5,8.024299570277156,1571.0,0.0,1585.0,8.946291770626228
1781701468856431050,4.513787758,7.82612954777128,0.41213692033750665,2.9595338507698297,-216.12540489115972,-3.141592653589793,-13.5,1.0,459.0,580.5,8.024299570277156,1571.0,0.0,1585.0,8.946291770626228
1781701468856436390,4.513793098,7.82612954777128,0.41213692033750665,2.9595338507698297,-216.12540489115972,-3.141592653589793,-13.5,1.0,459.0,580.5,8.024299570277156,1571.0,0.0,1585.0,8.946291770626228
1781701468856440277,4.513796985,7.82612954777128,0.41213692033750665,2.9595338507698297,-216.12540489115972,-3.141592653589793,-13.5,1.0,459.0,580.5,8.024299570277156,1571.0,0.0,1585.0,8.946291770626228
1781701468856444255,4.513800963,7.82612954777128,0.41213692033750665,2.9595338507698297,-216.12540489115972,-3.141592653589793,-13.5,1.0,459.0,580.5,8.024299570277156,1571.0,0.0,1585.0,8.946291770626228
1781701468856446579,4.513803287,7.82612954777128,0.41213692033750665,2.9595338507698297,-216.12540489115972,-3.141592653589793,-13.5,1.0,459.0,580.5,8.024299570277156,1571.0,0.0,1585.0,8.946291770626228
1781701468856471176,4.513827884,7.82612954777128,0.41213692033750665,2.9595338507698297,-216.12540489115972,-3.141592653589793,-13.5,1.0,459.0,580.5,8.024299570277156,1571.0,0.0,1585.0,8.946291770626228
1781701468856475133,4.513831841,7.82612954777128,0.41213692033750665,2.9595338507698297,-216.12540489115972,-3.141592653589793,-13.5,1.0,459.0,580.5,8.024299570277156,1571.0,0.0,1585.0,8.20291579145667
1781701468856478620,4.513835328,7.82612954777128,0.41213692033750665,2.9595338507698297,-216.12540489115972,-3.141592653589793,-13.5,1.0,459.0,580.5,6.822360401570347,1571.0,0.0,1585.0,8.20291579145667
1781701468856485693,4.513842401,7.82612954777128,0.41213692033750665,2.9595338507698297,-216.12540489115972,-3.141592653589793,-13.5,1.0,459.0,580.5,6.822360401570347,1571.0,0.0,1585.0,8.20291579145667
1781701468856546067,4.513902775,7.363921412908248,0.41213692033750665,2.9595338507698297,-216.12540489115972,-3.141592653589793,-13.5,1.0,459.0,580.5,6.822360401570347,1571.0,0.0,1585.0,8.20291579145667
1781701468856569852,4.51392656,7.363921412908248,0.41213692033750665,2.6082886542159196,-216.12540489115972,-3.141592653589793,-13.5,1.0,459.0,580.5,6.822360401570347,1571.0,0.0,1585.0,8.20291579145667
1781701468856576405,4.513933113,7.363921412908248,0.33467248650066955,2.6082886542159196,-216.12540489115972,-3.141592653589793,-13.5,1.0,459.0,580.5,6.822360401570347,1571.0,0.0,1585.0,8.20291579145667
1781701468856606031,4.513962739,7.363921412908248,0.33467248650066955,2.6082886542159196,-199.77887382898408,-3.141592653589793,-13.5,1.0,459.0,580.5,6.822360401570347,1571.0,0.0,1585.0,8.20291579145667
1781701468895179522,4.55253623,7.363921412908248,0.33467248650066955,2.6082886542159196,-199.77887382898408,-3.141592653589793,-13.5,1.0,459.0,580.5,6.822360401570347,1571.0,0.0,1585.0,8.20291579145667
1781701468895240498,4.552597206,7.363921412908248,0.33467248650066955,2.6082886542159196,-199.77887382898408,-3.141592653589793,-13.5,1.0,459.0,580.5,6.822360401570347,1571.0,0.0,1585.0,8.20291579145667
1781701468895248302,4.55260501,7.363921412908248,0.33467248650066955,2.6082886542159196,-199.77887382898408,-3.141592653589793,-13.5,1.0,461.25,580.5,6.822360401570347,1571.0,0.0,1585.0,8.20291579145667
1781701468895252831,4.552609539,7.363921412908248,0.33467248650066955,2.6082886542159196,-199.77887382898408,-3.141592653589793,-13.5,1.0,461.25,580.5,6.822360401570347,1571.0,0.0,1585.0,8.20291579145667
1781701468895259163,4.552615871,7.363921412908248,0.33467248650066955,2.6082886542159196,-199.77887382898408,-3.141592653589793,-13.5,1.0,461.25,580.5,8.298319868531173,1571.0,0.0,1585.0,8.20291579145667
1781701468895264904,4.552621612,7.363921412908248,0.33467248650066955,2.6082886542159196,-199.77887382898408,-3.141592653589793,-13.5,1.0,461.25,580.5,8.298319868531173,1571.0,0.0,1585.0,8.20291579145667
1781701468895269442,4.55262615,7.363921412908248,0.33467248650066955,2.6082886542159196,-199.77887382898408,-3.141592653589793,-13.5,1.0,461.25,580.5,8.298319868531173,1571.0,0.0,1585.0,8.20291579145667
1781701468895272708,4.552629416,7.363921412908248,0.33467248650066955,2.6082886542159196,-199.77887382898408,-3.141592653589793,-13.5,1.0,461.25,580.5,8.298319868531173,1571.0,0.0,1585.0,8.20291579145667
1781701468895289310,4.552646018,7.363921412908248,0.33467248650066955,2.6082886542159196,-199.77887382898408,-3.141592653589793,-13.5,1.0,461.25,580.5,8.298319868531173,1571.0,0.0,1585.0,8.236307218432746
1781701468895295201,4.552651909,7.363921412908248,0.33467248650066955,2.6082886542159196,-199.77887382898408,-3.141592653589793,-13.5,1.0,461.25,580.5,8.298319868531173,1571.0,0.0,1585.0,8.236307218432746
1781701468895349984,4.552706692,7.620066155171,0.33467248650066955,2.6082886542159196,-199.77887382898408,-3.141592653589793,-13.5,1.0,461.25,580.5,8.298319868531173,1571.0,0.0,1585.0,8.236307218432746
1781701468895367538,4.552724246,7.620066155171,0.33467248650066955,2.6981151243871224,-199.77887382898408,-3.141592653589793,-13.5,1.0,461.25,580.5,8.298319868531173,1571.0,0.0,1585.0,8.236307218432746
1781701468895381043,4.552737751,7.620066155171,0.3493176106580268,2.6981151243871224,-199.77887382898408,-3.141592653589793,-13.5,1.0,461.25,580.5,8.298319868531173,1571.0,0.0,1585.0,8.236307218432746
1781701468895426880,4.552783588,7.620066155171,0.3493176106580268,2.6981151243871224,-206.7129432018205,-3.141592653589793,-13.5,1.0,461.25,580.5,8.298319868531173,1571.0,0.0,1585.0,8.236307218432746
1781701468937173136,4.594529844,7.620066155171,0.3493176106580268,2.6981151243871224,-206.7129432018205,-3.141592653589793,-13.5,1.0,461.25,580.5,8.298319868531173,1571.0,0.0,1585.0,8.236307218432746
1781701468937218942,4.59457565,7.620066155171,0.3493176106580268,2.6981151243871224,-206.7129432018205,-3.141592653589793,-13.5,1.0,463.5,580.5,8.298319868531173,1571.0,0.0,1585.0,8.236307218432746
1781701468937223901,4.594580609,7.620066155171,0.3493176106580268,2.6981151243871224,-206.7129432018205,-3.141592653589793,-13.5,1.0,463.5,580.5,8.298319868531173,1571.0,0.0,1585.0,8.236307218432746
1781701468937228881,4.594585589,7.620066155171,0.3493176106580268,2.6981151243871224,-206.7129432018205,-3.141592653589793,-13.5,1.0,463.5,580.5,8.298319868531173,1571.0,0.0,1585.0,8.236307218432746
1781701468937232167,4.594588875,7.620066155171,0.3493176106580268,2.6981151243871224,-206.7129432018205,-3.141592653589793,-13.5,1.0,463.5,580.5,8.298319868531173,1571.0,0.0,1585.0,8.236307218432746
1781701468937234762,4.59459147,7.620066155171,0.3493176106580268,2.6981151243871224,-206.7129432018205,-3.141592653589793,-13.5,1.0,463.5,580.5,8.298319868531173,1571.0,0.0,1585.0,8.236307218432746
1781701468937243118,4.594599826,7.620066155171,0.3493176106580268,2.6981151243871224,-206.7129432018205,-3.141592653589793,-13.5,1.0,463.5,580.5,8.298319868531173,1571.0,0.0,1585.0,8.236307218432746
1781701468937246454,4.594603162,7.620066155171,0.3493176106580268,2.6981151243871224,-206.7129432018205,-3.141592653589793,-13.5,1.0,463.5,580.5,7.514633154891599,1571.0,0.0,1585.0,8.236307218432746
1781701468937252816,4.594609524,7.620066155171,0.3493176106580268,2.6981151243871224,-206.7129432018205,-3.141592653589793,-13.5,1.0,463.5,580.5,7.514633154891599,1571.0,0.0,1585.0,7.983721296193345
1781701468937272123,4.594628831,7.620066155171,0.3493176106580268,2.6981151243871224,-206.7129432018205,-3.141592653589793,-13.5,1.0,463.5,580.5,7.514633154891599,1571.0,0.0,1585.0,7.983721296193345
1781701468937325373,4.594682081,7.864196476700527,0.3493176106580268,2.6981151243871224,-206.7129432018205,-3.141592653589793,-13.5,1.0,463.5,580.5,7.514633154891599,1571.0,0.0,1585.0,7.983721296193345
1781701468937340402,4.59469711,7.864196476700527,0.3493176106580268,2.689879602789286,-206.7129432018205,-3.141592653589793,-13.5,1.0,463.5,580.5,7.514633154891599,1571.0,0.0,1585.0,7.983721296193345
1781701468937349819,4.594706527,7.864196476700527,0.33924038690159886,2.689879602789286,-206.7129432018205,-3.141592653589793,-13.5,1.0,463.5,580.5,7.514633154891599,1571.0,0.0,1585.0,7.983721296193345
1781701468937381950,4.594738658,7.864196476700527,0.33924038690159886,2.689879602789286,-211.4207619766979,-3.141592653589793,-13.5,1.0,463.5,580.5,7.514633154891599,1571.0,0.0,1585.0,7.983721296193345
1781701468981864816,4.639221524,7.864196476700527,0.33924038690159886,2.689879602789286,-211.4207619766979,-3.141592653589793,-13.5,1.0,463.5,580.5,7.514633154891599,1571.0,0.0,1585.0,7.983721296193345
1781701468981904521,4.639261229,7.864196476700527,0.33924038690159886,2.689879602789286,-211.4207619766979,-3.141592653589793,-13.5,1.0,465.75,580.5,7.514633154891599,1571.0,0.0,1585.0,7.983721296193345
1781701468981909380,4.639266088,7.864196476700527,0.33924038690159886,2.689879602789286,-211.4207619766979,-3.141592653589793,-13.5,1.0,465.75,580.5,7.514633154891599,1571.0,0.0,1585.0,7.983721296193345
1781701468981912746,4.639269454,7.864196476700527,0.33924038690159886,2.689879602789286,-211.4207619766979,-3.141592653589793,-13.5,1.0,465.75,580.5,7.514633154891599,1571.0,0.0,1585.0,7.983721296193345
1781701468981915421,4.639272129,7.864196476700527,0.33924038690159886,2.689879602789286,-211.4207619766979,-3.141592653589793,-13.5,1.0,465.75,580.5,7.514633154891599,1571.0,0.0,1585.0,7.983721296193345
1781701468981917616,4.639274324,7.864196476700527,0.33924038690159886,2.689879602789286,-211.4207619766979,-3.141592653589793,-13.5,1.0,465.75,580.5,7.514633154891599,1571.0,0.0,1585.0,7.983721296193345
1781701468981924839,4.639281547,7.864196476700527,0.33924038690159886,2.689879602789286,-211.4207619766979,-3.141592653589793,-13.5,1.0,465.75,580.5,7.514633154891599,1571.0,0.0,1585.0,7.983721296193345
1781701468981932844,4.639289552,7.864196476700527,0.33924038690159886,2.689879602789286,-211.4207619766979,-3.141592653589793,-13.5,1.0,465.75,580.5,7.211820124969892,1571.0,0.0,1585.0,7.983721296193345
1781701468981948454,4.639305162,7.864196476700527,0.33924038690159886,2.689879602789286,-211.4207619766979,-3.141592653589793,-13.5,1.0,465.75,580.5,7.211820124969892,1571.0,0.0,1585.0,7.713555886265135
1781701468981966648,4.639323356,7.864196476700527,0.33924038690159886,2.689879602789286,-211.4207619766979,-3.141592653589793,-13.5,1.0,465.75,580.5,7.211820124969892,1571.0,0.0,1585.0,7.713555886265135
1781701468982018837,4.639375545,7.416020378488713,0.33924038690159886,2.689879602789286,-211.4207619766979,-3.141592653589793,-13.5,1.0,465.75,580.5,7.211820124969892,1571.0,0.0,1585.0,7.713555886265135
1781701468982036009,4.639392717,7.416020378488713,0.33924038690159886,2.502005190628729,-211.4207619766979,-3.141592653589793,-13.5,1.0,465.75,580.5,7.211820124969892,1571.0,0.0,1585.0,7.713555886265135
1781701468982043964,4.639400672,7.416020378488713,0.306383001501927,2.502005190628729,-211.4207619766979,-3.141592653589793,-13.5,1.0,465.75,580.5,7.211820124969892,1571.0,0.0,1585.0,7.713555886265135
1781701468982079281,4.639435989,7.416020378488713,0.306383001501927,2.502005190628729,-198.6668943838508,-3.141592653589793,-13.5,1.0,465.75,580.5,7.211820124969892,1571.0,0.0,1585.0,7.713555886265135
1781701469025939791,4.683296499,7.416020378488713,0.306383001501927,2.502005190628729,-198.6668943838508,-3.141592653589793,-13.5,1.0,465.75,580.5,7.211820124969892,1571.0,0.0,1585.0,7.713555886265135
1781701469025987832,4.68334454,7.416020378488713,0.306383001501927,2.502005190628729,-198.6668943838508,-3.141592653589793,-13.5,1.0,468.75,580.5,7.211820124969892,1571.0,0.0,1585.0,7.713555886265135
1781701469025994865,4.683351573,7.416020378488713,0.306383001501927,2.502005190628729,-198.6668943838508,-3.141592653589793,-13.5,1.0,468.75,580.5,7.211820124969892,1571.0,0.0,1585.0,7.713555886265135
1781701469025999584,4.683356292,7.416020378488713,0.306383001501927,2.502005190628729,-198.6668943838508,-3.141592653589793,-13.5,1.0,468.75,580.5,7.211820124969892,1571.0,0.0,1585.0,7.713555886265135
1781701469026003712,4.68336042,7.416020378488713,0.306383001501927,2.502005190628729,-198.6668943838508,-3.141592653589793,-13.5,1.0,468.75,580.5,7.211820124969892,1571.0,0.0,1585.0,7.713555886265135
1781701469026015584,4.683372292,7.416020378488713,0.306383001501927,2.502005190628729,-198.6668943838508,-3.141592653589793,-13.5,1.0,468.75,580.5,7.211820124969892,1571.0,0.0,1585.0,7.713555886265135
1781701469026043777,4.683400485,7.416020378488713,0.306383001501927,2.502005190628729,-198.6668943838508,-3.141592653589793,-13.5,1.0,468.75,580.5,7.211820124969892,1571.0,0.0,1585.0,7.713555886265135
1781701469026070628,4.683427336,7.416020378488713,0.306383001501927,2.502005190628729,-198.6668943838508,-3.141592653589793,-13.5,1.0,468.75,580.5,9.711849925824401,1571.0,0.0,1585.0,7.713555886265135
1781701469026098361,4.683455069,7.416020378488713,0.306383001501927,2.502005190628729,-198.6668943838508,-3.141592653589793,-13.5,1.0,468.75,580.5,9.711849925824401,1571.0,0.0,1585.0,8.412958800110879
1781701469026129199,4.683485907,7.416020378488713,0.306383001501927,2.502005190628729,-198.6668943838508,-3.141592653589793,-13.5,1.0,468.75,580.5,9.711849925824401,1571.0,0.0,1585.0,8.412958800110879
1781701469026208980,4.683565688,7.28111075843274,0.306383001501927,2.502005190628729,-198.6668943838508,-3.141592653589793,-13.5,1.0,468.75,580.5,9.711849925824401,1571.0,0.0,1585.0,8.412958800110879
1781701469026222295,4.683579003,7.28111075843274,0.306383001501927,2.7107886329063895,-198.6668943838508,-3.141592653589793,-13.5,1.0,468.75,580.5,9.711849925824401,1571.0,0.0,1585.0,8.412958800110879
1781701469026248053,4.683604761,7.28111075843274,0.3644625670909807,2.7107886329063895,-198.6668943838508,-3.141592653589793,-13.5,1.0,468.75,580.5,9.711849925824401,1571.0,0.0,1585.0,8.412958800110879
1781701469026297677,4.683654385,7.28111075843274,0.3644625670909807,2.7107886329063895,-200.20245039387362,-3.141592653589793,-13.5,1.0,468.75,580.5,9.711849925824401,1571.0,0.0,1585.0,8.412958800110879
1781701469066517670,4.723874378,7.28111075843274,0.3644625670909807,2.7107886329063895,-200.20245039387362,-3.141592653589793,-13.5,1.0,468.75,580.5,9.711849925824401,1571.0,0.0,1585.0,8.412958800110879
1781701469066556874,4.723913582,7.28111075843274,0.3644625670909807,2.7107886329063895,-200.20245039387362,-3.141592653589793,-13.5,1.0,474.0,580.5,9.711849925824401,1571.0,0.0,1585.0,8.412958800110879
1781701469066561553,4.723918261,7.28111075843274,0.3644625670909807,2.7107886329063895,-200.20245039387362,3.070285188804503,-13.5,1.0,474.0,580.5,9.711849925824401,1571.0,0.0,1585.0,8.412958800110879
1781701469066566322,4.72392303,7.28111075843274,0.3644625670909807,2.7107886329063895,-200.20245039387362,3.070285188804503,22.912662506103516,1.0,474.0,580.5,9.711849925824401,1571.0,0.0,1585.0,8.412958800110879
1781701469066569648,4.723926356,7.28111075843274,0.3644625670909807,2.7107886329063895,-200.20245039387362,3.070285188804503,22.912662506103516,1.0,474.0,582.0,9.711849925824401,1571.0,0.0,1585.0,8.412958800110879
1781701469066585979,4.723942687,7.28111075843274,0.3644625670909807,2.7107886329063895,-200.20245039387362,3.070285188804503,22.912662506103516,1.0,474.0,582.0,9.711849925824401,1150.0,0.0,1585.0,8.412958800110879
1781701469066619853,4.723976561,7.28111075843274,0.3644625670909807,2.7107886329063895,-200.20245039387362,3.070285188804503,22.912662506103516,1.0,474.0,582.0,9.711849925824401,1150.0,0.0,1585.0,8.412958800110879
1781701469066638829,4.723995537,7.28111075843274,0.3644625670909807,2.7107886329063895,-200.20245039387362,3.070285188804503,22.912662506103516,1.0,474.0,582.0,17.389461216602147,1150.0,0.0,1585.0,8.412958800110879
1781701469066655250,4.724011958,7.28111075843274,0.3644625670909807,2.7107886329063895,-200.20245039387362,3.070285188804503,22.912662506103516,1.0,474.0,582.0,17.389461216602147,1150.0,0.0,1585.0,11.554734645882823
1781701469066675548,4.724032256,7.28111075843274,0.3644625670909807,2.7107886329063895,-200.20245039387362,3.070285188804503,22.912662506103516,1.0,474.0,582.0,17.389461216602147,1150.0,0.0,1585.0,11.554734645882823
1781701469066780997,4.724137705,7.428035670971721,0.3644625670909807,2.7107886329063895,-200.20245039387362,3.070285188804503,22.912662506103516,1.0,474.0,582.0,17.389461216602147,1150.0,0.0,1585.0,11.554734645882823
1781701469066794172,4.72415088,7.428035670971721,0.3644625670909807,3.8122727881199787,-200.20245039387362,3.070285188804503,22.912662506103516,1.0,474.0,582.0,17.389461216602147,1150.0,0.0,1585.0,11.554734645882823
1781701469066809892,4.7241666,7.428035670971721,0.7104699415690054,3.8122727881199787,-200.20245039387362,3.070285188804503,22.912662506103516,1.0,474.0,582.0,17.389461216602147,1150.0,0.0,1585.0,11.554734645882823
1781701469066841993,4.724198701,7.428035670971721,0.7104699415690054,3.8122727881199787,-225.5166391234029,3.070285188804503,22.912662506103516,1.0,474.0,582.0,17.389461216602147,1150.0,0.0,1585.0,11.554734645882823
1781701469114147531,4.771504239,7.428035670971721,0.7104699415690054,3.8122727881199787,-225.5166391234029,3.070285188804503,22.912662506103516,1.0,474.0,582.0,17.389461216602147,1150.0,0.0,1585.0,11.554734645882823
1781701469114205110,4.771561818,7.428035670971721,0.7104699415690054,3.8122727881199787,-225.5166391234029,3.070285188804503,22.912662506103516,1.0,474.0,582.0,17.389461216602147,1150.0,0.0,1585.0,11.554734645882823
1781701469114210079,4.771566787,7.428035670971721,0.7104699415690054,3.8122727881199787,-225.5166391234029,3.070285188804503,22.912662506103516,1.0,477.0,582.0,17.389461216602147,1150.0,0.0,1585.0,11.554734645882823
1781701469114213987,4.771570695,7.428035670971721,0.7104699415690054,3.8122727881199787,-225.5166391234029,3.070285188804503,22.912662506103516,1.0,477.0,582.0,17.389461216602147,1150.0,0.0,1585.0,11.554734645882823
1781701469114220198,4.771576906,7.428035670971721,0.7104699415690054,3.8122727881199787,-225.5166391234029,3.070285188804503,22.912662506103516,1.0,477.0,582.0,9.658359577230243,1150.0,0.0,1585.0,11.554734645882823
1781701469114224857,4.771581565,7.428035670971721,0.7104699415690054,3.8122727881199787,-225.5166391234029,3.070285188804503,22.69892120361328,1.0,477.0,582.0,9.658359577230243,1150.0,0.0,1585.0,11.554734645882823
1781701469114229075,4.771585783,7.428035670971721,0.7104699415690054,3.8122727881199787,-225.5166391234029,3.070285188804503,22.69892120361328,1.0,477.0,582.0,9.658359577230243,1389.0,0.0,1585.0,11.554734645882823
1781701469114232301,4.771589009,7.428035670971721,0.7104699415690054,3.8122727881199787,-225.5166391234029,3.070285188804503,22.69892120361328,1.0,477.0,582.0,9.658359577230243,1389.0,0.0,1585.0,11.554734645882823
1781701469114241168,4.771597876,7.428035670971721,0.7104699415690054,3.8122727881199787,-225.5166391234029,3.070285188804503,22.69892120361328,1.0,477.0,582.0,9.658359577230243,1389.0,0.0,1585.0,10.89100337185442
1781701469114244043,4.771600751,7.428035670971721,0.7104699415690054,3.8122727881199787,-225.5166391234029,3.070285188804503,22.69892120361328,1.0,477.0,582.0,9.658359577230243,1389.0,0.0,1585.0,10.89100337185442
1781701469114307734,4.771664442,7.290469506185532,0.7104699415690054,3.8122727881199787,-225.5166391234029,3.070285188804503,22.69892120361328,1.0,477.0,582.0,9.658359577230243,1389.0,0.0,1585.0,10.89100337185442
1781701469114316200,4.771672908,7.290469506185532,0.7104699415690054,3.569040329281208,-225.5166391234029,3.070285188804503,22.69892120361328,1.0,477.0,582.0,9.658359577230243,1389.0,0.0,1585.0,10.89100337185442
1781701469114338311,4.771695019,7.290469506185532,0.6311920800230827,3.569040329281208,-225.5166391234029,3.070285188804503,22.69892120361328,1.0,477.0,582.0,9.658359577230243,1389.0,0.0,1585.0,10.89100337185442
1781701469114373127,4.771729835,7.290469506185532,0.6311920800230827,3.569040329281208,-217.8213887893578,3.070285188804503,22.69892120361328,1.0,477.0,582.0,9.658359577230243,1389.0,0.0,1585.0,10.89100337185442
1781701469155731611,4.813088319,7.290469506185532,0.6311920800230827,3.569040329281208,-217.8213887893578,3.070285188804503,22.69892120361328,1.0,477.0,582.0,9.658359577230243,1389.0,0.0,1585.0,10.89100337185442
1781701469155780102,4.81313681,7.290469506185532,0.6311920800230827,3.569040329281208,-217.8213887893578,3.070285188804503,22.69892120361328,1.0,480.0,582.0,9.658359577230243,1389.0,0.0,1585.0,10.89100337185442
1781701469155783709,4.813140417,7.290469506185532,0.6311920800230827,3.569040329281208,-217.8213887893578,-3.141592653589793,22.69892120361328,1.0,480.0,582.0,9.658359577230243,1389.0,0.0,1585.0,10.89100337185442
1781701469155786785,4.813143493,7.290469506185532,0.6311920800230827,3.569040329281208,-217.8213887893578,-3.141592653589793,-10.5,1.0,480.0,582.0,9.658359577230243,1389.0,0.0,1585.0,10.89100337185442
1781701469155789169,4.813145877,7.290469506185532,0.6311920800230827,3.569040329281208,-217.8213887893578,-3.141592653589793,-10.5,1.0,480.0,583.5,9.658359577230243,1389.0,0.0,1585.0,10.89100337185442
1781701469155796483,4.813153191,7.290469506185532,0.6311920800230827,3.569040329281208,-217.8213887893578,-3.141592653589793,-10.5,1.0,480.0,583.5,9.658359577230243,1850.0,0.0,1585.0,10.89100337185442
1781701469155819887,4.813176595,7.290469506185532,0.6311920800230827,3.569040329281208,-217.8213887893578,-3.141592653589793,-10.5,1.0,480.0,583.5,9.658359577230243,1850.0,0.0,1585.0,10.89100337185442
1781701469155835667,4.813192375,7.290469506185532,0.6311920800230827,3.569040329281208,-217.8213887893578,-3.141592653589793,-10.5,1.0,480.0,583.5,8.68641040118323,1850.0,0.0,1585.0,10.89100337185442
1781701469155852750,4.813209458,7.290469506185532,0.6311920800230827,3.569040329281208,-217.8213887893578,-3.141592653589793,-10.5,1.0,480.0,583.5,8.68641040118323,1850.0,0.0,1585.0,10.119395832119505
1781701469155866886,4.813223594,7.290469506185532,0.6311920800230827,3.569040329281208,-217.8213887893578,-3.141592653589793,-10.5,1.0,480.0,583.5,8.68641040118323,1850.0,0.0,1585.0,10.119395832119505
1781701469155960713,4.813317421,7.1276847559887395,0.6311920800230827,3.569040329281208,-217.8213887893578,-3.141592653589793,-10.5,1.0,480.0,583.5,8.68641040118323,1850.0,0.0,1585.0,10.119395832119505
1781701469155989949,4.813346657,7.1276847559887395,0.6311920800230827,3.2933683111755947,-217.8213887893578,-3.141592653589793,-10.5,1.0,480.0,583.5,8.68641040118323,1850.0,0.0,1585.0,10.119395832119505
1781701469156018433,4.813375141,7.1276847559887395,0.5462640635576553,3.2933683111755947,-217.8213887893578,-3.141592653589793,-10.5,1.0,480.0,583.5,8.68641040118323,1850.0,0.0,1585.0,10.119395832119505
1781701469156073877,4.813430585,7.1276847559887395,0.5462640635576553,3.2933683111755947,-208.96732540684457,-3.141592653589793,-10.5,1.0,480.0,583.5,8.68641040118323,1850.0,0.0,1585.0,10.119395832119505
1781701469193581886,4.850938594,7.1276847559887395,0.5462640635576553,3.2933683111755947,-208.96732540684457,-3.141592653589793,-10.5,1.0,480.0,583.5,8.68641040118323,1850.0,0.0,1585.0,10.119395832119505
1781701469193628915,4.850985623,7.1276847559887395,0.5462640635576553,3.2933683111755947,-208.96732540684457,-3.141592653589793,-10.5,1.0,482.25,583.5,8.68641040118323,1850.0,0.0,1585.0,10.119395832119505
1781701469193633805,4.850990513,7.1276847559887395,0.5462640635576553,3.2933683111755947,-208.96732540684457,3.107123552590285,-10.5,1.0,482.25,583.5,8.68641040118323,1850.0,0.0,1585.0,10.119395832119505
1781701469193641289,4.850997997,7.1276847559887395,0.5462640635576553,3.2933683111755947,-208.96732540684457,3.107123552590285,5.344910621643066,1.0,482.25,583.5,8.68641040118323,1850.0,0.0,1585.0,10.119395832119505
1781701469193644875,4.851001583,7.1276847559887395,0.5462640635576553,3.2933683111755947,-208.96732540684457,3.107123552590285,5.344910621643066,1.0,482.25,583.5,8.68641040118323,1150.0,0.0,1585.0,10.119395832119505
1781701469193648452,4.85100516,7.1276847559887395,0.5462640635576553,3.2933683111755947,-208.96732540684457,3.107123552590285,5.344910621643066,1.0,482.25,582.75,8.68641040118323,1150.0,0.0,1585.0,10.119395832119505
1781701469193660265,4.851016973,7.1276847559887395,0.5462640635576553,3.2933683111755947,-208.96732540684457,3.107123552590285,5.344910621643066,1.0,482.25,582.75,8.68641040118323,1150.0,0.0,1585.0,10.119395832119505
1781701469193664903,4.851021611,7.1276847559887395,0.5462640635576553,3.2933683111755947,-208.96732540684457,3.107123552590285,5.344910621643066,1.0,482.25,582.75,9.047997820798942,1150.0,0.0,1585.0,10.119395832119505
1781701469193674942,4.85103165,7.1276847559887395,0.5462640635576553,3.2933683111755947,-208.96732540684457,3.107123552590285,5.344910621643066,1.0,482.25,582.75,9.047997820798942,1150.0,0.0,1585.0,9.744406528157308
1781701469193691063,4.851047771,7.1276847559887395,0.5462640635576553,3.2933683111755947,-208.96732540684457,3.107123552590285,5.344910621643066,1.0,482.25,582.75,9.047997820798942,1150.0,0.0,1585.0,9.744406528157308
1781701469193798135,4.851154843,7.013615025583813,0.5462640635576553,3.2933683111755947,-208.96732540684457,3.107123552590285,5.344910621643066,1.0,482.25,582.75,9.047997820798942,1150.0,0.0,1585.0,9.744406528157308
1781701469193814566,4.851171274,7.013615025583813,0.5462640635576553,3.1491821303293426,-208.96732540684457,3.107123552590285,5.344910621643066,1.0,482.25,582.75,9.047997820798942,1150.0,0.0,1585.0,9.744406528157308
1781701469193825867,4.851182575,7.013615025583813,0.5052851606739988,3.1491821303293426,-208.96732540684457,3.107123552590285,5.344910621643066,1.0,482.25,582.75,9.047997820798942,1150.0,0.0,1585.0,9.744406528157308
1781701469193853770,4.851210478,7.013615025583813,0.5052851606739988,3.1491821303293426,-203.7612282789369,3.107123552590285,5.344910621643066,1.0,482.25,582.75,9.047997820798942,1150.0,0.0,1585.0,9.744406528157308
1781701469237487131,4.894843839,7.013615025583813,0.5052851606739988,3.1491821303293426,-203.7612282789369,3.107123552590285,5.344910621643066,1.0,482.25,582.75,9.047997820798942,1150.0,0.0,1585.0,9.744406528157308
1781701469237527097,4.894883805,7.013615025583813,0.5052851606739988,3.1491821303293426,-203.7612282789369,3.107123552590285,5.344910621643066,1.0,483.75,582.75,9.047997820798942,1150.0,0.0,1585.0,9.744406528157308
1781701469237530383,4.894887091,7.013615025583813,0.5052851606739988,3.1491821303293426,-203.7612282789369,3.107123552590285,5.344910621643066,1.0,483.75,582.75,9.047997820798942,1150.0,0.0,1585.0,9.744406528157308
1781701469237533629,4.894890337,7.013615025583813,0.5052851606739988,3.1491821303293426,-203.7612282789369,3.107123552590285,5.293217658996582,1.0,483.75,582.75,9.047997820798942,1150.0,0.0,1585.0,9.744406528157308
1781701469237535813,4.894892521,7.013615025583813,0.5052851606739988,3.1491821303293426,-203.7612282789369,3.107123552590285,5.293217658996582,1.0,483.75,582.75,9.047997820798942,1472.0,0.0,1585.0,9.744406528157308
1781701469237537977,4.894894685,7.013615025583813,0.5052851606739988,3.1491821303293426,-203.7612282789369,3.107123552590285,5.293217658996582,1.0,483.75,582.75,9.047997820798942,1472.0,0.0,1585.0,9.744406528157308
1781701469237545031,4.894901739,7.013615025583813,0.5052851606739988,3.1491821303293426,-203.7612282789369,3.107123552590285,5.293217658996582,1.0,483.75,582.75,9.047997820798942,1472.0,0.0,1585.0,9.744406528157308
1781701469237548277,4.894904985,7.013615025583813,0.5052851606739988,3.1491821303293426,-203.7612282789369,3.107123552590285,5.293217658996582,1.0,483.75,582.75,4.429438367033353,1472.0,0.0,1585.0,9.744406528157308
1781701469237558025,4.894914733,7.013615025583813,0.5052851606739988,3.1491821303293426,-203.7612282789369,3.107123552590285,5.293217658996582,1.0,483.75,582.75,4.429438367033353,1472.0,0.0,1585.0,7.884167671763924
1781701469237574386,4.894931094,7.013615025583813,0.5052851606739988,3.1491821303293426,-203.7612282789369,3.107123552590285,5.293217658996582,1.0,483.75,582.75,4.429438367033353,1472.0,0.0,1585.0,7.884167671763924
1781701469237654477,4.895011185,6.947854237771831,0.5052851606739988,3.1491821303293426,-203.7612282789369,3.107123552590285,5.293217658996582,1.0,483.75,582.75,4.429438367033353,1472.0,0.0,1585.0,7.884167671763924
1781701469237669376,4.895026084,6.947854237771831,0.5052851606739988,2.5396494225637687,-203.7612282789369,3.107123552590285,5.293217658996582,1.0,483.75,582.75,4.429438367033353,1472.0,0.0,1585.0,7.884167671763924
1781701469237673553,4.895030261,6.947854237771831,0.33083276750981677,2.5396494225637687,-203.7612282789369,3.107123552590285,5.293217658996582,1.0,483.75,582.75,4.429438367033353,1472.0,0.0,1585.0,7.884167671763924
1781701469237708550,4.895065258,6.947854237771831,0.33083276750981677,2.5396494225637687,-190.08090597422182,3.107123552590285,5.293217658996582,1.0,483.75,582.75,4.429438367033353,1472.0,0.0,1585.0,7.884167671763924
1781701469360598631,5.017955339,6.947854237771831,0.33083276750981677,2.5396494225637687,-190.08090597422182,3.107123552590285,5.293217658996582,1.0,483.75,582.75,4.429438367033353,1472.0,0.0,1585.0,7.884167671763924
1781701469360663223,5.018019931,6.947854237771831,0.33083276750981677,2.5396494225637687,-190.08090597422182,3.107123552590285,5.293217658996582,1.0,483.75,582.75,4.429438367033353,1472.0,0.0,1585.0,7.884167671763924
1781701469360670506,5.018027214,6.947854237771831,0.33083276750981677,2.5396494225637687,-190.08090597422182,3.107123552590285,5.293217658996582,1.0,489.75,582.75,4.429438367033353,1472.0,0.0,1585.0,7.884167671763924
1781701469360675466,5.018032174,6.947854237771831,0.33083276750981677,2.5396494225637687,-190.08090597422182,-3.141592653589793,5.293217658996582,1.0,489.75,582.75,4.429438367033353,1472.0,0.0,1585.0,7.884167671763924
1781701469360680615,5.018037323,6.947854237771831,0.33083276750981677,2.5396494225637687,-190.08090597422182,-3.141592653589793,5.293217658996582,1.0,489.75,582.75,6.777560202856281,1472.0,0.0,1585.0,7.884167671763924
1781701469360685915,5.018042623,6.947854237771831,0.33083276750981677,2.5396494225637687,-190.08090597422182,-3.141592653589793,-10.5,1.0,489.75,582.75,6.777560202856281,1472.0,0.0,1585.0,7.884167671763924
1781701469360689763,5.018046471,6.947854237771831,0.33083276750981677,2.5396494225637687,-190.08090597422182,-3.141592653589793,-10.5,1.0,489.75,582.75,6.777560202856281,1697.0,0.0,1585.0,7.884167671763924
1781701469360692368,5.018049076,6.947854237771831,0.33083276750981677,2.5396494225637687,-190.08090597422182,-3.141592653589793,-10.5,1.0,489.75,583.5,6.777560202856281,1697.0,0.0,1585.0,7.884167671763924
1781701469360700122,5.01805683,6.947854237771831,0.33083276750981677,2.5396494225637687,-190.08090597422182,-3.141592653589793,-10.5,1.0,489.75,583.5,6.777560202856281,1697.0,0.0,1585.0,7.49685505764625
1781701469360703158,5.018059866,6.947854237771831,0.33083276750981677,2.5396494225637687,-190.08090597422182,-3.141592653589793,-10.5,1.0,489.75,583.5,6.777560202856281,1697.0,0.0,1585.0,7.49685505764625
1781701469360739106,5.018095814,6.361851527242604,0.33083276750981677,2.5396494225637687,-190.08090597422182,-3.141592653589793,-10.5,1.0,489.75,583.5,6.777560202856281,1697.0,0.0,1585.0,7.49685505764625
1781701469360762981,5.018119689,6.361851527242604,0.33083276750981677,2.302838278273661,-190.08090597422182,-3.141592653589793,-10.5,1.0,489.75,583.5,6.777560202856281,1697.0,0.0,1585.0,7.49685505764625
1781701469360775916,5.018132624,6.361851527242604,0.28941006739262337,2.302838278273661,-190.08090597422182,-3.141592653589793,-10.5,1.0,489.75,583.5,6.777560202856281,1697.0,0.0,1585.0,7.49685505764625
1781701469360816522,5.01817323,6.361851527242604,0.28941006739262337,2.302838278273661,-173.583206177718,-3.141592653589793,-10.5,1.0,489.75,583.5,6.777560202856281,1697.0,0.0,1585.0,7.49685505764625
1781701469395723728,5.053080436,6.361851527242604,0.28941006739262337,2.302838278273661,-173.583206177718,-3.141592653589793,-10.5,1.0,489.75,583.5,6.777560202856281,1697.0,0.0,1585.0,7.49685505764625
1781701469395776678,5.053133386,6.361851527242604,0.28941006739262337,2.302838278273661,-173.583206177718,-3.141592653589793,-10.5,1.0,492.0,583.5,6.777560202856281,1697.0,0.0,1585.0,7.49685505764625
1781701469395780255,5.053136963,6.361851527242604,0.28941006739262337,2.302838278273661,-173.583206177718,-3.141592653589793,-10.5,1.0,492.0,583.5,6.777560202856281,1697.0,0.0,1585.0,7.49685505764625
1781701469395785395,5.053142103,6.361851527242604,0.28941006739262337,2.302838278273661,-173.583206177718,-3.141592653589793,-10.5,1.0,492.0,583.5,6.777560202856281,1697.0,0.0,1585.0,7.49685505764625
1781701469395787719,5.053144427,6.361851527242604,0.28941006739262337,2.302838278273661,-173.583206177718,-3.141592653589793,-10.5,1.0,492.0,583.5,6.777560202856281,1556.0,0.0,1585.0,7.49685505764625
1781701469395790494,5.053147202,6.361851527242604,0.28941006739262337,2.302838278273661,-173.583206177718,-3.141592653589793,-10.5,1.0,492.0,583.5,6.777560202856281,1556.0,0.0,1585.0,7.49685505764625
1781701469395796846,5.053153554,6.361851527242604,0.28941006739262337,2.302838278273661,-173.583206177718,-3.141592653589793,-10.5,1.0,492.0,583.5,6.777560202856281,1556.0,0.0,1585.0,7.49685505764625
1781701469395806144,5.053162852,6.361851527242604,0.28941006739262337,2.302838278273661,-173.583206177718,-3.141592653589793,-10.5,1.0,492.0,583.5,8.461059337158126,1556.0,0.0,1585.0,7.49685505764625
1781701469395830550,5.053187258,6.361851527242604,0.28941006739262337,2.302838278273661,-173.583206177718,-3.141592653589793,-10.5,1.0,492.0,583.5,8.461059337158126,1556.0,0.0,1585.0,7.834326555475407
1781701469395839246,5.053195954,6.361851527242604,0.28941006739262337,2.302838278273661,-173.583206177718,-3.141592653589793,-10.5,1.0,492.0,583.5,8.461059337158126,1556.0,0.0,1585.0,7.834326555475407
1781701469395898919,5.053255627,6.591871062646201,0.28941006739262337,2.302838278273661,-173.583206177718,-3.141592653589793,-10.5,1.0,492.0,583.5,8.461059337158126,1556.0,0.0,1585.0,7.834326555475407
1781701469395908126,5.053264834,6.591871062646201,0.28941006739262337,2.479930215824345,-173.583206177718,-3.141592653589793,-10.5,1.0,492.0,583.5,8.461059337158126,1556.0,0.0,1585.0,7.834326555475407
1781701469395927924,5.053284632,6.591871062646201,0.32741366626179674,2.479930215824345,-173.583206177718,-3.141592653589793,-10.5,1.0,492.0,583.5,8.461059337158126,1556.0,0.0,1585.0,7.834326555475407
1781701469395955165,5.053311873,6.591871062646201,0.32741366626179674,2.479930215824345,-181.76343923567276,-3.141592653589793,-10.5,1.0,492.0,583.5,8.461059337158126,1556.0,0.0,1585.0,7.834326555475407
1781701469443415386,5.100772094,6.591871062646201,0.32741366626179674,2.479930215824345,-181.76343923567276,-3.141592653589793,-10.5,1.0,492.0,583.5,8.461059337158126,1556.0,0.0,1585.0,7.834326555475407
1781701469443458227,5.100814935,6.591871062646201,0.32741366626179674,2.479930215824345,-181.76343923567276,-3.141592653589793,-10.5,1.0,492.0,583.5,8.461059337158126,1556.0,0.0,1585.0,7.834326555475407
1781701469443461834,5.100818542,6.591871062646201,0.32741366626179674,2.479930215824345,-181.76343923567276,-3.141592653589793,-10.5,1.0,492.75,583.5,8.461059337158126,1556.0,0.0,1585.0,7.834326555475407
1781701469443464549,5.100821257,6.591871062646201,0.32741366626179674,2.479930215824345,-181.76343923567276,-3.141592653589793,-10.5,1.0,492.75,583.5,8.461059337158126,1556.0,0.0,1585.0,7.834326555475407
1781701469443468166,5.100824874,6.591871062646201,0.32741366626179674,2.479930215824345,-181.76343923567276,-3.141592653589793,-10.5,1.0,492.75,583.5,8.461059337158126,1556.0,0.0,1585.0,7.834326555475407
1781701469443470189,5.100826897,6.591871062646201,0.32741366626179674,2.479930215824345,-181.76343923567276,-3.141592653589793,-10.5,1.0,492.75,583.5,8.461059337158126,1556.0,0.0,1585.0,7.834326555475407
1781701469443472905,5.100829613,6.591871062646201,0.32741366626179674,2.479930215824345,-181.76343923567276,-3.141592653589793,-10.5,1.0,492.75,583.5,8.461059337158126,1556.0,0.0,1585.0,7.834326555475407
1781701469443480629,5.100837337,6.591871062646201,0.32741366626179674,2.479930215824345,-181.76343923567276,-3.141592653589793,-10.5,1.0,492.75,583.5,2.523361196386429,1556.0,0.0,1585.0,7.834326555475407
1781701469443486570,5.100843278,6.591871062646201,0.32741366626179674,2.479930215824345,-181.76343923567276,-3.141592653589793,-10.5,1.0,492.75,583.5,2.523361196386429,1556.0,0.0,1585.0,5.975488679794265
1781701469443501759,5.100858467,6.591871062646201,0.32741366626179674,2.479930215824345,-181.76343923567276,-3.141592653589793,-10.5,1.0,492.75,583.5,2.523361196386429,1556.0,0.0,1585.0,5.975488679794265
1781701469443554288,5.100910996,6.234115652672824,0.32741366626179674,2.479930215824345,-181.76343923567276,-3.141592653589793,-10.5,1.0,492.75,583.5,2.523361196386429,1556.0,0.0,1585.0,5.975488679794265
1781701469443562083,5.100918791,6.234115652672824,0.32741366626179674,1.8226738031988863,-181.76343923567276,-3.141592653589793,-10.5,1.0,492.75,583.5,2.523361196386429,1556.0,0.0,1585.0,5.975488679794265
1781701469443582051,5.100938759,6.234115652672824,0.1838663528667743,1.8226738031988863,-181.76343923567276,-3.141592653589793,-10.5,1.0,492.75,583.5,2.523361196386429,1556.0,0.0,1585.0,5.975488679794265
1781701469443607639,5.100964347,6.234115652672824,0.1838663528667743,1.8226738031988863,-161.319655470301,-3.141592653589793,-10.5,1.0,492.75,583.5,2.523361196386429,1556.0,0.0,1585.0,5.975488679794265
1781701469485870261,5.143226969,6.234115652672824,0.1838663528667743,1.8226738031988863,-161.319655470301,-3.141592653589793,-10.5,1.0,492.75,583.5,2.523361196386429,1556.0,0.0,1585.0,5.975488679794265
1781701469485907261,5.143263969,6.234115652672824,0.1838663528667743,1.8226738031988863,-161.319655470301,-3.141592653589793,-10.5,1.0,492.75,583.5,2.523361196386429,1556.0,0.0,1585.0,5.975488679794265
1781701469485910497,5.143267205,6.234115652672824,0.1838663528667743,1.8226738031988863,-161.319655470301,-3.141592653589793,-10.5,1.0,495.0,583.5,2.523361196386429,1556.0,0.0,1585.0,5.975488679794265
1781701469485912871,5.143269579,6.234115652672824,0.1838663528667743,1.8226738031988863,-161.319655470301,3.1058935409104693,-10.5,1.0,495.0,583.5,2.523361196386429,1556.0,0.0,1585.0,5.975488679794265
1781701469485915596,5.143272304,6.234115652672824,0.1838663528667743,1.8226738031988863,-161.319655470301,3.1058935409104693,-10.5,1.0,495.0,583.5,6.992980262647017,1556.0,0.0,1585.0,5.975488679794265
1781701469485918221,5.143274929,6.234115652672824,0.1838663528667743,1.8226738031988863,-161.319655470301,3.1058935409104693,6.981067657470703,1.0,495.0,583.5,6.992980262647017,1556.0,0.0,1585.0,5.975488679794265
1781701469485920977,5.143277685,6.234115652672824,0.1838663528667743,1.8226738031988863,-161.319655470301,3.1058935409104693,6.981067657470703,1.0,495.0,583.5,6.992980262647017,1150.0,0.0,1585.0,5.975488679794265
1781701469485922830,5.143279538,6.234115652672824,0.1838663528667743,1.8226738031988863,-161.319655470301,3.1058935409104693,6.981067657470703,1.0,495.0,584.25,6.992980262647017,1150.0,0.0,1585.0,5.975488679794265
1781701469485928601,5.143285309,6.234115652672824,0.1838663528667743,1.8226738031988863,-161.319655470301,3.1058935409104693,6.981067657470703,1.0,495.0,584.25,6.992980262647017,1150.0,0.0,1585.0,6.331610733792727
1781701469485934031,5.143290739,6.234115652672824,0.1838663528667743,1.8226738031988863,-161.319655470301,3.1058935409104693,6.981067657470703,1.0,495.0,584.25,6.992980262647017,1150.0,0.0,1585.0,6.331610733792727
1781701469485995628,5.143352336,6.149583667237677,0.1838663528667743,1.8226738031988863,-161.319655470301,3.1058935409104693,6.981067657470703,1.0,495.0,584.25,6.992980262647017,1150.0,0.0,1585.0,6.331610733792727
1781701469486010225,5.143366933,6.149583667237677,0.1838663528667743,1.9221658161405777,-161.319655470301,3.1058935409104693,6.981067657470703,1.0,495.0,584.25,6.992980262647017,1150.0,0.0,1585.0,6.331610733792727
1781701469486012620,5.143369328,6.149583667237677,0.20641862024649132,1.9221658161405777,-161.319655470301,3.1058935409104693,6.981067657470703,1.0,495.0,584.25,6.992980262647017,1150.0,0.0,1585.0,6.331610733792727
1781701469486039250,5.143395958,6.149583667237677,0.20641862024649132,1.9221658161405777,-161.64140828781137,3.1058935409104693,6.981067657470703,1.0,495.0,584.25,6.992980262647017,1150.0,0.0,1585.0,6.331610733792727
1781701469526064254,5.183420962,6.149583667237677,0.20641862024649132,1.9221658161405777,-161.64140828781137,3.1058935409104693,6.981067657470703,1.0,495.0,584.25,6.992980262647017,1150.0,0.0,1585.0,6.331610733792727
1781701469526119619,5.183476327,6.149583667237677,0.20641862024649132,1.9221658161405777,-161.64140828781137,3.1058935409104693,6.981067657470703,1.0,495.0,584.25,6.992980262647017,1150.0,0.0,1585.0,6.331610733792727
1781701469526124959,5.183481667,6.149583667237677,0.20641862024649132,1.9221658161405777,-161.64140828781137,3.1058935409104693,6.981067657470703,1.0,496.5,584.25,6.992980262647017,1150.0,0.0,1585.0,6.331610733792727
1781701469526129317,5.183486025,6.149583667237677,0.20641862024649132,1.9221658161405777,-161.64140828781137,3.108271657711546,6.981067657470703,1.0,496.5,584.25,6.992980262647017,1150.0,0.0,1585.0,6.331610733792727
1781701469526135188,5.183491896,6.149583667237677,0.20641862024649132,1.9221658161405777,-161.64140828781137,3.108271657711546,6.981067657470703,1.0,496.5,584.25,5.418408178375489,1150.0,0.0,1585.0,6.331610733792727
1781701469526139536,5.183496244,6.149583667237677,0.20641862024649132,1.9221658161405777,-161.64140828781137,3.108271657711546,5.816588401794434,1.0,496.5,584.25,5.418408178375489,1150.0,0.0,1585.0,6.331610733792727
1781701469526143223,5.183499931,6.149583667237677,0.20641862024649132,1.9221658161405777,-161.64140828781137,3.108271657711546,5.816588401794434,1.0,496.5,584.25,5.418408178375489,1501.0,0.0,1585.0,6.331610733792727
1781701469526146981,5.183503689,6.149583667237677,0.20641862024649132,1.9221658161405777,-161.64140828781137,3.108271657711546,5.816588401794434,1.0,496.5,584.25,5.418408178375489,1501.0,0.0,1585.0,6.331610733792727
1781701469526157060,5.183513768,6.149583667237677,0.20641862024649132,1.9221658161405777,-161.64140828781137,3.108271657711546,5.816588401794434,1.0,496.5,584.25,5.418408178375489,1501.0,0.0,1585.0,6.011989839396694
1781701469526162310,5.183519018,6.149583667237677,0.20641862024649132,1.9221658161405777,-161.64140828781137,3.108271657711546,5.816588401794434,1.0,496.5,584.25,5.418408178375489,1501.0,0.0,1585.0,6.011989839396694
1781701469526202816,5.183559524,6.085568715875357,0.20641862024649132,1.9221658161405777,-161.64140828781137,3.108271657711546,5.816588401794434,1.0,496.5,584.25,5.418408178375489,1501.0,0.0,1585.0,6.011989839396694
1781701469526213005,5.183569713,6.085568715875357,0.20641862024649132,1.8186685366266195,-161.64140828781137,3.108271657711546,5.816588401794434,1.0,496.5,584.25,5.418408178375489,1501.0,0.0,1585.0,6.011989839396694
1781701469526227633,5.183584341,6.085568715875357,0.18611950185057796,1.8186685366266195,-161.64140828781137,3.108271657711546,5.816588401794434,1.0,496.5,584.25,5.418408178375489,1501.0,0.0,1585.0,6.011989839396694
1781701469526271025,5.183627733,6.085568715875357,0.18611950185057796,1.8186685366266195,-158.2708645518901,3.108271657711546,5.816588401794434,1.0,496.5,584.25,5.418408178375489,1501.0,0.0,1585.0,6.011989839396694
1781701469568020437,5.225377145,6.085568715875357,0.18611950185057796,1.8186685366266195,-158.2708645518901,3.108271657711546,5.816588401794434,1.0,496.5,584.25,5.418408178375489,1501.0,0.0,1585.0,6.011989839396694
1781701469568062807,5.225419515,6.085568715875357,0.18611950185057796,1.8186685366266195,-158.2708645518901,3.108271657711546,5.816588401794434,1.0,501.0,584.25,5.418408178375489,1501.0,0.0,1585.0,6.011989839396694
1781701469568066855,5.225423563,6.085568715875357,0.18611950185057796,1.8186685366266195,-158.2708645518901,-3.141592653589793,5.816588401794434,1.0,501.0,584.25,5.418408178375489,1501.0,0.0,1585.0,6.011989839396694
1781701469568070742,5.22542745,6.085568715875357,0.18611950185057796,1.8186685366266195,-158.2708645518901,-3.141592653589793,-10.5,1.0,501.0,584.25,5.418408178375489,1501.0,0.0,1585.0,6.011989839396694
1781701469568073637,5.225430345,6.085568715875357,0.18611950185057796,1.8186685366266195,-158.2708645518901,-3.141592653589793,-10.5,1.0,501.0,584.25,5.418408178375489,1850.0,0.0,1585.0,6.011989839396694
1781701469568076843,5.225433551,6.085568715875357,0.18611950185057796,1.8186685366266195,-158.2708645518901,-3.141592653589793,-10.5,1.0,501.0,583.5,5.418408178375489,1850.0,0.0,1585.0,6.011989839396694
1781701469568084247,5.225440955,6.085568715875357,0.18611950185057796,1.8186685366266195,-158.2708645518901,-3.141592653589793,-10.5,1.0,501.0,583.5,5.418408178375489,1850.0,0.0,1585.0,6.011989839396694
1781701469568088105,5.225444813,6.085568715875357,0.18611950185057796,1.8186685366266195,-158.2708645518901,-3.141592653589793,-10.5,1.0,501.0,583.5,14.441029635240666,1850.0,0.0,1585.0,6.011989839396694
1781701469568099246,5.225455954,6.085568715875357,0.18611950185057796,1.8186685366266195,-158.2708645518901,-3.141592653589793,-10.5,1.0,501.0,583.5,14.441029635240666,1850.0,0.0,1585.0,8.962153767942084
1781701469568117801,5.225474509,6.085568715875357,0.18611950185057796,1.8186685366266195,-158.2708645518901,-3.141592653589793,-10.5,1.0,501.0,583.5,14.441029635240666,1850.0,0.0,1585.0,8.962153767942084
1781701469568178225,5.225534933,6.199764805718966,0.18611950185057796,1.8186685366266195,-158.2708645518901,-3.141592653589793,-10.5,1.0,501.0,583.5,14.441029635240666,1850.0,0.0,1585.0,8.962153767942084
1781701469568197010,5.225553718,6.199764805718966,0.18611950185057796,2.7770883732316127,-158.2708645518901,-3.141592653589793,-10.5,1.0,501.0,583.5,14.441029635240666,1850.0,0.0,1585.0,8.962153767942084
1781701469568218030,5.225574738,6.199764805718966,0.4284678543951789,2.7770883732316127,-158.2708645518901,-3.141592653589793,-10.5,1.0,501.0,583.5,14.441029635240666,1850.0,0.0,1585.0,8.962153767942084
1781701469568255621,5.225612329,6.199764805718966,0.4284678543951789,2.7770883732316127,-179.96553143340694,-3.141592653589793,-10.5,1.0,501.0,583.5,14.441029635240666,1850.0,0.0,1585.0,8.962153767942084
1781701469615015779,5.272372487,6.199764805718966,0.4284678543951789,2.7770883732316127,-179.96553143340694,-3.141592653589793,-10.5,1.0,501.0,583.5,14.441029635240666,1850.0,0.0,1585.0,8.962153767942084
1781701469615073709,5.272430417,6.199764805718966,0.4284678543951789,2.7770883732316127,-179.96553143340694,-3.141592653589793,-10.5,1.0,501.0,583.5,14.441029635240666,1850.0,0.0,1585.0,8.962153767942084
1781701469615080702,5.27243741,6.199764805718966,0.4284678543951789,2.7770883732316127,-179.96553143340694,-3.141592653589793,-10.5,1.0,504.0,583.5,14.441029635240666,1850.0,0.0,1585.0,8.962153767942084
1781701469615084379,5.272441087,6.199764805718966,0.4284678543951789,2.7770883732316127,-179.96553143340694,3.070285188804503,-10.5,1.0,504.0,583.5,14.441029635240666,1850.0,0.0,1585.0,8.962153767942084
1781701469615088326,5.272445034,6.199764805718966,0.4284678543951789,2.7770883732316127,-179.96553143340694,3.070285188804503,23.767627716064453,1.0,504.0,583.5,14.441029635240666,1850.0,0.0,1585.0,8.962153767942084
1781701469615093015,5.272449723,6.199764805718966,0.4284678543951789,2.7770883732316127,-179.96553143340694,3.070285188804503,23.767627716064453,1.0,504.0,583.5,14.441029635240666,1150.0,0.0,1585.0,8.962153767942084
1781701469615096161,5.272452869,6.199764805718966,0.4284678543951789,2.7770883732316127,-179.96553143340694,3.070285188804503,23.767627716064453,1.0,504.0,585.0,14.441029635240666,1150.0,0.0,1585.0,8.962153767942084
1781701469615102403,5.272459111,6.199764805718966,0.4284678543951789,2.7770883732316127,-179.96553143340694,3.070285188804503,23.767627716064453,1.0,504.0,585.0,9.350744273466832,1150.0,0.0,1585.0,8.962153767942084
1781701469615108535,5.272465243,6.199764805718966,0.4284678543951789,2.7770883732316127,-179.96553143340694,3.070285188804503,23.767627716064453,1.0,504.0,585.0,9.350744273466832,1150.0,0.0,1585.0,9.098160444875745
1781701469615126969,5.272483677,6.199764805718966,0.4284678543951789,2.7770883732316127,-179.96553143340694,3.070285188804503,23.767627716064453,1.0,504.0,585.0,9.350744273466832,1150.0,0.0,1585.0,9.098160444875745
1781701469615204927,5.272561635,6.0942870471368,0.4284678543951789,2.7770883732316127,-179.96553143340694,3.070285188804503,23.767627716064453,1.0,504.0,585.0,9.350744273466832,1150.0,0.0,1585.0,9.098160444875745
1781701469615210858,5.272567566,6.0942870471368,0.4284678543951789,2.7992200341814257,-179.96553143340694,3.070285188804503,23.767627716064453,1.0,504.0,585.0,9.350744273466832,1150.0,0.0,1585.0,9.098160444875745
1781701469615240454,5.272597162,6.0942870471368,0.440486840498828,2.7992200341814257,-179.96553143340694,3.070285188804503,23.767627716064453,1.0,504.0,585.0,9.350744273466832,1150.0,0.0,1585.0,9.098160444875745
1781701469615273606,5.272630314,6.0942870471368,0.440486840498828,2.7992200341814257,-178.31062846686316,3.070285188804503,23.767627716064453,1.0,504.0,585.0,9.350744273466832,1150.0,0.0,1585.0,9.098160444875745
1781701469651352496,5.308709204,6.0942870471368,0.440486840498828,2.7992200341814257,-178.31062846686316,3.070285188804503,23.767627716064453,1.0,504.0,585.0,9.350744273466832,1150.0,0.0,1585.0,9.098160444875745
1781701469651390428,5.308747136,6.0942870471368,0.440486840498828,2.7992200341814257,-178.31062846686316,3.070285188804503,23.767627716064453,1.0,507.0,585.0,9.350744273466832,1150.0,0.0,1585.0,9.098160444875745
1781701469651393874,5.308750582,6.0942870471368,0.440486840498828,2.7992200341814257,-178.31062846686316,3.070285188804503,23.767627716064453,1.0,507.0,585.0,9.350744273466832,1150.0,0.0,1585.0,9.098160444875745
1781701469651398142,5.30875485,6.0942870471368,0.440486840498828,2.7992200341814257,-178.31062846686316,3.070285188804503,23.55388641357422,1.0,507.0,585.0,9.350744273466832,1150.0,0.0,1585.0,9.098160444875745
1781701469651400316,5.308757024,6.0942870471368,0.440486840498828,2.7992200341814257,-178.31062846686316,3.070285188804503,23.55388641357422,1.0,507.0,585.0,9.350744273466832,1385.0,0.0,1585.0,9.098160444875745
1781701469651402200,5.308758908,6.0942870471368,0.440486840498828,2.7992200341814257,-178.31062846686316,3.070285188804503,23.55388641357422,1.0,507.0,585.0,9.350744273466832,1385.0,0.0,1585.0,9.098160444875745
1781701469651408011,5.308764719,6.0942870471368,0.440486840498828,2.7992200341814257,-178.31062846686316,3.070285188804503,23.55388641357422,1.0,507.0,585.0,9.350744273466832,1385.0,0.0,1585.0,9.098160444875745
1781701469651413381,5.308770089,6.0942870471368,0.440486840498828,2.7992200341814257,-178.31062846686316,3.070285188804503,23.55388641357422,1.0,507.0,585.0,9.971892121241485,1385.0,0.0,1585.0,9.098160444875745
1781701469651430874,5.308787582,6.0942870471368,0.440486840498828,2.7992200341814257,-178.31062846686316,3.070285188804503,23.55388641357422,1.0,507.0,585.0,9.971892121241485,1385.0,0.0,1585.0,9.403966531603754
1781701469651436665,5.308793373,6.0942870471368,0.440486840498828,2.7992200341814257,-178.31062846686316,3.070285188804503,23.55388641357422,1.0,507.0,585.0,9.971892121241485,1385.0,0.0,1585.0,9.403966531603754
1781701469651504062,5.30886077,5.966034887689939,0.440486840498828,2.7992200341814257,-178.31062846686316,3.070285188804503,23.55388641357422,1.0,507.0,585.0,9.971892121241485,1385.0,0.0,1585.0,9.403966531603754
1781701469651512989,5.308869697,5.966034887689939,0.440486840498828,2.872371096556829,-178.31062846686316,3.070285188804503,23.55388641357422,1.0,507.0,585.0,9.971892121241485,1385.0,0.0,1585.0,9.403966531603754
1781701469651525913,5.308882621,5.966034887689939,0.47059564683704036,2.872371096556829,-178.31062846686316,3.070285188804503,23.55388641357422,1.0,507.0,585.0,9.971892121241485,1385.0,0.0,1585.0,9.403966531603754
1781701469651562342,5.30891905,5.966034887689939,0.47059564683704036,2.872371096556829,-177.23871533177228,3.070285188804503,23.55388641357422,1.0,507.0,585.0,9.971892121241485,1385.0,0.0,1585.0,9.403966531603754
1781701469700683050,5.358039758,5.966034887689939,0.47059564683704036,2.872371096556829,-177.23871533177228,3.070285188804503,23.55388641357422,1.0,507.0,585.0,9.971892121241485,1385.0,0.0,1585.0,9.403966531603754
1781701469700732854,5.358089562,5.966034887689939,0.47059564683704036,2.872371096556829,-177.23871533177228,3.070285188804503,23.55388641357422,1.0,510.0,585.0,9.971892121241485,1385.0,0.0,1585.0,9.403966531603754
1781701469700739527,5.358096235,5.966034887689939,0.47059564683704036,2.872371096556829,-177.23871533177228,3.1058935409104693,23.55388641357422,1.0,510.0,585.0,9.971892121241485,1385.0,0.0,1585.0,9.403966531603754
1781701469700744306,5.358101014,5.966034887689939,0.47059564683704036,2.872371096556829,-177.23871533177228,3.1058935409104693,6.445695877075195,1.0,510.0,585.0,9.971892121241485,1385.0,0.0,1585.0,9.403966531603754
1781701469700747822,5.35810453,5.966034887689939,0.47059564683704036,2.872371096556829,-177.23871533177228,3.1058935409104693,6.445695877075195,1.0,510.0,584.25,9.971892121241485,1385.0,0.0,1585.0,9.403966531603754
1781701469700771908,5.358128616,5.966034887689939,0.47059564683704036,2.872371096556829,-177.23871533177228,3.1058935409104693,6.445695877075195,1.0,510.0,584.25,9.971892121241485,1385.0,0.0,1585.0,9.403966531603754
1781701469700777598,5.358134306,5.966034887689939,0.47059564683704036,2.872371096556829,-177.23871533177228,3.1058935409104693,6.445695877075195,1.0,510.0,584.25,9.971892121241485,1850.0,0.0,1585.0,9.403966531603754
1781701469700811803,5.358168511,5.966034887689939,0.47059564683704036,2.872371096556829,-177.23871533177228,3.1058935409104693,6.445695877075195,1.0,510.0,584.25,8.720809852034836,1850.0,0.0,1585.0,9.403966531603754
1781701469700838624,5.358195332,5.966034887689939,0.47059564683704036,2.872371096556829,-177.23871533177228,3.1058935409104693,6.445695877075195,1.0,510.0,584.25,8.720809852034836,1850.0,0.0,1585.0,9.164861693754633
1781701469700865935,5.358222643,5.966034887689939,0.47059564683704036,2.872371096556829,-177.23871533177228,3.1058935409104693,6.445695877075195,1.0,510.0,584.25,8.720809852034836,1850.0,0.0,1585.0,9.164861693754633
1781701469700950545,5.358307253,6.121197236963378,0.47059564683704036,2.872371096556829,-177.23871533177228,3.1058935409104693,6.445695877075195,1.0,510.0,584.25,8.720809852034836,1850.0,0.0,1585.0,9.164861693754633
1781701469700964121,5.358320829,6.121197236963378,0.47059564683704036,2.875283429439879,-177.23871533177228,3.1058935409104693,6.445695877075195,1.0,510.0,584.25,8.720809852034836,1850.0,0.0,1585.0,9.164861693754633
1781701469701008384,5.358365092,6.121197236963378,0.4633489530617346,2.875283429439879,-177.23871533177228,3.1058935409104693,6.445695877075195,1.0,510.0,584.25,8.720809852034836,1850.0,0.0,1585.0,9.164861693754633
1781701469701057888,5.358414596,6.121197236963378,0.4633489530617346,2.875283429439879,-180.39296228112704,3.1058935409104693,6.445695877075195,1.0,510.0,584.25,8.720809852034836,1850.0,0.0,1585.0,9.164861693754633
1781701469747294918,5.404651626,6.121197236963378,0.4633489530617346,2.875283429439879,-180.39296228112704,3.1058935409104693,6.445695877075195,1.0,510.0,584.25,8.720809852034836,1850.0,0.0,1585.0,9.164861693754633
1781701469747332809,5.404689517,6.121197236963378,0.4633489530617346,2.875283429439879,-180.39296228112704,3.1058935409104693,6.445695877075195,1.0,510.0,584.25,8.720809852034836,1850.0,0.0,1585.0,9.164861693754633
1781701469747335925,5.404692633,6.121197236963378,0.4633489530617346,2.875283429439879,-180.39296228112704,3.1058935409104693,6.445695877075195,1.0,519.75,584.25,8.720809852034836,1850.0,0.0,1585.0,9.164861693754633
1781701469747338991,5.404695699,6.121197236963378,0.4633489530617346,2.875283429439879,-180.39296228112704,3.107123552590285,6.445695877075195,1.0,519.75,584.25,8.720809852034836,1850.0,0.0,1585.0,9.164861693754633
1781701469747343239,5.404699947,6.121197236963378,0.4633489530617346,2.875283429439879,-180.39296228112704,3.107123552590285,5.551685333251953,1.0,519.75,584.25,8.720809852034836,1850.0,0.0,1585.0,9.164861693754633
1781701469747347056,5.404703764,6.121197236963378,0.4633489530617346,2.875283429439879,-180.39296228112704,3.107123552590285,5.551685333251953,1.0,519.75,584.25,8.720809852034836,1490.0,0.0,1585.0,9.164861693754633
1781701469747349621,5.404706329,6.121197236963378,0.4633489530617346,2.875283429439879,-180.39296228112704,3.107123552590285,5.551685333251953,1.0,519.75,584.25,8.720809852034836,1490.0,0.0,1585.0,9.164861693754633
1781701469747357125,5.404713833,6.121197236963378,0.4633489530617346,2.875283429439879,-180.39296228112704,3.107123552590285,5.551685333251953,1.0,519.75,584.25,8.720809852034836,1490.0,0.0,1585.0,14.87027261395457
1781701469747359770,5.404716478,6.121197236963378,0.4633489530617346,2.875283429439879,-180.39296228112704,3.107123552590285,5.551685333251953,1.0,519.75,584.25,28.525151780397742,1490.0,0.0,1585.0,14.87027261395457
1781701469747366593,5.404723301,6.121197236963378,0.4633489530617346,2.875283429439879,-180.39296228112704,3.107123552590285,5.551685333251953,1.0,519.75,584.25,28.525151780397742,1490.0,0.0,1585.0,14.87027261395457
1781701469747420896,5.404777604,5.399308519761603,0.4633489530617346,2.875283429439879,-180.39296228112704,3.107123552590285,5.551685333251953,1.0,519.75,584.25,28.525151780397742,1490.0,0.0,1585.0,14.87027261395457
1781701469747428320,5.404785028,5.399308519761603,0.4633489530617346,4.392739206160835,-180.39296228112704,3.107123552590285,5.551685333251953,1.0,519.75,584.25,28.525151780397742,1490.0,0.0,1585.0,14.87027261395457
1781701469747437728,5.404794436,5.399308519761603,1.176694210666411,4.392739206160835,-180.39296228112704,3.107123552590285,5.551685333251953,1.0,519.75,584.25,28.525151780397742,1490.0,0.0,1585.0,14.87027261395457
1781701469747468496,5.404825204,5.399308519761603,1.176694210666411,4.392739206160835,-197.01764872911517,3.107123552590285,5.551685333251953,1.0,519.75,584.25,28.525151780397742,1490.0,0.0,1585.0,14.87027261395457
1781701469804085756,5.461442464,5.399308519761603,1.176694210666411,4.392739206160835,-197.01764872911517,3.107123552590285,5.551685333251953,1.0,519.75,584.25,28.525151780397742,1490.0,0.0,1585.0,14.87027261395457
1781701469804132725,5.461489433,5.399308519761603,1.176694210666411,4.392739206160835,-197.01764872911517,3.107123552590285,5.551685333251953,1.0,523.5,584.25,28.525151780397742,1490.0,0.0,1585.0,14.87027261395457
1781701469804137654,5.461494362,5.399308519761603,1.176694210666411,4.392739206160835,-197.01764872911517,3.0750244898139694,5.551685333251953,1.0,523.5,584.25,28.525151780397742,1490.0,0.0,1585.0,14.87027261395457
1781701469804143214,5.461499922,5.399308519761603,1.176694210666411,4.392739206160835,-197.01764872911517,3.0750244898139694,20.294586181640625,1.0,523.5,584.25,28.525151780397742,1490.0,0.0,1585.0,14.87027261395457
1781701469804146771,5.461503479,5.399308519761603,1.176694210666411,4.392739206160835,-197.01764872911517,3.0750244898139694,20.294586181640625,1.0,523.5,584.25,28.525151780397742,1150.0,0.0,1585.0,14.87027261395457
1781701469804150849,5.461507557,5.399308519761603,1.176694210666411,4.392739206160835,-197.01764872911517,3.0750244898139694,20.294586181640625,1.0,523.5,585.0,28.525151780397742,1150.0,0.0,1585.0,14.87027261395457
1781701469804161940,5.461518648,5.399308519761603,1.176694210666411,4.392739206160835,-197.01764872911517,3.0750244898139694,20.294586181640625,1.0,523.5,585.0,28.525151780397742,1150.0,0.0,1585.0,14.87027261395457
1781701469804166328,5.461523036,5.399308519761603,1.176694210666411,4.392739206160835,-197.01764872911517,3.0750244898139694,20.294586181640625,1.0,523.5,585.0,10.111584365822987,1150.0,0.0,1585.0,14.87027261395457
1781701469804176497,5.461533205,5.399308519761603,1.176694210666411,4.392739206160835,-197.01764872911517,3.0750244898139694,20.294586181640625,1.0,523.5,585.0,10.111584365822987,1150.0,0.0,1585.0,13.204731727108516
1781701469804187238,5.461543946,5.399308519761603,1.176694210666411,4.392739206160835,-197.01764872911517,3.0750244898139694,20.294586181640625,1.0,523.5,585.0,10.111584365822987,1150.0,0.0,1585.0,13.204731727108516
1781701469804256729,5.461613437,4.744657954275679,1.176694210666411,4.392739206160835,-197.01764872911517,3.0750244898139694,20.294586181640625,1.0,523.5,585.0,10.111584365822987,1150.0,0.0,1585.0,13.204731727108516
1781701469804267539,5.461624247,4.744657954275679,1.176694210666411,3.6174797588709438,-197.01764872911517,3.0750244898139694,20.294586181640625,1.0,523.5,585.0,10.111584365822987,1150.0,0.0,1585.0,13.204731727108516
1781701469804270645,5.461627353,4.744657954275679,0.8672467251093013,3.6174797588709438,-197.01764872911517,3.0750244898139694,20.294586181640625,1.0,523.5,585.0,10.111584365822987,1150.0,0.0,1585.0,13.204731727108516
1781701469804330408,5.461687116,4.744657954275679,0.8672467251093013,3.6174797588709438,-168.11000098804243,3.0750244898139694,20.294586181640625,1.0,523.5,585.0,10.111584365822987,1150.0,0.0,1585.0,13.204731727108516
1781701469920324662,5.57768137,4.744657954275679,0.8672467251093013,3.6174797588709438,-168.11000098804243,3.0750244898139694,20.294586181640625,1.0,523.5,585.0,10.111584365822987,1150.0,0.0,1585.0,13.204731727108516
1781701469920402789,5.577759497,4.744657954275679,0.8672467251093013,3.6174797588709438,-168.11000098804243,3.0750244898139694,20.294586181640625,1.0,536.25,585.0,10.111584365822987,1150.0,0.0,1585.0,13.204731727108516
1781701469920408750,5.577765458,4.744657954275679,0.8672467251093013,3.6174797588709438,-168.11000098804243,3.0750244898139694,20.294586181640625,1.0,536.25,585.75,10.111584365822987,1150.0,0.0,1585.0,13.204731727108516
1781701469920461510,5.577818218,4.744657954275679,0.8672467251093013,3.6174797588709438,-168.11000098804243,3.0750244898139694,6.4821672439575195,1.0,536.25,585.75,10.111584365822987,1150.0,0.0,1585.0,13.204731727108516
1781701469920613768,5.577970476,4.744657954275679,0.8672467251093013,3.6174797588709438,-168.11000098804243,3.107123552590285,6.4821672439575195,1.0,536.25,585.75,10.111584365822987,1150.0,0.0,1585.0,13.204731727108516
1781701469920782967,5.578139675,4.744657954275679,0.8672467251093013,3.6174797588709438,-168.11000098804243,3.107123552590285,6.4821672439575195,1.0,536.25,585.75,10.111584365822987,1150.0,0.0,1585.0,13.204731727108516
1781701469920793197,5.578149905,4.744657954275679,0.8672467251093013,3.6174797588709438,-168.11000098804243,3.107123552590285,6.4821672439575195,1.0,536.25,585.75,10.111584365822987,1591.0,0.0,1585.0,13.204731727108516
1781701469920855054,5.578211762,4.744657954275679,0.8672467251093013,3.6174797588709438,-168.11000098804243,3.107123552590285,6.4821672439575195,1.0,536.25,585.75,14.764454886465002,1591.0,0.0,1585.0,13.204731727108516
1781701469921195717,5.578552425,4.744657954275679,0.8672467251093013,3.6174797588709438,-168.11000098804243,3.107123552590285,6.4821672439575195,1.0,536.25,585.75,14.764454886465002,1591.0,0.0,1585.0,13.750634832883286
1781701469921359847,5.578716555,4.744657954275679,0.8672467251093013,3.6174797588709438,-168.11000098804243,3.107123552590285,6.4821672439575195,1.0,536.25,585.75,14.764454886465002,1591.0,0.0,1585.0,13.750634832883286
1781701469921467390,5.578824098,4.734938494077258,0.8672467251093013,3.6174797588709438,-168.11000098804243,3.107123552590285,6.4821672439575195,1.0,536.25,585.75,14.764454886465002,1591.0,0.0,1585.0,13.750634832883286
1781701469921544646,5.578901354,4.734938494077258,0.8672467251093013,3.893950984625537,-168.11000098804243,3.107123552590285,6.4821672439575195,1.0,536.25,585.75,14.764454886465002,1591.0,0.0,1585.0,13.750634832883286
1781701469921612795,5.578969503,4.734938494077258,1.0061697439589667,3.893950984625537,-168.11000098804243,3.107123552590285,6.4821672439575195,1.0,536.25,585.75,14.764454886465002,1591.0,0.0,1585.0,13.750634832883286
1781701469921694820,5.579051528,4.734938494077258,1.0061697439589667,3.893950984625537,-173.583959318015,3.107123552590285,6.4821672439575195,1.0,536.25,585.75,14.764454886465002,1591.0,0.0,1585.0,13.750634832883286
1781701470006511744,5.663868452,4.734938494077258,1.0061697439589667,3.893950984625537,-173.583959318015,3.107123552590285,6.4821672439575195,1.0,536.25,585.75,14.764454886465002,1591.0,0.0,1585.0,13.750634832883286
1781701470006553764,5.663910472,4.734938494077258,1.0061697439589667,3.893950984625537,-173.583959318015,3.107123552590285,6.4821672439575195,1.0,543.0,585.75,14.764454886465002,1591.0,0.0,1585.0,13.750634832883286
1781701470006559124,5.663915832,4.734938494077258,1.0061697439589667,3.893950984625537,-173.583959318015,-3.141592653589793,6.4821672439575195,1.0,543.0,585.75,14.764454886465002,1591.0,0.0,1585.0,13.750634832883286
1781701470006564764,5.663921472,4.734938494077258,1.0061697439589667,3.893950984625537,-173.583959318015,-3.141592653589793,-7.5,1.0,543.0,585.75,14.764454886465002,1591.0,0.0,1585.0,13.750634832883286
1781701470006568822,5.66392553,4.734938494077258,1.0061697439589667,3.893950984625537,-173.583959318015,-3.141592653589793,-7.5,1.0,543.0,585.75,14.764454886465002,1720.0,0.0,1585.0,13.750634832883286
1781701470006572078,5.663928786,4.734938494077258,1.0061697439589667,3.893950984625537,-173.583959318015,-3.141592653589793,-7.5,1.0,543.0,586.5,14.764454886465002,1720.0,0.0,1585.0,13.750634832883286
1781701470006582237,5.663938945,4.734938494077258,1.0061697439589667,3.893950984625537,-173.583959318015,-3.141592653589793,-7.5,1.0,543.0,586.5,14.764454886465002,1720.0,0.0,1585.0,13.750634832883286
1781701470006608287,5.663964995,4.734938494077258,1.0061697439589667,3.893950984625537,-173.583959318015,-3.141592653589793,-7.5,1.0,543.0,586.5,10.973632057511214,1720.0,0.0,1585.0,13.750634832883286
1781701470006632452,5.66398916,4.734938494077258,1.0061697439589667,3.893950984625537,-173.583959318015,-3.141592653589793,-7.5,1.0,543.0,586.5,10.973632057511214,1720.0,0.0,1585.0,12.778683861503062
1781701470006650817,5.664007525,4.734938494077258,1.0061697439589667,3.893950984625537,-173.583959318015,-3.141592653589793,-7.5,1.0,543.0,586.5,10.973632057511214,1720.0,0.0,1585.0,12.778683861503062
1781701470006730027,5.664086735,4.4804810882947566,1.0061697439589667,3.893950984625537,-173.583959318015,-3.141592653589793,-7.5,1.0,543.0,586.5,10.973632057511214,1720.0,0.0,1585.0,12.778683861503062
1781701470006743993,5.664100701,4.4804810882947566,1.0061697439589667,3.561458550521987,-173.583959318015,-3.141592653589793,-7.5,1.0,543.0,586.5,10.973632057511214,1720.0,0.0,1585.0,12.778683861503062
1781701470006764422,5.66412113,4.4804810882947566,0.8710953887015267,3.561458550521987,-173.583959318015,-3.141592653589793,-7.5,1.0,543.0,586.5,10.973632057511214,1720.0,0.0,1585.0,12.778683861503062
1781701470006803325,5.664160033,4.4804810882947566,0.8710953887015267,3.561458550521987,-161.70988816503652,-3.141592653589793,-7.5,1.0,543.0,586.5,10.973632057511214,1720.0,0.0,1585.0,12.778683861503062
1781701470113801274,5.771157982,4.4804810882947566,0.8710953887015267,3.561458550521987,-161.70988816503652,-3.141592653589793,-7.5,1.0,543.0,586.5,10.973632057511214,1720.0,0.0,1585.0,12.778683861503062
1781701470113860806,5.771217514,4.4804810882947566,0.8710953887015267,3.561458550521987,-161.70988816503652,-3.141592653589793,-7.5,1.0,543.0,586.5,10.973632057511214,1720.0,0.0,1585.0,12.778683861503062
1781701470113865936,5.771222644,4.4804810882947566,0.8710953887015267,3.561458550521987,-161.70988816503652,-3.141592653589793,-7.5,1.0,557.25,586.5,10.973632057511214,1720.0,0.0,1585.0,12.778683861503062
1781701470113870044,5.771226752,4.4804810882947566,0.8710953887015267,3.561458550521987,-161.70988816503652,-3.141592653589793,-7.5,1.0,557.25,586.5,10.973632057511214,1720.0,0.0,1585.0,12.778683861503062
1781701470113875364,5.771232072,4.4804810882947566,0.8710953887015267,3.561458550521987,-161.70988816503652,-3.141592653589793,-7.5,1.0,557.25,586.5,10.973632057511214,1720.0,0.0,1585.0,12.778683861503062
1781701470113879521,5.771236229,4.4804810882947566,0.8710953887015267,3.561458550521987,-161.70988816503652,-3.141592653589793,-7.5,1.0,557.25,586.5,10.973632057511214,1541.0,0.0,1585.0,12.778683861503062
1781701470113882738,5.771239446,4.4804810882947566,0.8710953887015267,3.561458550521987,-161.70988816503652,-3.141592653589793,-7.5,1.0,557.25,586.5,10.973632057511214,1541.0,0.0,1585.0,12.778683861503062
1781701470113892656,5.771249364,4.4804810882947566,0.8710953887015267,3.561458550521987,-161.70988816503652,-3.141592653589793,-7.5,1.0,557.25,586.5,10.973632057511214,1541.0,0.0,1585.0,14.649893527740598
1781701470113897135,5.771253843,4.4804810882947566,0.8710953887015267,3.561458550521987,-161.70988816503652,-3.141592653589793,-7.5,1.0,557.25,586.5,18.12499719361031,1541.0,0.0,1585.0,14.649893527740598
1781701470113911101,5.771267809,4.4804810882947566,0.8710953887015267,3.561458550521987,-161.70988816503652,-3.141592653589793,-7.5,1.0,557.25,586.5,18.12499719361031,1541.0,0.0,1585.0,14.649893527740598
1781701470114010769,5.771367477,3.7046880606067285,0.8710953887015267,3.561458550521987,-161.70988816503652,-3.141592653589793,-7.5,1.0,557.25,586.5,18.12499719361031,1541.0,0.0,1585.0,14.649893527740598
1781701470114026740,5.771383448,3.7046880606067285,0.8710953887015267,3.7917562050571223,-161.70988816503652,-3.141592653589793,-7.5,1.0,557.25,586.5,18.12499719361031,1541.0,0.0,1585.0,14.649893527740598
1781701470114063289,5.771419997,3.7046880606067285,1.105157924917297,3.7917562050571223,-161.70988816503652,-3.141592653589793,-7.5,1.0,557.25,586.5,18.12499719361031,1541.0,0.0,1585.0,14.649893527740598
1781701470114116148,5.771472856,3.7046880606067285,1.105157924917297,3.7917562050571223,-151.03404323819433,-3.141592653589793,-7.5,1.0,557.25,586.5,18.12499719361031,1541.0,0.0,1585.0,14.649893527740598
1781701470159332360,5.816689068,3.7046880606067285,1.105157924917297,3.7917562050571223,-151.03404323819433,-3.141592653589793,-7.5,1.0,561.0,586.5,18.12499719361031,1541.0,0.0,1585.0,14.649893527740598
1781701470159358790,5.816715498,3.7046880606067285,1.105157924917297,3.7917562050571223,-151.03404323819433,-3.141592653589793,-7.5,1.0,561.0,586.5,18.12499719361031,1541.0,0.0,1585.0,14.649893527740598
1781701470159391963,5.816748671,3.7046880606067285,1.105157924917297,3.7917562050571223,-151.03404323819433,3.070285188804503,-7.5,1.0,561.0,586.5,18.12499719361031,1541.0,0.0,1585.0,14.649893527740598
1781701470159397784,5.816754492,3.7046880606067285,1.105157924917297,3.7917562050571223,-151.03404323819433,3.070285188804503,22.69892120361328,1.0,561.0,586.5,18.12499719361031,1541.0,0.0,1585.0,14.649893527740598
1781701470159402372,5.81675908,3.7046880606067285,1.105157924917297,3.7917562050571223,-151.03404323819433,3.070285188804503,22.69892120361328,1.0,561.0,586.5,18.12499719361031,1150.0,0.0,1585.0,14.649893527740598
1781701470159406951,5.816763659,3.7046880606067285,1.105157924917297,3.7917562050571223,-151.03404323819433,3.070285188804503,22.69892120361328,1.0,561.0,588.0,18.12499719361031,1150.0,0.0,1585.0,14.649893527740598
1781701470159418633,5.816775341,3.7046880606067285,1.105157924917297,3.7917562050571223,-151.03404323819433,3.070285188804503,22.69892120361328,1.0,561.0,588.0,18.12499719361031,1150.0,0.0,1585.0,14.649893527740598
1781701470159459971,5.816816679,3.7046880606067285,1.105157924917297,3.7917562050571223,-151.03404323819433,3.070285188804503,22.69892120361328,1.0,561.0,588.0,11.904164158688479,1150.0,0.0,1585.0,14.649893527740598
1781701470159474959,5.816831667,3.7046880606067285,1.105157924917297,3.7917562050571223,-151.03404323819433,3.070285188804503,22.69892120361328,1.0,561.0,588.0,11.904164158688479,1150.0,0.0,1585.0,13.688888248572358
1781701470159514414,5.816871122,3.7046880606067285,1.105157924917297,3.7917562050571223,-151.03404323819433,3.070285188804503,22.69892120361328,1.0,561.0,588.0,11.904164158688479,1150.0,0.0,1585.0,13.688888248572358
1781701470159689775,5.817046483,3.816765508948926,1.105157924917297,3.7917562050571223,-151.03404323819433,3.070285188804503,22.69892120361328,1.0,561.0,588.0,11.904164158688479,1150.0,0.0,1585.0,13.688888248572358
1781701470159714642,5.81707135,3.816765508948926,1.105157924917297,3.6326112686922483,-151.03404323819433,3.070285188804503,22.69892120361328,1.0,561.0,588.0,11.904164158688479,1150.0,0.0,1585.0,13.688888248572358
1781701470159744218,5.817100926,3.816765508948926,0.9971537159347021,3.6326112686922483,-151.03404323819433,3.070285188804503,22.69892120361328,1.0,561.0,588.0,11.904164158688479,1150.0,0.0,1585.0,13.688888248572358
1781701470159866419,5.817223127,3.816765508948926,0.9971537159347021,3.6326112686922483,-149.98468926875788,3.070285188804503,22.69892120361328,1.0,561.0,588.0,11.904164158688479,1150.0,0.0,1585.0,13.688888248572358
1781701470248921540,5.906278248,3.816765508948926,0.9971537159347021,3.6326112686922483,-149.98468926875788,3.070285188804503,22.69892120361328,1.0,561.0,588.0,11.904164158688479,1150.0,0.0,1585.0,13.688888248572358
1781701470248961736,5.906318444,3.816765508948926,0.9971537159347021,3.6326112686922483,-149.98468926875788,3.070285188804503,22.69892120361328,1.0,571.5,588.0,11.904164158688479,1150.0,0.0,1585.0,13.688888248572358
1781701470248965403,5.906322111,3.816765508948926,0.9971537159347021,3.6326112686922483,-149.98468926875788,3.108271657711546,22.69892120361328,1.0,571.5,588.0,11.904164158688479,1150.0,0.0,1585.0,13.688888248572358
1781701470248969351,5.906326059,3.816765508948926,0.9971537159347021,3.6326112686922483,-149.98468926875788,3.108271657711546,7.815478324890137,1.0,571.5,588.0,11.904164158688479,1150.0,0.0,1585.0,13.688888248572358
1781701470248973669,5.906330377,3.816765508948926,0.9971537159347021,3.6326112686922483,-149.98468926875788,3.108271657711546,7.815478324890137,1.0,571.5,588.75,11.904164158688479,1150.0,0.0,1585.0,13.688888248572358
1781701470248981103,5.906337811,3.816765508948926,0.9971537159347021,3.6326112686922483,-149.98468926875788,3.108271657711546,7.815478324890137,1.0,571.5,588.75,11.904164158688479,1662.0,0.0,1585.0,13.688888248572358
1781701470249016590,5.906373298,3.816765508948926,0.9971537159347021,3.6326112686922483,-149.98468926875788,3.108271657711546,7.815478324890137,1.0,571.5,588.75,11.904164158688479,1662.0,0.0,1585.0,13.688888248572358
1781701470249026929,5.906383637,3.816765508948926,0.9971537159347021,3.6326112686922483,-149.98468926875788,3.108271657711546,7.815478324890137,1.0,571.5,588.75,18.210038353513173,1662.0,0.0,1585.0,13.688888248572358
1781701470249058689,5.906415397,3.816765508948926,0.9971537159347021,3.6326112686922483,-149.98468926875788,3.108271657711546,7.815478324890137,1.0,571.5,588.75,18.210038353513173,1662.0,0.0,1585.0,15.271290785301643
1781701470249073788,5.906430496,3.816765508948926,0.9971537159347021,3.6326112686922483,-149.98468926875788,3.108271657711546,7.815478324890137,1.0,571.5,588.75,18.210038353513173,1662.0,0.0,1585.0,15.271290785301643
1781701470249143840,5.906500548,3.2084344375234535,0.9971537159347021,3.6326112686922483,-149.98468926875788,3.108271657711546,7.815478324890137,1.0,571.5,588.75,18.210038353513173,1662.0,0.0,1585.0,15.271290785301643
1781701470249154791,5.906511499,3.2084344375234535,0.9971537159347021,3.7988234542680273,-149.98468926875788,3.108271657711546,7.815478324890137,1.0,571.5,588.75,18.210038353513173,1662.0,0.0,1585.0,15.271290785301643
1781701470249182513,5.906539221,3.2084344375234535,1.20090015017647,3.7988234542680273,-149.98468926875788,3.108271657711546,7.815478324890137,1.0,571.5,588.75,18.210038353513173,1662.0,0.0,1585.0,15.271290785301643
1781701470249220495,5.906577203,3.2084344375234535,1.20090015017647,3.7988234542680273,-141.34605798600626,3.108271657711546,7.815478324890137,1.0,571.5,588.75,18.210038353513173,1662.0,0.0,1585.0,15.271290785301643
1781701470286272223,5.943628931,3.2084344375234535,1.20090015017647,3.7988234542680273,-141.34605798600626,3.108271657711546,7.815478324890137,1.0,571.5,588.75,18.210038353513173,1662.0,0.0,1585.0,15.271290785301643
1781701470286315164,5.943671872,3.2084344375234535,1.20090015017647,3.7988234542680273,-141.34605798600626,3.108271657711546,7.815478324890137,1.0,574.5,588.75,18.210038353513173,1662.0,0.0,1585.0,15.271290785301643
1781701470286320704,5.943677412,3.2084344375234535,1.20090015017647,3.7988234542680273,-141.34605798600626,3.0750244898139694,7.815478324890137,1.0,574.5,588.75,18.210038353513173,1662.0,0.0,1585.0,15.271290785301643
1781701470286325213,5.943681921,3.2084344375234535,1.20090015017647,3.7988234542680273,-141.34605798600626,3.0750244898139694,19.895471572875977,1.0,574.5,588.75,18.210038353513173,1662.0,0.0,1585.0,15.271290785301643
1781701470286328108,5.943684816,3.2084344375234535,1.20090015017647,3.7988234542680273,-141.34605798600626,3.0750244898139694,19.895471572875977,1.0,574.5,588.0,18.210038353513173,1662.0,0.0,1585.0,15.271290785301643
1781701470286343658,5.943700366,3.2084344375234535,1.20090015017647,3.7988234542680273,-141.34605798600626,3.0750244898139694,19.895471572875977,1.0,574.5,588.0,18.210038353513173,1155.0,0.0,1585.0,15.271290785301643
1781701470286377391,5.943734099,3.2084344375234535,1.20090015017647,3.7988234542680273,-141.34605798600626,3.0750244898139694,19.895471572875977,1.0,574.5,588.0,18.210038353513173,1155.0,0.0,1585.0,15.271290785301643
1781701470286400455,5.943757163,3.2084344375234535,1.20090015017647,3.7988234542680273,-141.34605798600626,3.0750244898139694,19.895471572875977,1.0,574.5,588.0,9.176510558262116,1155.0,0.0,1585.0,15.271290785301643
1781701470286423338,5.943780046,3.2084344375234535,1.20090015017647,3.7988234542680273,-141.34605798600626,3.0750244898139694,19.895471572875977,1.0,574.5,588.0,9.176510558262116,1155.0,0.0,1585.0,13.138117705837807
1781701470286441763,5.943798471,3.2084344375234535,1.20090015017647,3.7988234542680273,-141.34605798600626,3.0750244898139694,19.895471572875977,1.0,574.5,588.0,9.176510558262116,1155.0,0.0,1585.0,13.138117705837807
1781701470286532785,5.943889493,2.9225956877092454,1.20090015017647,3.7988234542680273,-141.34605798600626,3.0750244898139694,19.895471572875977,1.0,574.5,588.0,9.176510558262116,1155.0,0.0,1585.0,13.138117705837807
1781701470286555888,5.943912596,2.9225956877092454,1.20090015017647,3.134631040461167,-141.34605798600626,3.0750244898139694,19.895471572875977,1.0,574.5,588.0,9.176510558262116,1155.0,0.0,1585.0,13.138117705837807
1781701470286578301,5.943935009,2.9225956877092454,0.8585202209668614,3.134631040461167,-141.34605798600626,3.0750244898139694,19.895471572875977,1.0,574.5,588.0,9.176510558262116,1155.0,0.0,1585.0,13.138117705837807
1781701470286622264,5.943978972,2.9225956877092454,0.8585202209668614,3.134631040461167,-122.00305334544683,3.0750244898139694,19.895471572875977,1.0,574.5,588.0,9.176510558262116,1155.0,0.0,1585.0,13.138117705837807
1781701470326930584,5.984287292,2.9225956877092454,0.8585202209668614,3.134631040461167,-122.00305334544683,3.0750244898139694,19.895471572875977,1.0,574.5,588.0,9.176510558262116,1155.0,0.0,1585.0,13.138117705837807
1781701470326990006,5.984346714,2.9225956877092454,0.8585202209668614,3.134631040461167,-122.00305334544683,3.0750244898139694,19.895471572875977,1.0,578.25,588.0,9.176510558262116,1155.0,0.0,1585.0,13.138117705837807
1781701470326996979,5.984353687,2.9225956877092454,0.8585202209668614,3.134631040461167,-122.00305334544683,3.107123552590285,19.895471572875977,1.0,578.25,588.0,9.176510558262116,1155.0,0.0,1585.0,13.138117705837807
1781701470327003561,5.984360269,2.9225956877092454,0.8585202209668614,3.134631040461167,-122.00305334544683,3.107123552590285,6.533859729766846,1.0,578.25,588.0,9.176510558262116,1155.0,0.0,1585.0,13.138117705837807
1781701470327009583,5.984366291,2.9225956877092454,0.8585202209668614,3.134631040461167,-122.00305334544683,3.107123552590285,6.533859729766846,1.0,578.25,588.0,9.176510558262116,1825.0,0.0,1585.0,13.138117705837807
1781701470327014422,5.98437113,2.9225956877092454,0.8585202209668614,3.134631040461167,-122.00305334544683,3.107123552590285,6.533859729766846,1.0,578.25,587.25,9.176510558262116,1825.0,0.0,1585.0,13.138117705837807
1781701470327024050,5.984380758,2.9225956877092454,0.8585202209668614,3.134631040461167,-122.00305334544683,3.107123552590285,6.533859729766846,1.0,578.25,587.25,9.176510558262116,1825.0,0.0,1585.0,13.138117705837807
1781701470327028519,5.984385227,2.9225956877092454,0.8585202209668614,3.134631040461167,-122.00305334544683,3.107123552590285,6.533859729766846,1.0,578.25,587.25,12.79364448990412,1825.0,0.0,1585.0,13.138117705837807
1781701470327041012,5.98439772,2.9225956877092454,0.8585202209668614,3.134631040461167,-122.00305334544683,3.107123552590285,6.533859729766846,1.0,578.25,587.25,12.79364448990412,1825.0,0.0,1585.0,13.017552080261016
1781701470327078884,5.984435592,2.9225956877092454,0.8585202209668614,3.134631040461167,-122.00305334544683,3.107123552590285,6.533859729766846,1.0,578.25,587.25,12.79364448990412,1825.0,0.0,1585.0,13.017552080261016
1781701470327155288,5.984511996,3.171432964351541,0.8585202209668614,3.134631040461167,-122.00305334544683,3.107123552590285,6.533859729766846,1.0,578.25,587.25,12.79364448990412,1825.0,0.0,1585.0,13.017552080261016
1781701470327182049,5.984538757,3.171432964351541,0.8585202209668614,3.2819503713097564,-122.00305334544683,3.107123552590285,6.533859729766846,1.0,578.25,587.25,12.79364448990412,1825.0,0.0,1585.0,13.017552080261016
1781701470327209581,5.984566289,3.171432964351541,0.9018939259674122,3.2819503713097564,-122.00305334544683,3.107123552590285,6.533859729766846,1.0,578.25,587.25,12.79364448990412,1825.0,0.0,1585.0,13.017552080261016
1781701470327255197,5.984611905,3.171432964351541,0.9018939259674122,3.2819503713097564,-129.96956063919333,3.107123552590285,6.533859729766846,1.0,578.25,587.25,12.79364448990412,1825.0,0.0,1585.0,13.017552080261016
1781701470375085056,6.032441764,3.171432964351541,0.9018939259674122,3.2819503713097564,-129.96956063919333,3.107123552590285,6.533859729766846,1.0,578.25,587.25,12.79364448990412,1825.0,0.0,1585.0,13.017552080261016
1781701470375179775,6.032536483,3.171432964351541,0.9018939259674122,3.2819503713097564,-129.96956063919333,3.107123552590285,6.533859729766846,1.0,578.25,587.25,12.79364448990412,1825.0,0.0,1585.0,13.017552080261016
1781701470375188321,6.032545029,3.171432964351541,0.9018939259674122,3.2819503713097564,-129.96956063919333,3.107123552590285,6.533859729766846,1.0,578.25,587.25,12.79364448990412,1825.0,0.0,1585.0,11.42168070839516
1781701470375193491,6.032550199,3.171432964351541,0.9018939259674122,3.2819503713097564,-129.96956063919333,3.107123552590285,6.533859729766846,1.0,581.25,587.25,12.79364448990412,1825.0,0.0,1585.0,11.42168070839516
1781701470375198050,6.032554758,3.171432964351541,0.9018939259674122,3.2819503713097564,-129.96956063919333,-3.141592653589793,6.533859729766846,1.0,581.25,587.25,12.79364448990412,1825.0,0.0,1585.0,11.42168070839516
1781701470375202819,6.032559527,3.171432964351541,0.9018939259674122,3.2819503713097564,-129.96956063919333,-3.141592653589793,6.533859729766846,1.0,581.25,587.25,8.457919589215713,1825.0,0.0,1585.0,11.42168070839516
1781701470375208279,6.032564987,3.171432964351541,0.9018939259674122,3.2819503713097564,-129.96956063919333,-3.141592653589793,-7.5,1.0,581.25,587.25,8.457919589215713,1825.0,0.0,1585.0,11.42168070839516
1781701470375212587,6.032569295,3.171432964351541,0.9018939259674122,3.2819503713097564,-129.96956063919333,-3.141592653589793,-7.5,1.0,581.25,587.25,8.457919589215713,1850.0,0.0,1585.0,11.42168070839516
1781701470375218779,6.032575487,3.171432964351541,0.9018939259674122,3.2819503713097564,-129.96956063919333,-3.141592653589793,-7.5,1.0,581.25,586.5,8.457919589215713,1850.0,0.0,1585.0,11.42168070839516
1781701470375224860,6.032581568,3.171432964351541,0.9018939259674122,3.2819503713097564,-129.96956063919333,-3.141592653589793,-7.5,1.0,581.25,586.5,8.457919589215713,1850.0,0.0,1585.0,11.42168070839516
1781701470375240460,6.032597168,2.86931844668955,0.9018939259674122,3.2819503713097564,-129.96956063919333,-3.141592653589793,-7.5,1.0,581.25,586.5,8.457919589215713,1850.0,0.0,1585.0,11.42168070839516
1781701470375254386,6.032611094,2.86931844668955,0.9018939259674122,2.7598669264414775,-129.96956063919333,-3.141592653589793,-7.5,1.0,581.25,586.5,8.457919589215713,1850.0,0.0,1585.0,11.42168070839516
1781701470375276608,6.032633316,2.86931844668955,0.6717620048413162,2.7598669264414775,-129.96956063919333,-3.141592653589793,-7.5,1.0,581.25,586.5,8.457919589215713,1850.0,0.0,1585.0,11.42168070839516
1781701470375406704,6.032763412,2.86931844668955,0.6717620048413162,2.7598669264414775,-113.255469467462,-3.141592653589793,-7.5,1.0,581.25,586.5,8.457919589215713,1850.0,0.0,1585.0,11.42168070839516
1781701470413075006,6.070431714,2.86931844668955,0.6717620048413162,2.7598669264414775,-113.255469467462,-3.141592653589793,-7.5,1.0,581.25,586.5,8.457919589215713,1850.0,0.0,1585.0,11.42168070839516
1781701470413115473,6.070472181,2.86931844668955,0.6717620048413162,2.7598669264414775,-113.255469467462,-3.141592653589793,-7.5,1.0,584.25,586.5,8.457919589215713,1850.0,0.0,1585.0,11.42168070839516
1781701470413119590,6.070476298,2.86931844668955,0.6717620048413162,2.7598669264414775,-113.255469467462,-3.141592653589793,-7.5,1.0,584.25,586.5,8.457919589215713,1850.0,0.0,1585.0,11.42168070839516
1781701470413122185,6.070478893,2.86931844668955,0.6717620048413162,2.7598669264414775,-113.255469467462,-3.141592653589793,-7.5,1.0,584.25,586.5,8.457919589215713,1850.0,0.0,1585.0,11.42168070839516
1781701470413125181,6.070481889,2.86931844668955,0.6717620048413162,2.7598669264414775,-113.255469467462,-3.141592653589793,-7.5,1.0,584.25,586.5,8.457919589215713,1541.0,0.0,1585.0,11.42168070839516
1781701470413128126,6.070484834,2.86931844668955,0.6717620048413162,2.7598669264414775,-113.255469467462,-3.141592653589793,-7.5,1.0,584.25,586.5,8.457919589215713,1541.0,0.0,1585.0,11.42168070839516
1781701470413133787,6.070490495,2.86931844668955,0.6717620048413162,2.7598669264414775,-113.255469467462,-3.141592653589793,-7.5,1.0,584.25,586.5,8.457919589215713,1541.0,0.0,1585.0,11.42168070839516
1781701470413149747,6.070506455,2.86931844668955,0.6717620048413162,2.7598669264414775,-113.255469467462,-3.141592653589793,-7.5,1.0,584.25,586.5,10.944610621170536,1541.0,0.0,1585.0,11.42168070839516
1781701470413169284,6.070525992,2.86931844668955,0.6717620048413162,2.7598669264414775,-113.255469467462,-3.141592653589793,-7.5,1.0,584.25,586.5,10.944610621170536,1541.0,0.0,1585.0,11.254706177866542
1781701470413174975,6.070531683,2.86931844668955,0.6717620048413162,2.7598669264414775,-113.255469467462,-3.141592653589793,-7.5,1.0,584.25,586.5,10.944610621170536,1541.0,0.0,1585.0,11.254706177866542
1781701470413239687,6.070596395,2.7689324767858867,0.6717620048413162,2.7598669264414775,-113.255469467462,-3.141592653589793,-7.5,1.0,584.25,586.5,10.944610621170536,1541.0,0.0,1585.0,11.254706177866542
1781701470413253573,6.070610281,2.7689324767858867,0.6717620048413162,2.6953355423964576,-113.255469467462,-3.141592653589793,-7.5,1.0,584.25,586.5,10.944610621170536,1541.0,0.0,1585.0,11.254706177866542
1781701470413277459,6.070634167,2.7689324767858867,0.6522644794481641,2.6953355423964576,-113.255469467462,-3.141592653589793,-7.5,1.0,584.25,586.5,10.944610621170536,1541.0,0.0,1585.0,11.254706177866542
1781701470413314759,6.070671467,2.7689324767858867,0.6522644794481641,2.6953355423964576,-109.93762486309507,-3.141592653589793,-7.5,1.0,584.25,586.5,10.944610621170536,1541.0,0.0,1585.0,11.254706177866542
1781701470461477938,6.118834646,2.7689324767858867,0.6522644794481641,2.6953355423964576,-109.93762486309507,-3.141592653589793,-7.5,1.0,584.25,586.5,10.944610621170536,1541.0,0.0,1585.0,11.254706177866542
1781701470461528714,6.118885422,2.7689324767858867,0.6522644794481641,2.6953355423964576,-109.93762486309507,-3.141592653589793,-7.5,1.0,584.25,586.5,10.944610621170536,1541.0,0.0,1585.0,11.254706177866542
1781701470461532792,6.1188895,2.7689324767858867,0.6522644794481641,2.6953355423964576,-109.93762486309507,-3.141592653589793,-7.5,1.0,587.25,586.5,10.944610621170536,1541.0,0.0,1585.0,11.254706177866542
1781701470461536008,6.118892716,2.7689324767858867,0.6522644794481641,2.6953355423964576,-109.93762486309507,3.107123552590285,-7.5,1.0,587.25,586.5,10.944610621170536,1541.0,0.0,1585.0,11.254706177866542
1781701470461538913,6.118895621,2.7689324767858867,0.6522644794481641,2.6953355423964576,-109.93762486309507,3.107123552590285,-7.5,1.0,587.25,586.5,8.438819670509105,1541.0,0.0,1585.0,11.254706177866542
1781701470461541258,6.118897966,2.7689324767858867,0.6522644794481641,2.6953355423964576,-109.93762486309507,3.107123552590285,6.223700046539307,1.0,587.25,586.5,8.438819670509105,1541.0,0.0,1585.0,11.254706177866542
1781701470461545055,6.118901763,2.7689324767858867,0.6522644794481641,2.6953355423964576,-109.93762486309507,3.107123552590285,6.223700046539307,1.0,587.25,586.5,8.438819670509105,1160.0,0.0,1585.0,11.254706177866542
1781701470461547189,6.118903897,2.7689324767858867,0.6522644794481641,2.6953355423964576,-109.93762486309507,3.107123552590285,6.223700046539307,1.0,587.25,587.25,8.438819670509105,1160.0,0.0,1585.0,11.254706177866542
1781701470461554012,6.11891072,2.7689324767858867,0.6522644794481641,2.6953355423964576,-109.93762486309507,3.107123552590285,6.223700046539307,1.0,587.25,587.25,8.438819670509105,1160.0,0.0,1585.0,10.269145900291438
1781701470461577827,6.118934535,2.7689324767858867,0.6522644794481641,2.6953355423964576,-109.93762486309507,3.107123552590285,6.223700046539307,1.0,587.25,587.25,8.438819670509105,1160.0,0.0,1585.0,10.269145900291438
1781701470461654351,6.119011059,2.8597939812506423,0.6522644794481641,2.6953355423964576,-109.93762486309507,3.107123552590285,6.223700046539307,1.0,587.25,587.25,8.438819670509105,1160.0,0.0,1585.0,10.269145900291438
1781701470461678417,6.119035125,2.8597939812506423,0.6522644794481641,2.520565808159196,-109.93762486309507,3.107123552590285,6.223700046539307,1.0,587.25,587.25,8.438819670509105,1160.0,0.0,1585.0,10.269145900291438
1781701470461701490,6.119058198,2.8597939812506423,0.5612617715688055,2.520565808159196,-109.93762486309507,3.107123552590285,6.223700046539307,1.0,587.25,587.25,8.438819670509105,1160.0,0.0,1585.0,10.269145900291438
1781701470461768427,6.119125135,2.8597939812506423,0.5612617715688055,2.520565808159196,-108.16845755976547,3.107123552590285,6.223700046539307,1.0,587.25,587.25,8.438819670509105,1160.0,0.0,1585.0,10.269145900291438
1781701470483829925,6.141186633,2.8597939812506423,0.5612617715688055,2.520565808159196,-108.16845755976547,3.107123552590285,6.223700046539307,0.0,587.25,587.25,8.438819670509105,1160.0,0.0,1585.0,10.269145900291438
1781701470484353895,6.141710603,2.8597939812506423,0.5612617715688055,2.520565808159196,-108.16845755976547,3.107123552590285,6.223700046539307,0.0,587.25,587.25,8.438819670509105,1160.0,0.0,1500.0,10.269145900291438
1781701470484365717,6.141722425,2.8597939812506423,0.5612617715688055,2.520565808159196,-108.16845755976547,3.107123552590285,6.223700046539307,0.0,587.25,587.25,8.438819670509105,1160.0,0.0,1500.0,0.0
1781701470484369554,6.141726262,0.0,0.5612617715688055,2.520565808159196,-108.16845755976547,3.107123552590285,6.223700046539307,0.0,587.25,587.25,8.438819670509105,1160.0,0.0,1500.0,0.0
1781701470484374814,6.141731522,0.0,0.5612617715688055,0.0,-108.16845755976547,3.107123552590285,6.223700046539307,0.0,587.25,587.25,8.438819670509105,1160.0,0.0,1500.0,0.0
1781701470484378812,6.14173552,0.0,0.0,0.0,-108.16845755976547,3.107123552590285,6.223700046539307,0.0,587.25,587.25,8.438819670509105,1160.0,0.0,1500.0,0.0
1781701470484385044,6.141741752,0.0,0.0,0.0,-108.16845755976547,3.107123552590285,6.223700046539307,0.0,587.25,587.25,0.0,1160.0,0.0,1500.0,0.0
1781701470484390384,6.141747092,0.0,0.0,0.0,0.0,3.107123552590285,6.223700046539307,0.0,587.25,587.25,0.0,1160.0,0.0,1500.0,0.0
1781701470484395624,6.141752332,0.0,0.0,0.0,0.0,3.107123552590285,6.223700046539307,0.0,587.25,587.25,0.0,1500.0,0.0,1500.0,0.0
1781701470484401244,6.141757952,0.0,0.0,0.0,0.0,3.107123552590285,6.223700046539307,0.0,587.25,587.25,0.0,1500.0,0.0,1500.0,0.0
1781701470540861688,6.198218396,0.0,0.0,0.0,0.0,3.107123552590285,6.223700046539307,1.0,587.25,587.25,0.0,1500.0,0.0,1500.0,0.0
1781701470540902656,6.198259364,0.0,0.0,0.0,0.0,3.107123552590285,6.223700046539307,1.0,597.0,587.25,0.0,1500.0,0.0,1500.0,0.0
1781701470540907184,6.198263892,0.0,0.0,0.0,0.0,3.107123552590285,-4.5,1.0,597.0,587.25,0.0,1500.0,0.0,1500.0,0.0
1781701470540910681,6.198267389,0.0,0.0,0.0,0.0,3.107123552590285,-4.5,1.0,597.0,589.5,0.0,1500.0,0.0,1500.0,0.0
1781701470540919187,6.198275895,0.0,0.0,0.0,0.0,-3.141592653589793,-4.5,1.0,597.0,589.5,0.0,1500.0,0.0,1500.0,0.0
1781701470540944655,6.198301363,0.0,0.0,0.0,0.0,-3.141592653589793,-4.5,1.0,597.0,589.5,0.0,1526.0,0.0,1500.0,0.0
1781701470540973970,6.198330678,0.0,0.0,0.0,0.0,-3.141592653589793,-4.5,1.0,597.0,589.5,0.0,1526.0,0.0,1585.0,0.0
1781701470540995631,6.198352339,0.0,0.0,0.0,0.0,-3.141592653589793,-4.5,1.0,597.0,589.5,0.0,1526.0,0.0,1585.0,0.0
1781701470541019106,6.198375814,0.0,0.0,0.0,0.0,-3.141592653589793,-4.5,1.0,597.0,589.5,0.0,1526.0,0.0,1585.0,0.0
1781701470541060905,6.198417613,0.0,0.0,0.0,0.0,-3.141592653589793,-4.5,1.0,597.0,589.5,0.0,1526.0,0.0,1585.0,0.0
1781701470541147358,6.198504066,2.5375120960773563,0.0,0.0,0.0,-3.141592653589793,-4.5,1.0,597.0,589.5,0.0,1526.0,0.0,1585.0,0.0
1781701470541173828,6.198530536,2.5375120960773563,0.0,0.0,0.0,-3.141592653589793,-4.5,1.0,597.0,589.5,0.0,1526.0,0.0,1585.0,0.0
1781701470541200138,6.198556846,2.5375120960773563,0.0,0.0,0.0,-3.141592653589793,-4.5,1.0,597.0,589.5,0.0,1526.0,0.0,1585.0,0.0
1781701470541251294,6.198608002,2.5375120960773563,0.0,0.0,-50.75024192154713,-3.141592653589793,-4.5,1.0,597.0,589.5,0.0,1526.0,0.0,1585.0,0.0
1781701470589926741,6.247283449,2.5375120960773563,0.0,0.0,-50.75024192154713,-3.141592653589793,-4.5,1.0,603.0,589.5,0.0,1526.0,0.0,1585.0,0.0
1781701470589965344,6.247322052,2.5375120960773563,0.0,0.0,-50.75024192154713,-3.141592653589793,-4.5,1.0,603.0,589.5,0.0,1526.0,0.0,1585.0,0.0
1781701470589996012,6.24735272,2.5375120960773563,0.0,0.0,-50.75024192154713,-3.141592653589793,-4.5,1.0,603.0,589.5,0.0,1526.0,0.0,1585.0,0.0
1781701470590000550,6.247357258,2.5375120960773563,0.0,0.0,-50.75024192154713,-3.108271657711546,-4.5,1.0,603.0,589.5,0.0,1526.0,0.0,1585.0,0.0
1781701470590005329,6.247362037,2.5375120960773563,0.0,0.0,-50.75024192154713,-3.108271657711546,-4.5,1.0,603.0,589.5,19.943724393393907,1526.0,0.0,1585.0,0.0
1781701470590009567,6.247366275,2.5375120960773563,0.0,0.0,-50.75024192154713,-3.108271657711546,-17.260231018066406,1.0,603.0,589.5,19.943724393393907,1526.0,0.0,1585.0,0.0
1781701470590014727,6.247371435,2.5375120960773563,0.0,0.0,-50.75024192154713,-3.108271657711546,-17.260231018066406,1.0,603.0,589.5,19.943724393393907,1850.0,0.0,1585.0,0.0
1781701470590018655,6.247375363,2.5375120960773563,0.0,0.0,-50.75024192154713,-3.108271657711546,-17.260231018066406,1.0,603.0,588.75,19.943724393393907,1850.0,0.0,1585.0,0.0
1781701470590029655,6.247386363,2.5375120960773563,0.0,0.0,-50.75024192154713,-3.108271657711546,-17.260231018066406,1.0,603.0,588.75,19.943724393393907,1850.0,0.0,1585.0,6.0169303201837465
1781701470590040296,6.247397004,2.5375120960773563,0.0,0.0,-50.75024192154713,-3.108271657711546,-17.260231018066406,1.0,603.0,588.75,19.943724393393907,1850.0,0.0,1585.0,6.0169303201837465
1781701470590137850,6.247494558,2.155763851112609,0.0,0.0,-50.75024192154713,-3.108271657711546,-17.260231018066406,1.0,603.0,588.75,19.943724393393907,1850.0,0.0,1585.0,6.0169303201837465
1781701470590153069,6.247509777,2.155763851112609,0.0,1.3577378449439594,-50.75024192154713,-3.108271657711546,-17.260231018066406,1.0,603.0,588.75,19.943724393393907,1850.0,0.0,1585.0,6.0169303201837465
1781701470590158038,6.247514746,2.155763851112609,0.18599070809011733,1.3577378449439594,-50.75024192154713,-3.108271657711546,-17.260231018066406,1.0,603.0,588.75,19.943724393393907,1850.0,0.0,1585.0,6.0169303201837465
1781701470590214344,6.247571052,2.155763851112609,0.18599070809011733,1.3577378449439594,-70.45602462922163,-3.108271657711546,-17.260231018066406,1.0,603.0,588.75,19.943724393393907,1850.0,0.0,1585.0,6.0169303201837465
1781701470633311252,6.29066796,2.155763851112609,0.18599070809011733,1.3577378449439594,-70.45602462922163,-3.108271657711546,-17.260231018066406,1.0,606.0,588.75,19.943724393393907,1850.0,0.0,1585.0,6.0169303201837465
1781701470633333454,6.290690162,2.155763851112609,0.18599070809011733,1.3577378449439594,-70.45602462922163,-3.108271657711546,-17.260231018066406,1.0,606.0,588.75,19.943724393393907,1850.0,0.0,1585.0,6.0169303201837465
1781701470633338814,6.290695522,2.155763851112609,0.18599070809011733,1.3577378449439594,-70.45602462922163,-3.108271657711546,-17.260231018066406,1.0,606.0,588.75,19.943724393393907,1850.0,0.0,1585.0,6.0169303201837465
1781701470633358702,6.29071541,2.155763851112609,0.18599070809011733,1.3577378449439594,-70.45602462922163,-3.108271657711546,-17.160287857055664,1.0,606.0,588.75,19.943724393393907,1850.0,0.0,1585.0,6.0169303201837465
1781701470633381134,6.290737842,2.155763851112609,0.18599070809011733,1.3577378449439594,-70.45602462922163,-3.108271657711546,-17.160287857055664,1.0,606.0,588.75,19.943724393393907,1850.0,0.0,1585.0,6.0169303201837465
1781701470633423374,6.290780082,2.155763851112609,0.18599070809011733,1.3577378449439594,-70.45602462922163,-3.108271657711546,-17.160287857055664,1.0,606.0,588.75,19.943724393393907,1586.0,0.0,1585.0,6.0169303201837465
1781701470633445656,6.290802364,2.155763851112609,0.18599070809011733,1.3577378449439594,-70.45602462922163,-3.108271657711546,-17.160287857055664,1.0,606.0,588.75,19.943724393393907,1586.0,0.0,1585.0,6.0169303201837465
1781701470633477406,6.290834114,2.155763851112609,0.18599070809011733,1.3577378449439594,-70.45602462922163,-3.108271657711546,-17.160287857055664,1.0,606.0,588.75,9.998734093930443,1586.0,0.0,1585.0,6.0169303201837465
1781701470633483377,6.290840085,2.155763851112609,0.18599070809011733,1.3577378449439594,-70.45602462922163,-3.108271657711546,-17.160287857055664,1.0,606.0,588.75,9.998734093930443,1586.0,0.0,1585.0,7.410561640995089
1781701470633499057,6.290855765,2.155763851112609,0.18599070809011733,1.3577378449439594,-70.45602462922163,-3.108271657711546,-17.160287857055664,1.0,606.0,588.75,9.998734093930443,1586.0,0.0,1585.0,7.410561640995089
1781701470633616890,6.290973598,2.061993989711139,0.18599070809011733,1.3577378449439594,-70.45602462922163,-3.108271657711546,-17.160287857055664,1.0,606.0,588.75,9.998734093930443,1586.0,0.0,1585.0,7.410561640995089
1781701470633625877,6.290982585,2.061993989711139,0.18599070809011733,1.6563189571477084,-70.45602462922163,-3.108271657711546,-17.160287857055664,1.0,606.0,588.75,9.998734093930443,1586.0,0.0,1585.0,7.410561640995089
1781701470633648339,6.291005047,2.061993989711139,0.28212627304891746,1.6563189571477084,-70.45602462922163,-3.108271657711546,-17.160287857055664,1.0,606.0,588.75,9.998734093930443,1586.0,0.0,1585.0,7.410561640995089
1781701470633677264,6.291033972,2.061993989711139,0.28212627304891746,1.6563189571477084,-74.64838521022585,-3.108271657711546,-17.160287857055664,1.0,606.0,588.75,9.998734093930443,1586.0,0.0,1585.0,7.410561640995089
1781701470674572813,6.331929521,2.061993989711139,0.28212627304891746,1.6563189571477084,-74.64838521022585,-3.108271657711546,-17.160287857055664,1.0,606.0,588.75,9.998734093930443,1586.0,0.0,1585.0,7.410561640995089
1781701470674643026,6.331999734,2.061993989711139,0.28212627304891746,1.6563189571477084,-74.64838521022585,-3.108271657711546,-17.160287857055664,1.0,606.0,588.75,9.998734093930443,1586.0,0.0,1585.0,7.410561640995089
1781701470674651071,6.332007779,2.061993989711139,0.28212627304891746,1.6563189571477084,-74.64838521022585,-3.108271657711546,-17.160287857055664,1.0,609.75,588.75,9.998734093930443,1586.0,0.0,1585.0,7.410561640995089
1781701470674656160,6.332012868,2.061993989711139,0.28212627304891746,1.6563189571477084,-74.64838521022585,-3.107123552590285,-17.160287857055664,1.0,609.75,588.75,9.998734093930443,1586.0,0.0,1585.0,7.410561640995089
1781701470674664145,6.332020853,2.061993989711139,0.28212627304891746,1.6563189571477084,-74.64838521022585,-3.107123552590285,-17.160287857055664,1.0,609.75,588.75,12.012833152243843,1586.0,0.0,1585.0,7.410561640995089
1781701470674670197,6.332026905,2.061993989711139,0.28212627304891746,1.6563189571477084,-74.64838521022585,-3.107123552590285,-17.44116973876953,1.0,609.75,588.75,12.012833152243843,1586.0,0.0,1585.0,7.410561640995089
1781701470674674415,6.332031123,2.061993989711139,0.28212627304891746,1.6563189571477084,-74.64838521022585,-3.107123552590285,-17.44116973876953,1.0,609.75,588.75,12.012833152243843,1597.0,0.0,1585.0,7.410561640995089
1781701470674678402,6.33203511,2.061993989711139,0.28212627304891746,1.6563189571477084,-74.64838521022585,-3.107123552590285,-17.44116973876953,1.0,609.75,588.75,12.012833152243843,1597.0,0.0,1585.0,7.410561640995089
1781701470674693932,6.33205064,2.061993989711139,0.28212627304891746,1.6563189571477084,-74.64838521022585,-3.107123552590285,-17.44116973876953,1.0,609.75,588.75,12.012833152243843,1597.0,0.0,1585.0,9.021356669932153
1781701470674699242,6.33205595,2.061993989711139,0.28212627304891746,1.6563189571477084,-74.64838521022585,-3.107123552590285,-17.44116973876953,1.0,609.75,588.75,12.012833152243843,1597.0,0.0,1585.0,9.021356669932153
1781701470674806795,6.332163503,2.116831355163484,0.28212627304891746,1.6563189571477084,-74.64838521022585,-3.107123552590285,-17.44116973876953,1.0,609.75,588.75,12.012833152243843,1597.0,0.0,1585.0,9.021356669932153
1781701470674822465,6.332179173,2.116831355163484,0.28212627304891746,2.063764557595455,-74.64838521022585,-3.107123552590285,-17.44116973876953,1.0,609.75,588.75,12.012833152243843,1597.0,0.0,1585.0,9.021356669932153
1781701470674837934,6.332194642,2.116831355163484,0.4331167617447601,2.063764557595455,-74.64838521022585,-3.107123552590285,-17.44116973876953,1.0,609.75,588.75,12.012833152243843,1597.0,0.0,1585.0,9.021356669932153
1781701470674898578,6.332255286,2.116831355163484,0.4331167617447601,2.063764557595455,-84.04503501692355,-3.107123552590285,-17.44116973876953,1.0,609.75,588.75,12.012833152243843,1597.0,0.0,1585.0,9.021356669932153
1781701470704189234,6.361545942,2.116831355163484,0.4331167617447601,2.063764557595455,-84.04503501692355,-3.107123552590285,-17.44116973876953,1.0,609.75,588.75,12.012833152243843,1597.0,0.0,1585.0,9.021356669932153
1781701470704239919,6.361596627,2.116831355163484,0.4331167617447601,2.063764557595455,-84.04503501692355,-3.107123552590285,-17.44116973876953,1.0,612.75,588.75,12.012833152243843,1597.0,0.0,1585.0,9.021356669932153
1781701470704246372,6.36160308,2.116831355163484,0.4331167617447601,2.063764557595455,-84.04503501692355,-3.141592653589793,-17.44116973876953,1.0,612.75,588.75,12.012833152243843,1597.0,0.0,1585.0,9.021356669932153
1781701470704251772,6.36160848,2.116831355163484,0.4331167617447601,2.063764557595455,-84.04503501692355,-3.141592653589793,-7.5,1.0,612.75,588.75,12.012833152243843,1597.0,0.0,1585.0,9.021356669932153
1781701470704256391,6.361613099,2.116831355163484,0.4331167617447601,2.063764557595455,-84.04503501692355,-3.141592653589793,-7.5,1.0,612.75,588.75,12.012833152243843,1191.0,0.0,1585.0,9.021356669932153
1781701470704260919,6.361617627,2.116831355163484,0.4331167617447601,2.063764557595455,-84.04503501692355,-3.141592653589793,-7.5,1.0,612.75,586.5,12.012833152243843,1191.0,0.0,1585.0,9.021356669932153
1781701470704279023,6.361635731,2.116831355163484,0.4331167617447601,2.063764557595455,-84.04503501692355,-3.141592653589793,-7.5,1.0,612.75,586.5,12.012833152243843,1191.0,0.0,1585.0,9.021356669932153
1781701470704309741,6.361666449,2.116831355163484,0.4331167617447601,2.063764557595455,-84.04503501692355,-3.141592653589793,-7.5,1.0,612.75,586.5,13.362455016050314,1191.0,0.0,1585.0,9.021356669932153
1781701470704344477,6.361701185,2.116831355163484,0.4331167617447601,2.063764557595455,-84.04503501692355,-3.141592653589793,-7.5,1.0,612.75,586.5,13.362455016050314,1191.0,0.0,1585.0,10.54074109107351
1781701470704372881,6.361729589,2.116831355163484,0.4331167617447601,2.063764557595455,-84.04503501692355,-3.141592653589793,-7.5,1.0,612.75,586.5,13.362455016050314,1191.0,0.0,1585.0,10.54074109107351
1781701470704460747,6.361817455,1.8599895822165822,0.4331167617447601,2.063764557595455,-84.04503501692355,-3.141592653589793,-7.5,1.0,612.75,586.5,13.362455016050314,1191.0,0.0,1585.0,10.54074109107351
1781701470704473811,6.361830519,1.8599895822165822,0.4331167617447601,2.3091721954465214,-84.04503501692355,-3.141592653589793,-7.5,1.0,612.75,586.5,13.362455016050314,1191.0,0.0,1585.0,10.54074109107351
1781701470704505651,6.361862359,1.8599895822165822,0.57213392156209,2.3091721954465214,-84.04503501692355,-3.141592653589793,-7.5,1.0,612.75,586.5,13.362455016050314,1191.0,0.0,1585.0,10.54074109107351
1781701470704554864,6.361911572,1.8599895822165822,0.57213392156209,2.3091721954465214,-83.95536947482407,-3.141592653589793,-7.5,1.0,612.75,586.5,13.362455016050314,1191.0,0.0,1585.0,10.54074109107351
1781701470759932232,6.41728894,1.8599895822165822,0.57213392156209,2.3091721954465214,-83.95536947482407,-3.141592653589793,-7.5,1.0,612.75,586.5,13.362455016050314,1191.0,0.0,1585.0,10.54074109107351
1781701470759974502,6.41733121,1.8599895822165822,0.57213392156209,2.3091721954465214,-83.95536947482407,-3.141592653589793,-7.5,1.0,621.0,586.5,13.362455016050314,1191.0,0.0,1585.0,10.54074109107351
1781701470759979452,6.41733616,1.8599895822165822,0.57213392156209,2.3091721954465214,-83.95536947482407,-3.141592653589793,-7.5,1.0,621.0,586.5,13.362455016050314,1191.0,0.0,1585.0,10.54074109107351
1781701470759983068,6.417339776,1.8599895822165822,0.57213392156209,2.3091721954465214,-83.95536947482407,-3.141592653589793,-4.5,1.0,621.0,586.5,13.362455016050314,1191.0,0.0,1585.0,10.54074109107351
1781701470759986254,6.417342962,1.8599895822165822,0.57213392156209,2.3091721954465214,-83.95536947482407,-3.141592653589793,-4.5,1.0,621.0,586.5,13.362455016050314,1463.0,0.0,1585.0,10.54074109107351
1781701470759988729,6.417345437,1.8599895822165822,0.57213392156209,2.3091721954465214,-83.95536947482407,-3.141592653589793,-4.5,1.0,621.0,589.5,13.362455016050314,1463.0,0.0,1585.0,10.54074109107351
1781701470759996364,6.417353072,1.8599895822165822,0.57213392156209,2.3091721954465214,-83.95536947482407,-3.141592653589793,-4.5,1.0,621.0,589.5,13.362455016050314,1463.0,0.0,1585.0,10.54074109107351
1781701470759999359,6.417356067,1.8599895822165822,0.57213392156209,2.3091721954465214,-83.95536947482407,-3.141592653589793,-4.5,1.0,621.0,589.5,21.728038978535178,1463.0,0.0,1585.0,10.54074109107351
1781701470760018746,6.417375454,1.8599895822165822,0.57213392156209,2.3091721954465214,-83.95536947482407,-3.141592653589793,-4.5,1.0,621.0,589.5,21.728038978535178,1463.0,0.0,1585.0,14.456295351685092
1781701470760028344,6.417385052,1.8599895822165822,0.57213392156209,2.3091721954465214,-83.95536947482407,-3.141592653589793,-4.5,1.0,621.0,589.5,21.728038978535178,1463.0,0.0,1585.0,14.456295351685092
1781701470760088397,6.417445105,1.7705814989285473,0.57213392156209,2.3091721954465214,-83.95536947482407,-3.141592653589793,-4.5,1.0,621.0,589.5,21.728038978535178,1463.0,0.0,1585.0,14.456295351685092
1781701470760094669,6.417451377,1.7705814989285473,0.57213392156209,3.1923056781999737,-83.95536947482407,-3.141592653589793,-4.5,1.0,621.0,589.5,21.728038978535178,1463.0,0.0,1585.0,14.456295351685092
1781701470760109648,6.417466356,1.7705814989285473,1.1148270242481062,3.1923056781999737,-83.95536947482407,-3.141592653589793,-4.5,1.0,621.0,589.5,21.728038978535178,1463.0,0.0,1585.0,14.456295351685092
1781701470760137300,6.417494008,1.7705814989285473,1.1148270242481062,3.1923056781999737,-100.37257056681851,-3.141592653589793,-4.5,1.0,621.0,589.5,21.728038978535178,1463.0,0.0,1585.0,14.456295351685092
1781701470804206044,6.461562752,1.7705814989285473,1.1148270242481062,3.1923056781999737,-100.37257056681851,-3.141592653589793,-4.5,1.0,621.0,589.5,21.728038978535178,1463.0,0.0,1585.0,14.456295351685092
1781701470804261158,6.461617866,1.7705814989285473,1.1148270242481062,3.1923056781999737,-100.37257056681851,-3.141592653589793,-4.5,1.0,621.0,589.5,21.728038978535178,1463.0,0.0,1585.0,14.456295351685092
1781701470804269003,6.461625711,1.7705814989285473,1.1148270242481062,3.1923056781999737,-100.37257056681851,-3.141592653589793,-4.5,1.0,625.5,589.5,21.728038978535178,1463.0,0.0,1585.0,14.456295351685092
1781701470804272930,6.461629638,1.7705814989285473,1.1148270242481062,3.1923056781999737,-100.37257056681851,3.108271657711546,-4.5,1.0,625.5,589.5,21.728038978535178,1463.0,0.0,1585.0,14.456295351685092
1781701470804277839,6.461634547,1.7705814989285473,1.1148270242481062,3.1923056781999737,-100.37257056681851,3.108271657711546,-4.5,1.0,625.5,589.5,13.48271631401693,1463.0,0.0,1585.0,14.456295351685092
1781701470804280294,6.461637002,1.7705814989285473,1.1148270242481062,3.1923056781999737,-100.37257056681851,3.108271657711546,7.5156450271606445,1.0,625.5,589.5,13.48271631401693,1463.0,0.0,1585.0,14.456295351685092
1781701470804283821,6.461640529,1.7705814989285473,1.1148270242481062,3.1923056781999737,-100.37257056681851,3.108271657711546,7.5156450271606445,1.0,625.5,589.5,13.48271631401693,1183.0,0.0,1585.0,14.456295351685092
1781701470804287237,6.461643945,1.7705814989285473,1.1148270242481062,3.1923056781999737,-100.37257056681851,3.108271657711546,7.5156450271606445,1.0,625.5,590.25,13.48271631401693,1183.0,0.0,1585.0,14.456295351685092
1781701470804294661,6.461651369,1.7705814989285473,1.1148270242481062,3.1923056781999737,-100.37257056681851,3.108271657711546,7.5156450271606445,1.0,625.5,590.25,13.48271631401693,1183.0,0.0,1585.0,14.115542688501236
1781701470804297266,6.461653974,1.7705814989285473,1.1148270242481062,3.1923056781999737,-100.37257056681851,3.108271657711546,7.5156450271606445,1.0,625.5,590.25,13.48271631401693,1183.0,0.0,1585.0,14.115542688501236
1781701470804351418,6.461708126,1.4843132838246245,1.1148270242481062,3.1923056781999737,-100.37257056681851,3.108271657711546,7.5156450271606445,1.0,625.5,590.25,13.48271631401693,1183.0,0.0,1585.0,14.115542688501236
1781701470804368490,6.461725198,1.4843132838246245,1.1148270242481062,2.9650422803538286,-100.37257056681851,3.108271657711546,7.5156450271606445,1.0,625.5,590.25,13.48271631401693,1183.0,0.0,1585.0,14.115542688501236
1781701470804381355,6.461738063,1.4843132838246245,1.0260098995089937,2.9650422803538286,-100.37257056681851,3.108271657711546,7.5156450271606445,1.0,625.5,590.25,13.48271631401693,1183.0,0.0,1585.0,14.115542688501236
1781701470804413035,6.461769743,1.4843132838246245,1.0260098995089937,2.9650422803538286,-90.01311885372948,3.108271657711546,7.5156450271606445,1.0,625.5,590.25,13.48271631401693,1183.0,0.0,1585.0,14.115542688501236
1781701470837890890,6.495247598,1.4843132838246245,1.0260098995089937,2.9650422803538286,-90.01311885372948,3.108271657711546,7.5156450271606445,1.0,625.5,590.25,13.48271631401693,1183.0,0.0,1585.0,14.115542688501236
1781701470837931637,6.495288345,1.4843132838246245,1.0260098995089937,2.9650422803538286,-90.01311885372948,3.108271657711546,7.5156450271606445,1.0,629.25,590.25,13.48271631401693,1183.0,0.0,1585.0,14.115542688501236
1781701470837935024,6.495291732,1.4843132838246245,1.0260098995089937,2.9650422803538286,-90.01311885372948,-3.141592653589793,7.5156450271606445,1.0,629.25,590.25,13.48271631401693,1183.0,0.0,1585.0,14.115542688501236
1781701470837939232,6.49529594,1.4843132838246245,1.0260098995089937,2.9650422803538286,-90.01311885372948,-3.141592653589793,-4.5,1.0,629.25,590.25,13.48271631401693,1183.0,0.0,1585.0,14.115542688501236
1781701470837942869,6.495299577,1.4843132838246245,1.0260098995089937,2.9650422803538286,-90.01311885372948,-3.141592653589793,-4.5,1.0,629.25,590.25,13.48271631401693,1807.0,0.0,1585.0,14.115542688501236
1781701470837945483,6.495302191,1.4843132838246245,1.0260098995089937,2.9650422803538286,-90.01311885372948,-3.141592653589793,-4.5,1.0,629.25,589.5,13.48271631401693,1807.0,0.0,1585.0,14.115542688501236
1781701470837952908,6.495309616,1.4843132838246245,1.0260098995089937,2.9650422803538286,-90.01311885372948,-3.141592653589793,-4.5,1.0,629.25,589.5,13.48271631401693,1807.0,0.0,1585.0,14.115542688501236
1781701470837959400,6.495316108,1.4843132838246245,1.0260098995089937,2.9650422803538286,-90.01311885372948,-3.141592653589793,-4.5,1.0,629.25,589.5,17.57231385233101,1807.0,0.0,1585.0,14.115542688501236
1781701470837984096,6.495340804,1.4843132838246245,1.0260098995089937,2.9650422803538286,-90.01311885372948,-3.141592653589793,-4.5,1.0,629.25,589.5,17.57231385233101,1807.0,0.0,1585.0,15.325412595841657
1781701470837991130,6.495347838,1.4843132838246245,1.0260098995089937,2.9650422803538286,-90.01311885372948,-3.141592653589793,-4.5,1.0,629.25,589.5,17.57231385233101,1807.0,0.0,1585.0,15.325412595841657
1781701470838055311,6.495412019,1.3707491105238585,1.0260098995089937,2.9650422803538286,-90.01311885372948,-3.141592653589793,-4.5,1.0,629.25,589.5,17.57231385233101,1807.0,0.0,1585.0,15.325412595841657
1781701470838062134,6.495418842,1.3707491105238585,1.0260098995089937,3.1762297492480576,-90.01311885372948,-3.141592653589793,-4.5,1.0,629.25,589.5,17.57231385233101,1807.0,0.0,1585.0,15.325412595841657
1781701470838084456,6.495441164,1.3707491105238585,1.209439120749128,3.1762297492480576,-90.01311885372948,-3.141592653589793,-4.5,1.0,629.25,589.5,17.57231385233101,1807.0,0.0,1585.0,15.325412595841657
1781701470838107209,6.495463917,1.3707491105238585,1.209439120749128,3.1762297492480576,-92.14900446529649,-3.141592653589793,-4.5,1.0,629.25,589.5,17.57231385233101,1807.0,0.0,1585.0,15.325412595841657
1781701470886196448,6.543553156,1.3707491105238585,1.209439120749128,3.1762297492480576,-92.14900446529649,-3.141592653589793,-4.5,1.0,629.25,589.5,17.57231385233101,1807.0,0.0,1585.0,15.325412595841657
1781701470886254889,6.543611597,1.3707491105238585,1.209439120749128,3.1762297492480576,-92.14900446529649,-3.141592653589793,-4.5,1.0,629.25,589.5,17.57231385233101,1807.0,0.0,1585.0,15.325412595841657
1781701470886260880,6.543617588,1.3707491105238585,1.209439120749128,3.1762297492480576,-92.14900446529649,-3.141592653589793,-4.5,1.0,633.75,589.5,17.57231385233101,1807.0,0.0,1585.0,15.325412595841657
1781701470886264447,6.543621155,1.3707491105238585,1.209439120749128,3.1762297492480576,-92.14900446529649,-3.141592653589793,-4.5,1.0,633.75,589.5,17.57231385233101,1807.0,0.0,1585.0,15.325412595841657
1781701470886270288,6.543626996,1.3707491105238585,1.209439120749128,3.1762297492480576,-92.14900446529649,-3.141592653589793,-4.5,1.0,633.75,589.5,12.259598065142509,1807.0,0.0,1585.0,15.325412595841657
1781701470886273474,6.543630182,1.3707491105238585,1.209439120749128,3.1762297492480576,-92.14900446529649,-3.141592653589793,-4.5,1.0,633.75,589.5,12.259598065142509,1807.0,0.0,1585.0,15.325412595841657
1781701470886278052,6.54363476,1.3707491105238585,1.209439120749128,3.1762297492480576,-92.14900446529649,-3.141592653589793,-4.5,1.0,633.75,589.5,12.259598065142509,1526.0,0.0,1585.0,15.325412595841657
1781701470886280427,6.543637135,1.3707491105238585,1.209439120749128,3.1762297492480576,-92.14900446529649,-3.141592653589793,-4.5,1.0,633.75,589.5,12.259598065142509,1526.0,0.0,1585.0,15.325412595841657
1781701470886287070,6.543643778,1.3707491105238585,1.209439120749128,3.1762297492480576,-92.14900446529649,-3.141592653589793,-4.5,1.0,633.75,589.5,12.259598065142509,1526.0,0.0,1585.0,14.252377510096956
1781701470886289464,6.543646172,1.3707491105238585,1.209439120749128,3.1762297492480576,-92.14900446529649,-3.141592653589793,-4.5,1.0,633.75,589.5,12.259598065142509,1526.0,0.0,1585.0,14.252377510096956
1781701470886350830,6.543707538,1.2420276614466124,1.209439120749128,3.1762297492480576,-92.14900446529649,-3.141592653589793,-4.5,1.0,633.75,589.5,12.259598065142509,1526.0,0.0,1585.0,14.252377510096956
1781701470886359326,6.543716034,1.2420276614466124,1.209439120749128,2.907901279041595,-92.14900446529649,-3.141592653589793,-4.5,1.0,633.75,589.5,12.259598065142509,1526.0,0.0,1585.0,14.252377510096956
1781701470886380917,6.543737625,1.2420276614466124,1.0459960392286596,2.907901279041595,-92.14900446529649,-3.141592653589793,-4.5,1.0,633.75,589.5,12.259598065142509,1526.0,0.0,1585.0,14.252377510096956
1781701470886411384,6.543768092,1.2420276614466124,1.0459960392286596,2.907901279041595,-84.04457484899282,-3.141592653589793,-4.5,1.0,633.75,589.5,12.259598065142509,1526.0,0.0,1585.0,14.252377510096956
1781701470920288204,6.577644912,1.2420276614466124,1.0459960392286596,2.907901279041595,-84.04457484899282,-3.141592653589793,-4.5,1.0,633.75,589.5,12.259598065142509,1526.0,0.0,1585.0,14.252377510096956
1781701470920324993,6.577681701,1.2420276614466124,1.0459960392286596,2.907901279041595,-84.04457484899282,-3.141592653589793,-4.5,1.0,639.75,589.5,12.259598065142509,1526.0,0.0,1585.0,14.252377510096956
1781701470920328420,6.577685128,1.2420276614466124,1.0459960392286596,2.907901279041595,-84.04457484899282,-3.141592653589793,-4.5,1.0,639.75,589.5,12.259598065142509,1526.0,0.0,1585.0,14.252377510096956
1781701470920331526,6.577688234,1.2420276614466124,1.0459960392286596,2.907901279041595,-84.04457484899282,-3.141592653589793,-4.5,1.0,639.75,589.5,12.259598065142509,1526.0,0.0,1585.0,14.252377510096956
1781701470920333529,6.577690237,1.2420276614466124,1.0459960392286596,2.907901279041595,-84.04457484899282,-3.141592653589793,-4.5,1.0,639.75,589.5,12.259598065142509,1526.0,0.0,1585.0,14.252377510096956
1781701470920336014,6.577692722,1.2420276614466124,1.0459960392286596,2.907901279041595,-84.04457484899282,-3.141592653589793,-4.5,1.0,639.75,589.5,12.259598065142509,1526.0,0.0,1585.0,14.252377510096956
1781701470920341575,6.577698283,1.2420276614466124,1.0459960392286596,2.907901279041595,-84.04457484899282,-3.141592653589793,-4.5,1.0,639.75,589.5,12.259598065142509,1526.0,0.0,1585.0,14.252377510096956
1781701470920349510,6.577706218,1.2420276614466124,1.0459960392286596,2.907901279041595,-84.04457484899282,-3.141592653589793,-4.5,1.0,639.75,589.5,23.103288234765273,1526.0,0.0,1585.0,14.252377510096956
1781701470920368245,6.577724953,1.2420276614466124,1.0459960392286596,2.907901279041595,-84.04457484899282,-3.141592653589793,-4.5,1.0,639.75,589.5,23.103288234765273,1526.0,0.0,1585.0,17.350196263730865
1781701470920381861,6.577738569,1.2420276614466124,1.0459960392286596,2.907901279041595,-84.04457484899282,-3.141592653589793,-4.5,1.0,639.75,589.5,23.103288234765273,1526.0,0.0,1585.0,17.350196263730865
1781701470920435362,6.57779207,1.073537576327162,1.0459960392286596,2.907901279041595,-84.04457484899282,-3.141592653589793,-4.5,1.0,639.75,589.5,23.103288234765273,1526.0,0.0,1585.0,17.350196263730865
1781701470920449378,6.577806086,1.073537576327162,1.0459960392286596,3.4653809140641805,-84.04457484899282,-3.141592653589793,-4.5,1.0,639.75,589.5,23.103288234765273,1526.0,0.0,1585.0,17.350196263730865
1781701470920462894,6.577819602,1.073537576327162,1.5501159654357697,3.4653809140641805,-84.04457484899282,-3.141592653589793,-4.5,1.0,639.75,589.5,23.103288234765273,1526.0,0.0,1585.0,17.350196263730865
1781701470920490446,6.577847154,1.073537576327162,1.5501159654357697,3.4653809140641805,-92.32848577326263,-3.141592653589793,-4.5,1.0,639.75,589.5,23.103288234765273,1526.0,0.0,1585.0,17.350196263730865
1781701471009996409,6.667353117,1.073537576327162,1.5501159654357697,3.4653809140641805,-92.32848577326263,-3.141592653589793,-4.5,1.0,639.75,589.5,23.103288234765273,1526.0,0.0,1585.0,17.350196263730865
1781701471010046604,6.667403312,1.073537576327162,1.5501159654357697,3.4653809140641805,-92.32848577326263,-3.141592653589793,-4.5,1.0,645.0,589.5,23.103288234765273,1526.0,0.0,1585.0,17.350196263730865
1781701471010051593,6.667408301,1.073537576327162,1.5501159654357697,3.4653809140641805,-92.32848577326263,3.070285188804503,-4.5,1.0,645.0,589.5,23.103288234765273,1526.0,0.0,1585.0,17.350196263730865
1781701471010054940,6.667411648,1.073537576327162,1.5501159654357697,3.4653809140641805,-92.32848577326263,3.070285188804503,19.706544876098633,1.0,645.0,589.5,23.103288234765273,1526.0,0.0,1585.0,17.350196263730865
1781701471010057775,6.667414483,1.073537576327162,1.5501159654357697,3.4653809140641805,-92.32848577326263,3.070285188804503,19.706544876098633,1.0,645.0,589.5,23.103288234765273,1283.0,0.0,1585.0,17.350196263730865
1781701471010060510,6.667417218,1.073537576327162,1.5501159654357697,3.4653809140641805,-92.32848577326263,3.070285188804503,19.706544876098633,1.0,645.0,591.0,23.103288234765273,1283.0,0.0,1585.0,17.350196263730865
1781701471010078554,6.667435262,1.073537576327162,1.5501159654357697,3.4653809140641805,-92.32848577326263,3.070285188804503,19.706544876098633,1.0,645.0,591.0,23.103288234765273,1283.0,0.0,1585.0,17.350196263730865
1781701471010106046,6.667462754,1.073537576327162,1.5501159654357697,3.4653809140641805,-92.32848577326263,3.070285188804503,19.706544876098633,1.0,645.0,591.0,8.769737430488174,1283.0,0.0,1585.0,17.350196263730865
1781701471010139289,6.667495997,1.073537576327162,1.5501159654357697,3.4653809140641805,-92.32848577326263,3.070285188804503,19.706544876098633,1.0,645.0,591.0,8.769737430488174,1283.0,0.0,1585.0,14.347035672095924
1781701471010163475,6.667520183,1.073537576327162,1.5501159654357697,3.4653809140641805,-92.32848577326263,3.070285188804503,19.706544876098633,1.0,645.0,591.0,8.769737430488174,1283.0,0.0,1585.0,14.347035672095924
1781701471010265056,6.667621764,1.0732795303155993,1.5501159654357697,3.4653809140641805,-92.32848577326263,3.070285188804503,19.706544876098633,1.0,645.0,591.0,8.769737430488174,1283.0,0.0,1585.0,14.347035672095924
1781701471010293370,6.667650078,1.0732795303155993,1.5501159654357697,2.9129261494219083,-92.32848577326263,3.070285188804503,19.706544876098633,1.0,645.0,591.0,8.769737430488174,1283.0,0.0,1585.0,14.347035672095924
1781701471010318317,6.667675025,1.0732795303155993,1.09537026284465,2.9129261494219083,-92.32848577326263,3.070285188804503,19.706544876098633,1.0,645.0,591.0,8.769737430488174,1283.0,0.0,1585.0,14.347035672095924
1781701471010362400,6.667719108,1.0732795303155993,1.09537026284465,2.9129261494219083,-80.8194565316043,3.070285188804503,19.706544876098633,1.0,645.0,591.0,8.769737430488174,1283.0,0.0,1585.0,14.347035672095924
1781701471057535770,6.714892478,1.0732795303155993,1.09537026284465,2.9129261494219083,-80.8194565316043,3.070285188804503,19.706544876098633,1.0,645.0,591.0,8.769737430488174,1283.0,0.0,1585.0,14.347035672095924
1781701471057586365,6.714943073,1.0732795303155993,1.09537026284465,2.9129261494219083,-80.8194565316043,3.070285188804503,19.706544876098633,1.0,646.5,591.0,8.769737430488174,1283.0,0.0,1585.0,14.347035672095924
1781701471057591876,6.714948584,1.0732795303155993,1.09537026284465,2.9129261494219083,-80.8194565316043,3.108271657711546,19.706544876098633,1.0,646.5,591.0,8.769737430488174,1283.0,0.0,1585.0,14.347035672095924
1781701471057597256,6.714953964,1.0732795303155993,1.09537026284465,2.9129261494219083,-80.8194565316043,3.108271657711546,8.315200805664062,1.0,646.5,591.0,8.769737430488174,1283.0,0.0,1585.0,14.347035672095924
1781701471057602867,6.714959575,1.0732795303155993,1.09537026284465,2.9129261494219083,-80.8194565316043,3.108271657711546,8.315200805664062,1.0,646.5,591.0,8.769737430488174,1681.0,0.0,1585.0,14.347035672095924
1781701471057607145,6.714963853,1.0732795303155993,1.09537026284465,2.9129261494219083,-80.8194565316043,3.108271657711546,8.315200805664062,1.0,646.5,591.75,8.769737430488174,1681.0,0.0,1585.0,14.347035672095924
1781701471057617905,6.714974613,1.0732795303155993,1.09537026284465,2.9129261494219083,-80.8194565316043,3.108271657711546,8.315200805664062,1.0,646.5,591.75,8.769737430488174,1681.0,0.0,1585.0,14.347035672095924
1781701471057644135,6.715000843,1.0732795303155993,1.09537026284465,2.9129261494219083,-80.8194565316043,3.108271657711546,8.315200805664062,1.0,646.5,591.75,3.758409341973274,1681.0,0.0,1585.0,14.347035672095924
1781701471057669713,6.715026421,1.0732795303155993,1.09537026284465,2.9129261494219083,-80.8194565316043,3.108271657711546,8.315200805664062,1.0,646.5,591.75,3.758409341973274,1681.0,0.0,1585.0,10.641016456552995
1781701471057706021,6.715062729,1.0732795303155993,1.09537026284465,2.9129261494219083,-80.8194565316043,3.108271657711546,8.315200805664062,1.0,646.5,591.75,3.758409341973274,1681.0,0.0,1585.0,10.641016456552995
1781701471057796202,6.71515291,0.8923717462428398,1.09537026284465,2.9129261494219083,-80.8194565316043,3.108271657711546,8.315200805664062,1.0,646.5,591.75,3.758409341973274,1681.0,0.0,1585.0,10.641016456552995
1781701471057810128,6.715166836,0.8923717462428398,1.09537026284465,2.0750498049740465,-80.8194565316043,3.108271657711546,8.315200805664062,1.0,646.5,591.75,3.758409341973274,1681.0,0.0,1585.0,10.641016456552995
1781701471057834845,6.715191553,0.8923717462428398,0.5830712600247194,2.0750498049740465,-80.8194565316043,3.108271657711546,8.315200805664062,1.0,646.5,591.75,3.758409341973274,1681.0,0.0,1585.0,10.641016456552995
1781701471057889458,6.715246166,0.8923717462428398,0.5830712600247194,2.0750498049740465,-59.93150228436242,3.108271657711546,8.315200805664062,1.0,646.5,591.75,3.758409341973274,1681.0,0.0,1585.0,10.641016456552995
1781701471099244335,6.756601043,0.8923717462428398,0.5830712600247194,2.0750498049740465,-59.93150228436242,3.108271657711546,8.315200805664062,1.0,649.5,591.75,3.758409341973274,1681.0,0.0,1585.0,10.641016456552995
1781701471099272789,6.756629497,0.8923717462428398,0.5830712600247194,2.0750498049740465,-59.93150228436242,3.108271657711546,8.315200805664062,1.0,649.5,591.75,3.758409341973274,1681.0,0.0,1585.0,10.641016456552995
1781701471099280654,6.756637362,0.8923717462428398,0.5830712600247194,2.0750498049740465,-59.93150228436242,3.108271657711546,8.315200805664062,1.0,649.5,591.75,3.758409341973274,1681.0,0.0,1585.0,10.641016456552995
1781701471099308306,6.756665014,0.8923717462428398,0.5830712600247194,2.0750498049740465,-59.93150228436242,3.108271657711546,8.315200805664062,1.0,649.5,591.75,3.758409341973274,1681.0,0.0,1585.0,10.641016456552995
1781701471099314287,6.756670995,0.8923717462428398,0.5830712600247194,2.0750498049740465,-59.93150228436242,3.108271657711546,8.215255737304688,1.0,649.5,591.75,3.758409341973274,1681.0,0.0,1585.0,10.641016456552995
1781701471099318165,6.756674873,0.8923717462428398,0.5830712600247194,2.0750498049740465,-59.93150228436242,3.108271657711546,8.215255737304688,1.0,649.5,591.75,3.758409341973274,1459.0,0.0,1585.0,10.641016456552995
1781701471099328875,6.756685583,0.8923717462428398,0.5830712600247194,2.0750498049740465,-59.93150228436242,3.108271657711546,8.215255737304688,1.0,649.5,591.75,3.758409341973274,1459.0,0.0,1585.0,10.641016456552995
1781701471099344645,6.756701353,0.8923717462428398,0.5830712600247194,2.0750498049740465,-59.93150228436242,3.108271657711546,8.215255737304688,1.0,649.5,591.75,11.26462858253004,1459.0,0.0,1585.0,10.641016456552995
1781701471099385051,6.756741759,0.8923717462428398,0.5830712600247194,2.0750498049740465,-59.93150228436242,3.108271657711546,8.215255737304688,1.0,649.5,591.75,11.26462858253004,1459.0,0.0,1585.0,10.85928070064496
1781701471099399498,6.756756206,0.8923717462428398,0.5830712600247194,2.0750498049740465,-59.93150228436242,3.108271657711546,8.215255737304688,1.0,649.5,591.75,11.26462858253004,1459.0,0.0,1585.0,10.85928070064496
1781701471099488196,6.756844904,0.8113995276026986,0.5830712600247194,2.0750498049740465,-59.93150228436242,3.108271657711546,8.215255737304688,1.0,649.5,591.75,11.26462858253004,1459.0,0.0,1585.0,10.85928070064496
1781701471099501701,6.756858409,0.8113995276026986,0.5830712600247194,2.0942644872801153,-59.93150228436242,3.108271657711546,8.215255737304688,1.0,649.5,591.75,11.26462858253004,1459.0,0.0,1585.0,10.85928070064496
1781701471099518774,6.756875482,0.8113995276026986,0.6072360187733445,2.0942644872801153,-59.93150228436242,3.108271657711546,8.215255737304688,1.0,649.5,591.75,11.26462858253004,1459.0,0.0,1585.0,10.85928070064496
1781701471099573246,6.756929954,0.8113995276026986,0.6072360187733445,2.0942644872801153,-58.7205163164296,3.108271657711546,8.215255737304688,1.0,649.5,591.75,11.26462858253004,1459.0,0.0,1585.0,10.85928070064496
1781701471140661049,6.798017757,0.8113995276026986,0.6072360187733445,2.0942644872801153,-58.7205163164296,3.108271657711546,8.215255737304688,1.0,652.5,591.75,11.26462858253004,1459.0,0.0,1585.0,10.85928070064496
1781701471140698049,6.798054757,0.8113995276026986,0.6072360187733445,2.0942644872801153,-58.7205163164296,3.108271657711546,8.215255737304688,1.0,652.5,591.75,11.26462858253004,1459.0,0.0,1585.0,10.85928070064496
1781701471140736141,6.798092849,0.8113995276026986,0.6072360187733445,2.0942644872801153,-58.7205163164296,3.108271657711546,8.215255737304688,1.0,652.5,591.75,11.26462858253004,1459.0,0.0,1585.0,10.85928070064496
1781701471140743505,6.798100213,0.8113995276026986,0.6072360187733445,2.0942644872801153,-58.7205163164296,3.108271657711546,8.215255737304688,1.0,652.5,591.75,11.26462858253004,1459.0,0.0,1585.0,10.46660630823117
1781701471140751249,6.798107957,0.8113995276026986,0.6072360187733445,2.0942644872801153,-58.7205163164296,-3.141592653589793,8.215255737304688,1.0,652.5,591.75,11.26462858253004,1459.0,0.0,1585.0,10.46660630823117
1781701471140766779,6.798123487,0.8113995276026986,0.6072360187733445,2.0942644872801153,-58.7205163164296,-3.141592653589793,8.215255737304688,1.0,652.5,591.75,9.737353865176992,1459.0,0.0,1585.0,10.46660630823117
1781701471140775355,6.798132063,0.8113995276026986,0.6072360187733445,2.0942644872801153,-58.7205163164296,-3.141592653589793,-3.0,1.0,652.5,591.75,9.737353865176992,1459.0,0.0,1585.0,10.46660630823117
1781701471140779202,6.79813591,0.8113995276026986,0.6072360187733445,2.0942644872801153,-58.7205163164296,-3.141592653589793,-3.0,1.0,652.5,591.75,9.737353865176992,1806.0,0.0,1585.0,10.46660630823117
1781701471140787478,6.798144186,0.8113995276026986,0.6072360187733445,2.0942644872801153,-58.7205163164296,-3.141592653589793,-3.0,1.0,652.5,591.0,9.737353865176992,1806.0,0.0,1585.0,10.46660630823117
1781701471140795603,6.798152311,0.8113995276026986,0.6072360187733445,2.0942644872801153,-58.7205163164296,-3.141592653589793,-3.0,1.0,652.5,591.0,9.737353865176992,1806.0,0.0,1585.0,10.46660630823117
1781701471140825359,6.798182067,0.8542097111576559,0.6072360187733445,2.0942644872801153,-58.7205163164296,-3.141592653589793,-3.0,1.0,652.5,591.0,9.737353865176992,1806.0,0.0,1585.0,10.46660630823117
1781701471140831772,6.79818848,0.8542097111576559,0.6072360187733445,2.066637719763287,-58.7205163164296,-3.141592653589793,-3.0,1.0,652.5,591.0,9.737353865176992,1806.0,0.0,1585.0,10.46660630823117
1781701471140843884,6.798200592,0.8542097111576559,0.584393316522994,2.066637719763287,-58.7205163164296,-3.141592653589793,-3.0,1.0,652.5,591.0,9.737353865176992,1806.0,0.0,1585.0,10.46660630823117
1781701471140872048,6.798228756,0.8542097111576559,0.584393316522994,2.066637719763287,-59.00134193494192,-3.141592653589793,-3.0,1.0,652.5,591.0,9.737353865176992,1806.0,0.0,1585.0,10.46660630823117
1781701471175516908,6.832873616,0.8542097111576559,0.584393316522994,2.066637719763287,-59.00134193494192,-3.141592653589793,-3.0,1.0,655.5,591.0,9.737353865176992,1806.0,0.0,1585.0,10.46660630823117
1781701471175545041,6.832901749,0.8542097111576559,0.584393316522994,2.066637719763287,-59.00134193494192,-3.141592653589793,-3.0,1.0,655.5,591.0,9.737353865176992,1806.0,0.0,1585.0,10.46660630823117
1781701471175575930,6.832932638,0.8542097111576559,0.584393316522994,2.066637719763287,-59.00134193494192,3.108271657711546,-3.0,1.0,655.5,591.0,9.737353865176992,1806.0,0.0,1585.0,10.46660630823117
1781701471175582342,6.83293905,0.8542097111576559,0.584393316522994,2.066637719763287,-59.00134193494192,3.108271657711546,8.01536750793457,1.0,655.5,591.0,9.737353865176992,1806.0,0.0,1585.0,10.46660630823117
1781701471175587932,6.83294464,0.8542097111576559,0.584393316522994,2.066637719763287,-59.00134193494192,3.108271657711546,8.01536750793457,1.0,655.5,591.0,9.737353865176992,1185.0,0.0,1585.0,10.46660630823117
1781701471175592541,6.832949249,0.8542097111576559,0.584393316522994,2.066637719763287,-59.00134193494192,3.108271657711546,8.01536750793457,1.0,655.5,591.75,9.737353865176992,1185.0,0.0,1585.0,10.46660630823117
1781701471175603131,6.832959839,0.8542097111576559,0.584393316522994,2.066637719763287,-59.00134193494192,3.108271657711546,8.01536750793457,1.0,655.5,591.75,9.737353865176992,1185.0,0.0,1585.0,10.46660630823117
1781701471175631294,6.832988002,0.8542097111576559,0.584393316522994,2.066637719763287,-59.00134193494192,3.108271657711546,8.01536750793457,1.0,655.5,591.75,11.254118552381016,1185.0,0.0,1585.0,10.46660630823117
1781701471175661311,6.833018019,0.8542097111576559,0.584393316522994,2.066637719763287,-59.00134193494192,3.108271657711546,8.01536750793457,1.0,655.5,591.75,11.254118552381016,1185.0,0.0,1585.0,10.742235593683617
1781701471175691578,6.833048286,0.8542097111576559,0.584393316522994,2.066637719763287,-59.00134193494192,3.108271657711546,8.01536750793457,1.0,655.5,591.75,11.254118552381016,1185.0,0.0,1585.0,10.742235593683617
1781701471175782981,6.833139689,0.6521482339403555,0.584393316522994,2.066637719763287,-59.00134193494192,3.108271657711546,8.01536750793457,1.0,655.5,591.75,11.254118552381016,1185.0,0.0,1585.0,10.742235593683617
1781701471175801466,6.833158174,0.6521482339403555,0.584393316522994,2.025499272176358,-59.00134193494192,3.108271657711546,8.01536750793457,1.0,655.5,591.75,11.254118552381016,1185.0,0.0,1585.0,10.742235593683617
1781701471175836051,6.833192759,0.6521482339403555,0.5942303114054056,2.025499272176358,-59.00134193494192,3.108271657711546,8.01536750793457,1.0,655.5,591.75,11.254118552381016,1185.0,0.0,1585.0,10.742235593683617
1781701471175883290,6.833239998,0.6521482339403555,0.5942303114054056,2.025499272176358,-54.14716668309071,3.108271657711546,8.01536750793457,1.0,655.5,591.75,11.254118552381016,1185.0,0.0,1585.0,10.742235593683617
1781701471215695633,6.873052341,0.6521482339403555,0.5942303114054056,2.025499272176358,-54.14716668309071,3.108271657711546,8.01536750793457,1.0,655.5,591.75,11.254118552381016,1185.0,0.0,1585.0,10.742235593683617
1781701471215761959,6.873118667,0.6521482339403555,0.5942303114054056,2.025499272176358,-54.14716668309071,3.108271657711546,8.01536750793457,1.0,655.5,591.75,11.254118552381016,1185.0,0.0,1585.0,10.742235593683617
1781701471215768271,6.873124979,0.6521482339403555,0.5942303114054056,2.025499272176358,-54.14716668309071,3.108271657711546,8.01536750793457,1.0,659.25,591.75,11.254118552381016,1185.0,0.0,1585.0,10.742235593683617
1781701471215772649,6.873129357,0.6521482339403555,0.5942303114054056,2.025499272176358,-54.14716668309071,-3.141592653589793,8.01536750793457,1.0,659.25,591.75,11.254118552381016,1185.0,0.0,1585.0,10.742235593683617
1781701471215777398,6.873134106,0.6521482339403555,0.5942303114054056,2.025499272176358,-54.14716668309071,-3.141592653589793,8.01536750793457,1.0,659.25,591.75,13.348657645097237,1185.0,0.0,1585.0,10.742235593683617
1781701471215781536,6.873138244,0.6521482339403555,0.5942303114054056,2.025499272176358,-54.14716668309071,-3.141592653589793,-4.5,1.0,659.25,591.75,13.348657645097237,1185.0,0.0,1585.0,10.742235593683617
1781701471215785102,6.87314181,0.6521482339403555,0.5942303114054056,2.025499272176358,-54.14716668309071,-3.141592653589793,-4.5,1.0,659.25,591.75,13.348657645097237,1805.0,0.0,1585.0,10.742235593683617
1781701471215789421,6.873146129,0.6521482339403555,0.5942303114054056,2.025499272176358,-54.14716668309071,-3.141592653589793,-4.5,1.0,659.25,589.5,13.348657645097237,1805.0,0.0,1585.0,10.742235593683617
1781701471215799590,6.873156298,0.6521482339403555,0.5942303114054056,2.025499272176358,-54.14716668309071,-3.141592653589793,-4.5,1.0,659.25,589.5,13.348657645097237,1805.0,0.0,1585.0,11.654483311678383
1781701471215802996,6.873159704,0.6521482339403555,0.5942303114054056,2.025499272176358,-54.14716668309071,-3.141592653589793,-4.5,1.0,659.25,589.5,13.348657645097237,1805.0,0.0,1585.0,11.654483311678383
1781701471215866426,6.873223134,0.5507166395709611,0.5942303114054056,2.025499272176358,-54.14716668309071,-3.141592653589793,-4.5,1.0,659.25,589.5,13.348657645097237,1805.0,0.0,1585.0,11.654483311678383
1781701471215878589,6.873235297,0.5507166395709611,0.5942303114054056,2.1649834268791754,-54.14716668309071,-3.141592653589793,-4.5,1.0,659.25,589.5,13.348657645097237,1805.0,0.0,1585.0,11.654483311678383
1781701471215886744,6.873243452,0.5507166395709611,0.6994419793207908,2.1649834268791754,-54.14716668309071,-3.141592653589793,-4.5,1.0,659.25,589.5,13.348657645097237,1805.0,0.0,1585.0,11.654483311678383
1781701471215948772,6.87330548,0.5507166395709611,0.6994419793207908,2.1649834268791754,-55.01342681656972,-3.141592653589793,-4.5,1.0,659.25,589.5,13.348657645097237,1805.0,0.0,1585.0,11.654483311678383
1781701471272823649,6.930180357,0.5507166395709611,0.6994419793207908,2.1649834268791754,-55.01342681656972,-3.141592653589793,-4.5,1.0,659.25,589.5,13.348657645097237,1805.0,0.0,1585.0,11.654483311678383
1781701471272869876,6.930226584,0.5507166395709611,0.6994419793207908,2.1649834268791754,-55.01342681656972,-3.141592653589793,-4.5,1.0,663.0,589.5,13.348657645097237,1805.0,0.0,1585.0,11.654483311678383
1781701471272873854,6.930230562,0.5507166395709611,0.6994419793207908,2.1649834268791754,-55.01342681656972,-3.141592653589793,-4.5,1.0,663.0,589.5,13.348657645097237,1805.0,0.0,1585.0,11.654483311678383
1781701471272876869,6.930233577,0.5507166395709611,0.6994419793207908,2.1649834268791754,-55.01342681656972,-3.141592653589793,-4.5,1.0,663.0,589.5,13.348657645097237,1805.0,0.0,1585.0,11.654483311678383
1781701471272908058,6.930264766,0.5507166395709611,0.6994419793207908,2.1649834268791754,-55.01342681656972,-3.141592653589793,-4.5,1.0,663.0,589.5,13.348657645097237,1805.0,0.0,1585.0,11.654483311678383
1781701471272936472,6.93029318,0.5507166395709611,0.6994419793207908,2.1649834268791754,-55.01342681656972,-3.141592653589793,-4.5,1.0,663.0,589.5,13.348657645097237,1526.0,0.0,1585.0,11.654483311678383
1781701471272959746,6.930316454,0.5507166395709611,0.6994419793207908,2.1649834268791754,-55.01342681656972,-3.141592653589793,-4.5,1.0,663.0,589.5,13.348657645097237,1526.0,0.0,1585.0,11.654483311678383
1781701471272979613,6.930336321,0.5507166395709611,0.6994419793207908,2.1649834268791754,-55.01342681656972,-3.141592653589793,-4.5,1.0,663.0,589.5,8.772526750379328,1526.0,0.0,1585.0,11.654483311678383
1781701471272995764,6.930352472,0.5507166395709611,0.6994419793207908,2.1649834268791754,-55.01342681656972,-3.141592653589793,-4.5,1.0,663.0,589.5,8.772526750379328,1526.0,0.0,1585.0,10.645798515223714
1781701471273016583,6.930373291,0.5507166395709611,0.6994419793207908,2.1649834268791754,-55.01342681656972,-3.141592653589793,-4.5,1.0,663.0,589.5,8.772526750379328,1526.0,0.0,1585.0,10.645798515223714
1781701471273118636,6.930475344,0.34350913570640884,0.6994419793207908,2.1649834268791754,-55.01342681656972,-3.141592653589793,-4.5,1.0,663.0,589.5,8.772526750379328,1526.0,0.0,1585.0,10.645798515223714
1781701471273148362,6.93050507,0.34350913570640884,0.6994419793207908,1.8825319493628763,-55.01342681656972,-3.141592653589793,-4.5,1.0,663.0,589.5,8.772526750379328,1526.0,0.0,1585.0,10.645798515223714
1781701471273168641,6.930525349,0.34350913570640884,0.5636895563810043,1.8825319493628763,-55.01342681656972,-3.141592653589793,-4.5,1.0,663.0,589.5,8.772526750379328,1526.0,0.0,1585.0,10.645798515223714
1781701471273198196,6.930554904,0.34350913570640884,0.5636895563810043,1.8825319493628763,-45.08451125776671,-3.141592653589793,-4.5,1.0,663.0,589.5,8.772526750379328,1526.0,0.0,1585.0,10.645798515223714
1781701471303856025,6.961212733,0.34350913570640884,0.5636895563810043,1.8825319493628763,-45.08451125776671,-3.141592653589793,-4.5,1.0,663.0,589.5,8.772526750379328,1526.0,0.0,1585.0,10.645798515223714
1781701471303887564,6.961244272,0.34350913570640884,0.5636895563810043,1.8825319493628763,-45.08451125776671,-3.141592653589793,-4.5,1.0,666.75,589.5,8.772526750379328,1526.0,0.0,1585.0,10.645798515223714
1781701471303890640,6.961247348,0.34350913570640884,0.5636895563810043,1.8825319493628763,-45.08451125776671,-3.141592653589793,-4.5,1.0,666.75,589.5,8.772526750379328,1526.0,0.0,1585.0,10.645798515223714
1781701471303894237,6.961250945,0.34350913570640884,0.5636895563810043,1.8825319493628763,-45.08451125776671,-3.141592653589793,-4.5,1.0,666.75,589.5,8.772526750379328,1526.0,0.0,1585.0,10.645798515223714
1781701471303896772,6.96125348,0.34350913570640884,0.5636895563810043,1.8825319493628763,-45.08451125776671,-3.141592653589793,-4.5,1.0,666.75,589.5,8.772526750379328,1526.0,0.0,1585.0,10.645798515223714
1781701471303902753,6.961259461,0.34350913570640884,0.5636895563810043,1.8825319493628763,-45.08451125776671,-3.141592653589793,-4.5,1.0,666.75,589.5,8.772526750379328,1526.0,0.0,1585.0,10.645798515223714
1781701471303920166,6.961276874,0.34350913570640884,0.5636895563810043,1.8825319493628763,-45.08451125776671,-3.141592653589793,-4.5,1.0,666.75,589.5,8.772526750379328,1526.0,0.0,1585.0,10.645798515223714
1781701471303929954,6.961286662,0.34350913570640884,0.5636895563810043,1.8825319493628763,-45.08451125776671,-3.141592653589793,-4.5,1.0,666.75,589.5,18.168957575024866,1526.0,0.0,1585.0,10.645798515223714
1781701471303957126,6.961313834,0.34350913570640884,0.5636895563810043,1.8825319493628763,-45.08451125776671,-3.141592653589793,-4.5,1.0,666.75,589.5,18.168957575024866,1526.0,0.0,1585.0,13.278904186154117
1781701471303963919,6.961320627,0.34350913570640884,0.5636895563810043,1.8825319493628763,-45.08451125776671,-3.141592653589793,-4.5,1.0,666.75,589.5,18.168957575024866,1526.0,0.0,1585.0,13.278904186154117
1781701471304042457,6.961399165,0.35971974348546043,0.5636895563810043,1.8825319493628763,-45.08451125776671,-3.141592653589793,-4.5,1.0,666.75,589.5,18.168957575024866,1526.0,0.0,1585.0,13.278904186154117
1781701471304048739,6.961405447,0.35971974348546043,0.5636895563810043,2.395406478725057,-45.08451125776671,-3.141592653589793,-4.5,1.0,666.75,589.5,18.168957575024866,1526.0,0.0,1585.0,13.278904186154117
1781701471304072784,6.961429492,0.35971974348546043,0.907987521701597,2.395406478725057,-45.08451125776671,-3.141592653589793,-4.5,1.0,666.75,589.5,18.168957575024866,1526.0,0.0,1585.0,13.278904186154117
1781701471304122148,6.961478856,0.35971974348546043,0.907987521701597,2.395406478725057,-56.01051196591195,-3.141592653589793,-4.5,1.0,666.75,589.5,18.168957575024866,1526.0,0.0,1585.0,13.278904186154117
1781701471354844993,7.012201701,0.35971974348546043,0.907987521701597,2.395406478725057,-56.01051196591195,-3.141592653589793,-4.5,1.0,666.75,589.5,18.168957575024866,1526.0,0.0,1585.0,13.278904186154117
1781701471354887383,7.012244091,0.35971974348546043,0.907987521701597,2.395406478725057,-56.01051196591195,-3.141592653589793,-4.5,1.0,669.75,589.5,18.168957575024866,1526.0,0.0,1585.0,13.278904186154117
1781701471354891831,7.012248539,0.35971974348546043,0.907987521701597,2.395406478725057,-56.01051196591195,-3.141592653589793,-4.5,1.0,669.75,589.5,18.168957575024866,1526.0,0.0,1585.0,13.278904186154117
1781701471354895318,7.012252026,0.35971974348546043,0.907987521701597,2.395406478725057,-56.01051196591195,-3.141592653589793,-4.5,1.0,669.75,589.5,18.168957575024866,1526.0,0.0,1585.0,13.278904186154117
1781701471354898854,7.012255562,0.35971974348546043,0.907987521701597,2.395406478725057,-56.01051196591195,-3.141592653589793,-4.5,1.0,669.75,589.5,18.168957575024866,1526.0,0.0,1585.0,13.278904186154117
1781701471354902311,7.012259019,0.35971974348546043,0.907987521701597,2.395406478725057,-56.01051196591195,-3.141592653589793,-4.5,1.0,669.75,589.5,18.168957575024866,1526.0,0.0,1585.0,13.278904186154117
1781701471354909815,7.012266523,0.35971974348546043,0.907987521701597,2.395406478725057,-56.01051196591195,-3.141592653589793,-4.5,1.0,669.75,589.5,18.168957575024866,1526.0,0.0,1585.0,13.278904186154117
1781701471354913071,7.012269779,0.35971974348546043,0.907987521701597,2.395406478725057,-56.01051196591195,-3.141592653589793,-4.5,1.0,669.75,589.5,9.129020382185741,1526.0,0.0,1585.0,13.278904186154117
1781701471354938499,7.012295207,0.35971974348546043,0.907987521701597,2.395406478725057,-56.01051196591195,-3.141592653589793,-4.5,1.0,669.75,589.5,9.129020382185741,1526.0,0.0,1585.0,11.826444854765185
1781701471354945833,7.012302541,0.35971974348546043,0.907987521701597,2.395406478725057,-56.01051196591195,-3.141592653589793,-4.5,1.0,669.75,589.5,9.129020382185741,1526.0,0.0,1585.0,11.826444854765185
1781701471355009463,7.012366171,0.284890241876365,0.907987521701597,2.395406478725057,-56.01051196591195,-3.141592653589793,-4.5,1.0,669.75,589.5,9.129020382185741,1526.0,0.0,1585.0,11.826444854765185
1781701471355016336,7.012373044,0.284890241876365,0.907987521701597,2.1079813785147237,-56.01051196591195,-3.141592653589793,-4.5,1.0,669.75,589.5,9.129020382185741,1526.0,0.0,1585.0,11.826444854765185
1781701471355031134,7.012387842,0.284890241876365,0.7202177620202815,2.1079813785147237,-56.01051196591195,-3.141592653589793,-4.5,1.0,669.75,589.5,9.129020382185741,1526.0,0.0,1585.0,11.826444854765185
1781701471355064698,7.012421406,0.284890241876365,0.7202177620202815,2.1079813785147237,-48.577650169842066,-3.141592653589793,-4.5,1.0,669.75,589.5,9.129020382185741,1526.0,0.0,1585.0,11.826444854765185
1781701471388025126,7.045381834,0.284890241876365,0.7202177620202815,2.1079813785147237,-48.577650169842066,-3.141592653589793,-4.5,1.0,669.75,589.5,9.129020382185741,1526.0,0.0,1585.0,11.826444854765185
1781701471388068578,7.045425286,0.284890241876365,0.7202177620202815,2.1079813785147237,-48.577650169842066,-3.141592653589793,-4.5,1.0,672.75,589.5,9.129020382185741,1526.0,0.0,1585.0,11.826444854765185
1781701471388072516,7.045429224,0.284890241876365,0.7202177620202815,2.1079813785147237,-48.577650169842066,-3.141592653589793,-4.5,1.0,672.75,589.5,9.129020382185741,1526.0,0.0,1585.0,11.826444854765185
1781701471388076112,7.04543282,0.284890241876365,0.7202177620202815,2.1079813785147237,-48.577650169842066,-3.141592653589793,-4.5,1.0,672.75,589.5,9.129020382185741,1526.0,0.0,1585.0,11.826444854765185
1781701471388079569,7.045436277,0.284890241876365,0.7202177620202815,2.1079813785147237,-48.577650169842066,-3.141592653589793,-4.5,1.0,672.75,589.5,9.129020382185741,1526.0,0.0,1585.0,11.826444854765185
1781701471388082564,7.045439272,0.284890241876365,0.7202177620202815,2.1079813785147237,-48.577650169842066,-3.141592653589793,-4.5,1.0,672.75,589.5,9.129020382185741,1526.0,0.0,1585.0,11.826444854765185
1781701471388090720,7.045447428,0.284890241876365,0.7202177620202815,2.1079813785147237,-48.577650169842066,-3.141592653589793,-4.5,1.0,672.75,589.5,9.129020382185741,1526.0,0.0,1585.0,11.826444854765185
1781701471388098845,7.045455553,0.284890241876365,0.7202177620202815,2.1079813785147237,-48.577650169842066,-3.141592653589793,-4.5,1.0,672.75,589.5,10.983271911322355,1526.0,0.0,1585.0,11.826444854765185
1781701471388118803,7.045475511,0.284890241876365,0.7202177620202815,2.1079813785147237,-48.577650169842066,-3.141592653589793,-4.5,1.0,672.75,589.5,10.983271911322355,1526.0,0.0,1585.0,11.531334324560195
1781701471388129333,7.045486041,0.284890241876365,0.7202177620202815,2.1079813785147237,-48.577650169842066,-3.141592653589793,-4.5,1.0,672.75,589.5,10.983271911322355,1526.0,0.0,1585.0,11.531334324560195
1781701471388202561,7.045559269,0.21095745845304403,0.7202177620202815,2.1079813785147237,-48.577650169842066,-3.141592653589793,-4.5,1.0,672.75,589.5,10.983271911322355,1526.0,0.0,1585.0,11.531334324560195
1781701471388223260,7.045579968,0.21095745845304403,0.7202177620202815,2.030600898671914,-48.577650169842066,-3.141592653589793,-4.5,1.0,672.75,589.5,10.983271911322355,1526.0,0.0,1585.0,11.531334324560195
1781701471388247927,7.045604635,0.21095745845304403,0.684722395879619,2.030600898671914,-48.577650169842066,-3.141592653589793,-4.5,1.0,672.75,589.5,10.983271911322355,1526.0,0.0,1585.0,11.531334324560195
1781701471388290036,7.045646744,0.21095745845304403,0.684722395879619,2.030600898671914,-45.51588953837879,-3.141592653589793,-4.5,1.0,672.75,589.5,10.983271911322355,1526.0,0.0,1585.0,11.531334324560195
1781701471434464849,7.091821557,0.21095745845304403,0.684722395879619,2.030600898671914,-45.51588953837879,-3.141592653589793,-4.5,1.0,672.75,589.5,10.983271911322355,1526.0,0.0,1585.0,11.531334324560195
1781701471434513421,7.091870129,0.21095745845304403,0.684722395879619,2.030600898671914,-45.51588953837879,-3.141592653589793,-4.5,1.0,675.75,589.5,10.983271911322355,1526.0,0.0,1585.0,11.531334324560195
1781701471434518691,7.091875399,0.21095745845304403,0.684722395879619,2.030600898671914,-45.51588953837879,-3.107123552590285,-4.5,1.0,675.75,589.5,10.983271911322355,1526.0,0.0,1585.0,11.531334324560195
1781701471434521827,7.091878535,0.21095745845304403,0.684722395879619,2.030600898671914,-45.51588953837879,-3.107123552590285,-13.667550086975098,1.0,675.75,589.5,10.983271911322355,1526.0,0.0,1585.0,11.531334324560195
1781701471434526145,7.091882853,0.21095745845304403,0.684722395879619,2.030600898671914,-45.51588953837879,-3.107123552590285,-13.667550086975098,1.0,675.75,589.5,10.983271911322355,1789.0,0.0,1585.0,11.531334324560195
1781701471434529622,7.09188633,0.21095745845304403,0.684722395879619,2.030600898671914,-45.51588953837879,-3.107123552590285,-13.667550086975098,1.0,675.75,590.25,10.983271911322355,1789.0,0.0,1585.0,11.531334324560195
1781701471434537386,7.091894094,0.21095745845304403,0.684722395879619,2.030600898671914,-45.51588953837879,-3.107123552590285,-13.667550086975098,1.0,675.75,590.25,10.983271911322355,1789.0,0.0,1585.0,11.531334324560195
1781701471434540963,7.091897671,0.21095745845304403,0.684722395879619,2.030600898671914,-45.51588953837879,-3.107123552590285,-13.667550086975098,1.0,675.75,590.25,8.987211142302947,1789.0,0.0,1585.0,11.531334324560195
1781701471434549720,7.091906428,0.21095745845304403,0.684722395879619,2.030600898671914,-45.51588953837879,-3.107123552590285,-13.667550086975098,1.0,675.75,590.25,8.987211142302947,1789.0,0.0,1585.0,10.640891210770159
1781701471434584976,7.091941684,0.21095745845304403,0.684722395879619,2.030600898671914,-45.51588953837879,-3.107123552590285,-13.667550086975098,1.0,675.75,590.25,8.987211142302947,1789.0,0.0,1585.0,10.640891210770159
1781701471434686698,7.092043406,0.2399199403318515,0.684722395879619,2.030600898671914,-45.51588953837879,-3.107123552590285,-13.667550086975098,1.0,675.75,590.25,8.987211142302947,1789.0,0.0,1585.0,10.640891210770159
1781701471434695585,7.092052293,0.2399199403318515,0.684722395879619,1.9140563363593763,-45.51588953837879,-3.107123552590285,-13.667550086975098,1.0,675.75,590.25,8.987211142302947,1789.0,0.0,1585.0,10.640891210770159
1781701471434731784,7.092088492,0.2399199403318515,0.602583576322186,1.9140563363593763,-45.51588953837879,-3.107123552590285,-13.667550086975098,1.0,675.75,590.25,8.987211142302947,1789.0,0.0,1585.0,10.640891210770159
1781701471434764105,7.092120813,0.2399199403318515,0.602583576322186,1.9140563363593763,-43.68210911014689,-3.107123552590285,-13.667550086975098,1.0,675.75,590.25,8.987211142302947,1789.0,0.0,1585.0,10.640891210770159
1781701471473033693,7.130390401,0.2399199403318515,0.602583576322186,1.9140563363593763,-43.68210911014689,-3.107123552590285,-13.667550086975098,1.0,675.75,590.25,8.987211142302947,1789.0,0.0,1585.0,10.640891210770159
1781701471473075953,7.130432661,0.2399199403318515,0.602583576322186,1.9140563363593763,-43.68210911014689,-3.107123552590285,-13.667550086975098,1.0,681.0,590.25,8.987211142302947,1789.0,0.0,1585.0,10.640891210770159
1781701471473079349,7.130436057,0.2399199403318515,0.602583576322186,1.9140563363593763,-43.68210911014689,-3.108271657711546,-13.667550086975098,1.0,681.0,590.25,8.987211142302947,1789.0,0.0,1585.0,10.640891210770159
1781701471473082756,7.130439464,0.2399199403318515,0.602583576322186,1.9140563363593763,-43.68210911014689,-3.108271657711546,-13.162508010864258,1.0,681.0,590.25,8.987211142302947,1789.0,0.0,1585.0,10.640891210770159
1781701471473085962,7.13044267,0.2399199403318515,0.602583576322186,1.9140563363593763,-43.68210911014689,-3.108271657711546,-13.162508010864258,1.0,681.0,590.25,8.987211142302947,1555.0,0.0,1585.0,10.640891210770159
1781701471473088477,7.130445185,0.2399199403318515,0.602583576322186,1.9140563363593763,-43.68210911014689,-3.108271657711546,-13.162508010864258,1.0,681.0,590.25,8.987211142302947,1555.0,0.0,1585.0,10.640891210770159
1781701471473094117,7.130450825,0.2399199403318515,0.602583576322186,1.9140563363593763,-43.68210911014689,-3.108271657711546,-13.162508010864258,1.0,681.0,590.25,8.987211142302947,1555.0,0.0,1585.0,10.640891210770159
1781701471473104938,7.130461646,0.2399199403318515,0.602583576322186,1.9140563363593763,-43.68210911014689,-3.108271657711546,-13.162508010864258,1.0,681.0,590.25,18.192582741582907,1555.0,0.0,1585.0,10.640891210770159
1781701471473122902,7.13047961,0.2399199403318515,0.602583576322186,1.9140563363593763,-43.68210911014689,-3.108271657711546,-13.162508010864258,1.0,681.0,590.25,18.192582741582907,1555.0,0.0,1585.0,13.28398324655462
1781701471473132039,7.130488747,0.2399199403318515,0.602583576322186,1.9140563363593763,-43.68210911014689,-3.108271657711546,-13.162508010864258,1.0,681.0,590.25,18.192582741582907,1555.0,0.0,1585.0,13.28398324655462
1781701471473194126,7.130550834,0.008824191825466787,0.602583576322186,1.9140563363593763,-43.68210911014689,-3.108271657711546,-13.162508010864258,1.0,681.0,590.25,18.192582741582907,1555.0,0.0,1585.0,13.28398324655462
1781701471473208654,7.130565362,0.008824191825466787,0.602583576322186,2.256712514755875,-43.68210911014689,-3.108271657711546,-13.162508010864258,1.0,681.0,590.25,18.192582741582907,1555.0,0.0,1585.0,13.28398324655462
1781701471473220195,7.130576903,0.008824191825466787,0.9065628580594804,2.256712514755875,-43.68210911014689,-3.108271657711546,-13.162508010864258,1.0,681.0,590.25,18.192582741582907,1555.0,0.0,1585.0,13.28398324655462
1781701471473252206,7.130608914,0.008824191825466787,0.9065628580594804,2.256712514755875,-46.21729698968631,-3.108271657711546,-13.162508010864258,1.0,681.0,590.25,18.192582741582907,1555.0,0.0,1585.0,13.28398324655462
1781701471526445087,7.183801795,0.008824191825466787,0.9065628580594804,2.256712514755875,-46.21729698968631,-3.108271657711546,-13.162508010864258,1.0,681.0,590.25,18.192582741582907,1555.0,0.0,1585.0,13.28398324655462
1781701471526482007,7.183838715,0.008824191825466787,0.9065628580594804,2.256712514755875,-46.21729698968631,-3.108271657711546,-13.162508010864258,1.0,684.75,590.25,18.192582741582907,1555.0,0.0,1585.0,13.28398324655462
1781701471526485133,7.183841841,0.008824191825466787,0.9065628580594804,2.256712514755875,-46.21729698968631,-3.141592653589793,-13.162508010864258,1.0,684.75,590.25,18.192582741582907,1555.0,0.0,1585.0,13.28398324655462
1781701471526488359,7.183845067,0.008824191825466787,0.9065628580594804,2.256712514755875,-46.21729698968631,-3.141592653589793,-4.5,1.0,684.75,590.25,18.192582741582907,1555.0,0.0,1585.0,13.28398324655462
1781701471526491615,7.183848323,0.008824191825466787,0.9065628580594804,2.256712514755875,-46.21729698968631,-3.141592653589793,-4.5,1.0,684.75,590.25,18.192582741582907,1338.0,0.0,1585.0,13.28398324655462
1781701471526494420,7.183851128,0.008824191825466787,0.9065628580594804,2.256712514755875,-46.21729698968631,-3.141592653589793,-4.5,1.0,684.75,589.5,18.192582741582907,1338.0,0.0,1585.0,13.28398324655462
1781701471526500682,7.18385739,0.008824191825466787,0.9065628580594804,2.256712514755875,-46.21729698968631,-3.141592653589793,-4.5,1.0,684.75,589.5,18.192582741582907,1338.0,0.0,1585.0,13.28398324655462
1781701471526509469,7.183866177,0.008824191825466787,0.9065628580594804,2.256712514755875,-46.21729698968631,-3.141592653589793,-4.5,1.0,684.75,589.5,10.268680735026992,1338.0,0.0,1585.0,13.28398324655462
1781701471526525229,7.183881937,0.008824191825466787,0.9065628580594804,2.256712514755875,-46.21729698968631,-3.141592653589793,-4.5,1.0,684.75,589.5,10.268680735026992,1338.0,0.0,1585.0,12.22862736751995
1781701471526534045,7.183890753,0.008824191825466787,0.9065628580594804,2.256712514755875,-46.21729698968631,-3.141592653589793,-4.5,1.0,684.75,589.5,10.268680735026992,1338.0,0.0,1585.0,12.22862736751995
1781701471526587256,7.183943964,-0.07580649338249668,0.9065628580594804,2.256712514755875,-46.21729698968631,-3.141592653589793,-4.5,1.0,684.75,589.5,10.268680735026992,1338.0,0.0,1585.0,12.22862736751995
1781701471526602645,7.183959353,-0.07580649338249668,0.9065628580594804,2.0482803028511425,-46.21729698968631,-3.141592653589793,-4.5,1.0,684.75,589.5,10.268680735026992,1338.0,0.0,1585.0,12.22862736751995
1781701471526611461,7.183968169,-0.07580649338249668,0.7700356433668734,2.0482803028511425,-46.21729698968631,-3.141592653589793,-4.5,1.0,684.75,589.5,10.268680735026992,1338.0,0.0,1585.0,12.22862736751995
1781701471526653711,7.184010419,-0.07580649338249668,0.7700356433668734,2.0482803028511425,-40.219511832739755,-3.141592653589793,-4.5,1.0,684.75,589.5,10.268680735026992,1338.0,0.0,1585.0,12.22862736751995
1781701471556783903,7.214140611,-0.07580649338249668,0.7700356433668734,2.0482803028511425,-40.219511832739755,-3.141592653589793,-4.5,1.0,684.75,589.5,10.268680735026992,1338.0,0.0,1585.0,12.22862736751995
1781701471556852893,7.214209601,-0.07580649338249668,0.7700356433668734,2.0482803028511425,-40.219511832739755,-3.141592653589793,-4.5,1.0,684.75,589.5,10.268680735026992,1338.0,0.0,1585.0,12.22862736751995
1781701471556859105,7.214215813,-0.07580649338249668,0.7700356433668734,2.0482803028511425,-40.219511832739755,-3.141592653589793,-4.5,1.0,684.75,589.5,10.268680735026992,1338.0,0.0,1585.0,12.333469105540669
1781701471556863303,7.214220011,-0.07580649338249668,0.7700356433668734,2.0482803028511425,-40.219511832739755,-3.141592653589793,-4.5,1.0,687.75,589.5,10.268680735026992,1338.0,0.0,1585.0,12.333469105540669
1781701471556868302,7.21422501,-0.07580649338249668,0.7700356433668734,2.0482803028511425,-40.219511832739755,-3.107123552590285,-4.5,1.0,687.75,589.5,10.268680735026992,1338.0,0.0,1585.0,12.333469105540669
1781701471556871849,7.214228557,-0.07580649338249668,0.7700356433668734,2.0482803028511425,-40.219511832739755,-3.107123552590285,-4.5,1.0,687.75,589.5,12.528175190436292,1338.0,0.0,1585.0,12.333469105540669
1781701471556876157,7.214232865,-0.07580649338249668,0.7700356433668734,2.0482803028511425,-40.219511832739755,-3.107123552590285,-13.254003524780273,1.0,687.75,589.5,12.528175190436292,1338.0,0.0,1585.0,12.333469105540669
1781701471556879313,7.214236021,-0.07580649338249668,0.7700356433668734,2.0482803028511425,-40.219511832739755,-3.107123552590285,-13.254003524780273,1.0,687.75,589.5,12.528175190436292,1767.0,0.0,1585.0,12.333469105540669
1781701471556883311,7.214240019,-0.07580649338249668,0.7700356433668734,2.0482803028511425,-40.219511832739755,-3.107123552590285,-13.254003524780273,1.0,687.75,590.25,12.528175190436292,1767.0,0.0,1585.0,12.333469105540669
1781701471556890965,7.214247673,-0.07580649338249668,0.7700356433668734,2.0482803028511425,-40.219511832739755,-3.107123552590285,-13.254003524780273,1.0,687.75,590.25,12.528175190436292,1767.0,0.0,1585.0,12.333469105540669
1781701471556967660,7.214324368,-0.05308846056204741,0.7700356433668734,2.0482803028511425,-40.219511832739755,-3.107123552590285,-13.254003524780273,1.0,687.75,590.25,12.528175190436292,1767.0,0.0,1585.0,12.333469105540669
1781701471556993178,7.214349886,-0.05308846056204741,0.7700356433668734,2.1088865995005195,-40.219511832739755,-3.107123552590285,-13.254003524780273,1.0,687.75,590.25,12.528175190436292,1767.0,0.0,1585.0,12.333469105540669
1781701471556998438,7.214355146,-0.05308846056204741,0.8095573315044386,2.1088865995005195,-40.219511832739755,-3.107123552590285,-13.254003524780273,1.0,687.75,590.25,12.528175190436292,1767.0,0.0,1585.0,12.333469105540669
1781701471557038033,7.214394741,-0.05308846056204741,0.8095573315044386,2.1088865995005195,-41.925490611337146,-3.107123552590285,-13.254003524780273,1.0,687.75,590.25,12.528175190436292,1767.0,0.0,1585.0,12.333469105540669
1781701471597625370,7.254982078,-0.05308846056204741,0.8095573315044386,2.1088865995005195,-41.925490611337146,-3.107123552590285,-13.254003524780273,1.0,687.75,590.25,12.528175190436292,1767.0,0.0,1585.0,12.333469105540669
1781701471597673882,7.25503059,-0.05308846056204741,0.8095573315044386,2.1088865995005195,-41.925490611337146,-3.107123552590285,-13.254003524780273,1.0,704.25,590.25,12.528175190436292,1767.0,0.0,1585.0,12.333469105540669
1781701471597678931,7.255035639,-0.05308846056204741,0.8095573315044386,2.1088865995005195,-41.925490611337146,-3.141592653589793,-13.254003524780273,1.0,704.25,590.25,12.528175190436292,1767.0,0.0,1585.0,12.333469105540669
1781701471597682167,7.255038875,-0.05308846056204741,0.8095573315044386,2.1088865995005195,-41.925490611337146,-3.141592653589793,-3.0,1.0,704.25,590.25,12.528175190436292,1767.0,0.0,1585.0,12.333469105540669
1781701471597685684,7.255042392,-0.05308846056204741,0.8095573315044386,2.1088865995005195,-41.925490611337146,-3.141592653589793,-3.0,1.0,704.25,590.25,12.528175190436292,1216.0,0.0,1585.0,12.333469105540669
1781701471597688419,7.255045127,-0.05308846056204741,0.8095573315044386,2.1088865995005195,-41.925490611337146,-3.141592653589793,-3.0,1.0,704.25,591.0,12.528175190436292,1216.0,0.0,1585.0,12.333469105540669
1781701471597709158,7.255065866,-0.05308846056204741,0.8095573315044386,2.1088865995005195,-41.925490611337146,-3.141592653589793,-3.0,1.0,704.25,591.0,12.528175190436292,1216.0,0.0,1585.0,12.333469105540669
1781701471597715190,7.255071898,-0.05308846056204741,0.8095573315044386,2.1088865995005195,-41.925490611337146,-3.141592653589793,-3.0,1.0,704.25,591.0,61.565602196111165,1216.0,0.0,1585.0,12.333469105540669
1781701471597734767,7.255091475,-0.05308846056204741,0.8095573315044386,2.1088865995005195,-41.925490611337146,-3.141592653589793,-3.0,1.0,704.25,591.0,61.565602196111165,1216.0,0.0,1585.0,16.80705818598474
1781701471597758241,7.255114949,-0.05308846056204741,0.8095573315044386,2.1088865995005195,-41.925490611337146,-3.141592653589793,-3.0,1.0,704.25,591.0,61.565602196111165,1216.0,0.0,1585.0,16.80705818598474
1781701471597840296,7.255197004,-0.34806311773078225,0.8095573315044386,2.1088865995005195,-41.925490611337146,-3.141592653589793,-3.0,1.0,704.25,591.0,61.565602196111165,1216.0,0.0,1585.0,16.80705818598474
1781701471597850024,7.255206732,-0.34806311773078225,0.8095573315044386,2.7643276782876853,-41.925490611337146,-3.141592653589793,-3.0,1.0,704.25,591.0,61.565602196111165,1216.0,0.0,1585.0,16.80705818598474
1781701471597865113,7.255221821,-0.34806311773078225,1.5582594250704478,2.7643276782876853,-41.925490611337146,-3.141592653589793,-3.0,1.0,704.25,591.0,61.565602196111165,1216.0,0.0,1585.0,16.80705818598474
1781701471597897133,7.255253841,-0.34806311773078225,1.5582594250704478,2.7643276782876853,-49.88355063620844,-3.141592653589793,-3.0,1.0,704.25,591.0,61.565602196111165,1216.0,0.0,1585.0,16.80705818598474
1781701471705472944,7.362829652,-0.34806311773078225,1.5582594250704478,2.7643276782876853,-49.88355063620844,-3.141592653589793,-3.0,1.0,704.25,591.0,61.565602196111165,1216.0,0.0,1585.0,16.80705818598474
1781701471705517619,7.362874327,-0.34806311773078225,1.5582594250704478,2.7643276782876853,-49.88355063620844,-3.141592653589793,-3.0,1.0,722.25,591.0,61.565602196111165,1216.0,0.0,1585.0,16.80705818598474
1781701471705523690,7.362880398,-0.34806311773078225,1.5582594250704478,2.7643276782876853,-49.88355063620844,-3.141592653589793,-3.0,1.0,722.25,591.0,61.565602196111165,1216.0,0.0,1585.0,16.80705818598474
1781701471705529170,7.362885878,-0.34806311773078225,1.5582594250704478,2.7643276782876853,-49.88355063620844,-3.141592653589793,-1.5,1.0,722.25,591.0,61.565602196111165,1216.0,0.0,1585.0,16.80705818598474
1781701471705533769,7.362890477,-0.34806311773078225,1.5582594250704478,2.7643276782876853,-49.88355063620844,-3.141592653589793,-1.5,1.0,722.25,591.0,61.565602196111165,1496.0,0.0,1585.0,16.80705818598474
1781701471705536965,7.362893673,-0.34806311773078225,1.5582594250704478,2.7643276782876853,-49.88355063620844,-3.141592653589793,-1.5,1.0,722.25,592.5,61.565602196111165,1496.0,0.0,1585.0,16.80705818598474
1781701471705549890,7.362906598,-0.34806311773078225,1.5582594250704478,2.7643276782876853,-49.88355063620844,-3.141592653589793,-1.5,1.0,722.25,592.5,61.565602196111165,1496.0,0.0,1585.0,16.80705818598474
1781701471705568926,7.362925634,-0.34806311773078225,1.5582594250704478,2.7643276782876853,-49.88355063620844,-3.141592653589793,-1.5,1.0,722.25,592.5,21.637179286162148,1496.0,0.0,1585.0,16.80705818598474
1781701471705599383,7.362956091,-0.34806311773078225,1.5582594250704478,2.7643276782876853,-49.88355063620844,-3.141592653589793,-1.5,1.0,722.25,592.5,21.637179286162148,1496.0,0.0,1585.0,18.49760057104683
1781701471705616846,7.362973554,-0.34806311773078225,1.5582594250704478,2.7643276782876853,-49.88355063620844,-3.141592653589793,-1.5,1.0,722.25,592.5,21.637179286162148,1496.0,0.0,1585.0,18.49760057104683
1781701471705719550,7.363076258,-0.8794697799605866,1.5582594250704478,2.7643276782876853,-49.88355063620844,-3.141592653589793,-1.5,1.0,722.25,592.5,21.637179286162148,1496.0,0.0,1585.0,18.49760057104683
1781701471705735991,7.363092699,-0.8794697799605866,1.5582594250704478,2.6014690926648156,-49.88355063620844,-3.141592653589793,-1.5,1.0,722.25,592.5,21.637179286162148,1496.0,0.0,1585.0,18.49760057104683
1781701471705740430,7.363097138,-0.8794697799605866,1.7619200597508469,2.6014690926648156,-49.88355063620844,-3.141592653589793,-1.5,1.0,722.25,592.5,21.637179286162148,1496.0,0.0,1585.0,18.49760057104683
1781701471705768573,7.363125281,-0.8794697799605866,1.7619200597508469,2.6014690926648156,-36.20190631383543,-3.141592653589793,-1.5,1.0,722.25,592.5,21.637179286162148,1496.0,0.0,1585.0,18.49760057104683
1781701471782992333,7.440349041,-0.8794697799605866,1.7619200597508469,2.6014690926648156,-36.20190631383543,-3.141592653589793,-1.5,1.0,722.25,592.5,21.637179286162148,1496.0,0.0,1585.0,18.49760057104683
1781701471783032769,7.440389477,-0.8794697799605866,1.7619200597508469,2.6014690926648156,-36.20190631383543,-3.141592653589793,-1.5,1.0,726.75,592.5,21.637179286162148,1496.0,0.0,1585.0,18.49760057104683
1781701471783035875,7.440392583,-0.8794697799605866,1.7619200597508469,2.6014690926648156,-36.20190631383543,-3.141592653589793,-1.5,1.0,726.75,592.5,21.637179286162148,1496.0,0.0,1585.0,18.49760057104683
1781701471783039853,7.440396561,-0.8794697799605866,1.7619200597508469,2.6014690926648156,-36.20190631383543,-3.141592653589793,-1.5,1.0,726.75,592.5,21.637179286162148,1496.0,0.0,1585.0,18.49760057104683
1781701471783044241,7.440400949,-0.8794697799605866,1.7619200597508469,2.6014690926648156,-36.20190631383543,-3.141592653589793,-1.5,1.0,726.75,592.5,21.637179286162148,1511.0,0.0,1585.0,18.49760057104683
1781701471783046966,7.440403674,-0.8794697799605866,1.7619200597508469,2.6014690926648156,-36.20190631383543,-3.141592653589793,-1.5,1.0,726.75,592.5,21.637179286162148,1511.0,0.0,1585.0,18.49760057104683
1781701471783054470,7.440411178,-0.8794697799605866,1.7619200597508469,2.6014690926648156,-36.20190631383543,-3.141592653589793,-1.5,1.0,726.75,592.5,21.637179286162148,1511.0,0.0,1585.0,18.49760057104683
1781701471783056965,7.440413673,-0.8794697799605866,1.7619200597508469,2.6014690926648156,-36.20190631383543,-3.141592653589793,-1.5,1.0,726.75,592.5,9.139541657457587,1511.0,0.0,1585.0,18.49760057104683
1781701471783068567,7.440425275,-0.8794697799605866,1.7619200597508469,2.6014690926648156,-36.20190631383543,-3.141592653589793,-1.5,1.0,726.75,592.5,9.139541657457587,1511.0,0.0,1585.0,15.222279951290595
1781701471783086160,7.440442868,-0.8794697799605866,1.7619200597508469,2.6014690926648156,-36.20190631383543,-3.141592653589793,-1.5,1.0,726.75,592.5,9.139541657457587,1511.0,0.0,1585.0,15.222279951290595
1781701471783136595,7.440493303,-0.9664938333993272,1.7619200597508469,2.6014690926648156,-36.20190631383543,-3.141592653589793,-1.5,1.0,726.75,592.5,9.139541657457587,1511.0,0.0,1585.0,15.222279951290595
1781701471783145863,7.440502571,-0.9664938333993272,1.7619200597508469,2.091768375712564,-36.20190631383543,-3.141592653589793,-1.5,1.0,726.75,592.5,9.139541657457587,1511.0,0.0,1585.0,15.222279951290595
1781701471783164037,7.440520745,-0.9664938333993272,1.193204314590159,2.091768375712564,-36.20190631383543,-3.141592653589793,-1.5,1.0,726.75,592.5,9.139541657457587,1511.0,0.0,1585.0,15.222279951290595
1781701471783218009,7.440574717,-0.9664938333993272,1.193204314590159,2.091768375712564,-23.698695160854893,-3.141592653589793,-1.5,1.0,726.75,592.5,9.139541657457587,1511.0,0.0,1585.0,15.222279951290595
1781701471822981540,7.480338248,-0.9664938333993272,1.193204314590159,2.091768375712564,-23.698695160854893,-3.141592653589793,-1.5,1.0,726.75,592.5,9.139541657457587,1511.0,0.0,1585.0,15.222279951290595
1781701471823030462,7.48038717,-0.9664938333993272,1.193204314590159,2.091768375712564,-23.698695160854893,-3.141592653589793,-1.5,1.0,726.75,592.5,9.139541657457587,1511.0,0.0,1585.0,15.222279951290595
1781701471823035452,7.48039216,-0.9664938333993272,1.193204314590159,2.091768375712564,-23.698695160854893,-3.141592653589793,-1.5,1.0,728.25,592.5,9.139541657457587,1511.0,0.0,1585.0,15.222279951290595
1781701471823039229,7.480395937,-0.9664938333993272,1.193204314590159,2.091768375712564,-23.698695160854893,-3.141592653589793,-1.5,1.0,728.25,592.5,9.139541657457587,1511.0,0.0,1585.0,15.222279951290595
1781701471823042505,7.480399213,-0.9664938333993272,1.193204314590159,2.091768375712564,-23.698695160854893,-3.141592653589793,-1.5,1.0,728.25,592.5,9.139541657457587,1511.0,0.0,1585.0,15.222279951290595
1781701471823044849,7.480401557,-0.9664938333993272,1.193204314590159,2.091768375712564,-23.698695160854893,-3.141592653589793,-1.5,1.0,728.25,592.5,9.139541657457587,1511.0,0.0,1585.0,15.222279951290595
1781701471823047835,7.480404543,-0.9664938333993272,1.193204314590159,2.091768375712564,-23.698695160854893,-3.141592653589793,-1.5,1.0,728.25,592.5,9.139541657457587,1511.0,0.0,1585.0,15.222279951290595
1781701471823054718,7.480411426,-0.9664938333993272,1.193204314590159,2.091768375712564,-23.698695160854893,-3.141592653589793,-1.5,1.0,728.25,592.5,5.1122004483660195,1511.0,0.0,1585.0,15.222279951290595
1781701471823061301,7.480418009,-0.9664938333993272,1.193204314590159,2.091768375712564,-23.698695160854893,-3.141592653589793,-1.5,1.0,728.25,592.5,5.1122004483660195,1511.0,0.0,1585.0,11.683752125266993
1781701471823076239,7.480432947,-0.9664938333993272,1.193204314590159,2.091768375712564,-23.698695160854893,-3.141592653589793,-1.5,1.0,728.25,592.5,5.1122004483660195,1511.0,0.0,1585.0,11.683752125266993
1781701471823135330,7.480492038,-0.9950534921193537,1.193204314590159,2.091768375712564,-23.698695160854893,-3.141592653589793,-1.5,1.0,728.25,592.5,5.1122004483660195,1511.0,0.0,1585.0,11.683752125266993
1781701471823150419,7.480507127,-0.9950534921193537,1.193204314590159,1.5929685554289883,-23.698695160854893,-3.141592653589793,-1.5,1.0,728.25,592.5,5.1122004483660195,1511.0,0.0,1585.0,11.683752125266993
1781701471823169966,7.480526674,-0.9950534921193537,0.7029429424933713,1.5929685554289883,-23.698695160854893,-3.141592653589793,-1.5,1.0,728.25,592.5,5.1122004483660195,1511.0,0.0,1585.0,11.683752125266993
1781701471823215873,7.480572581,-0.9950534921193537,0.7029429424933713,1.5929685554289883,-12.661244208686064,-3.141592653589793,-1.5,1.0,728.25,592.5,5.1122004483660195,1511.0,0.0,1585.0,11.683752125266993
1781701471855091001,7.512447709,-0.9950534921193537,0.7029429424933713,1.5929685554289883,-12.661244208686064,-3.141592653589793,-1.5,1.0,728.25,592.5,5.1122004483660195,1511.0,0.0,1585.0,11.683752125266993
1781701471855168688,7.512525396,-0.9950534921193537,0.7029429424933713,1.5929685554289883,-12.661244208686064,-3.141592653589793,-1.5,1.0,728.25,592.5,5.1122004483660195,1511.0,0.0,1585.0,11.683752125266993
1781701471855173967,7.512530675,-0.9950534921193537,0.7029429424933713,1.5929685554289883,-12.661244208686064,-3.141592653589793,-1.5,1.0,728.25,592.5,5.1122004483660195,1511.0,0.0,1585.0,12.18862163383454
1781701471855180750,7.512537458,-0.9950534921193537,0.7029429424933713,1.5929685554289883,-12.661244208686064,-3.141592653589793,-1.5,1.0,731.25,592.5,5.1122004483660195,1511.0,0.0,1585.0,12.18862163383454
1781701471855184317,7.512541025,-0.9950534921193537,0.7029429424933713,1.5929685554289883,-12.661244208686064,-3.141592653589793,-1.5,1.0,731.25,592.5,5.1122004483660195,1511.0,0.0,1585.0,12.18862163383454
1781701471855189186,7.512545894,-0.9950534921193537,0.7029429424933713,1.5929685554289883,-12.661244208686064,-3.141592653589793,-1.5,1.0,731.25,592.5,13.126236435459983,1511.0,0.0,1585.0,12.18862163383454
1781701471855192963,7.512549671,-0.9950534921193537,0.7029429424933713,1.5929685554289883,-12.661244208686064,-3.141592653589793,-1.5,1.0,731.25,592.5,13.126236435459983,1511.0,0.0,1585.0,12.18862163383454
1781701471855196811,7.512553519,-0.9950534921193537,0.7029429424933713,1.5929685554289883,-12.661244208686064,-3.141592653589793,-1.5,1.0,731.25,592.5,13.126236435459983,1511.0,0.0,1585.0,12.18862163383454
1781701471855199816,7.512556524,-0.9950534921193537,0.7029429424933713,1.5929685554289883,-12.661244208686064,-3.141592653589793,-1.5,1.0,731.25,592.5,13.126236435459983,1511.0,0.0,1585.0,12.18862163383454
1781701471855207290,7.512563998,-0.9950534921193537,0.7029429424933713,1.5929685554289883,-12.661244208686064,-3.141592653589793,-1.5,1.0,731.25,592.5,13.126236435459983,1511.0,0.0,1585.0,12.18862163383454
1781701471855273606,7.512630314,-1.0515002709200756,0.7029429424933713,1.5929685554289883,-12.661244208686064,-3.141592653589793,-1.5,1.0,731.25,592.5,13.126236435459983,1511.0,0.0,1585.0,12.18862163383454
1781701471855289265,7.512645973,-1.0515002709200756,0.7029429424933713,1.6356112195273662,-12.661244208686064,-3.141592653589793,-1.5,1.0,731.25,592.5,13.126236435459983,1511.0,0.0,1585.0,12.18862163383454
1781701471855317769,7.512674477,-1.0515002709200756,0.7650055693321495,1.6356112195273662,-12.661244208686064,-3.141592653589793,-1.5,1.0,731.25,592.5,13.126236435459983,1511.0,0.0,1585.0,12.18862163383454
1781701471855350100,7.512706808,-1.0515002709200756,0.7650055693321495,1.6356112195273662,-12.447224541477969,-3.141592653589793,-1.5,1.0,731.25,592.5,13.126236435459983,1511.0,0.0,1585.0,12.18862163383454
1781701471901419724,7.558776432,-1.0515002709200756,0.7650055693321495,1.6356112195273662,-12.447224541477969,-3.141592653589793,-1.5,1.0,731.25,592.5,13.126236435459983,1511.0,0.0,1585.0,12.18862163383454
1781701471901457285,7.558813993,-1.0515002709200756,0.7650055693321495,1.6356112195273662,-12.447224541477969,-3.141592653589793,-1.5,1.0,734.25,592.5,13.126236435459983,1511.0,0.0,1585.0,12.18862163383454
1781701471901460411,7.558817119,-1.0515002709200756,0.7650055693321495,1.6356112195273662,-12.447224541477969,-3.141592653589793,-1.5,1.0,734.25,592.5,13.126236435459983,1511.0,0.0,1585.0,12.18862163383454
1781701471901463748,7.558820456,-1.0515002709200756,0.7650055693321495,1.6356112195273662,-12.447224541477969,-3.141592653589793,-1.5,1.0,734.25,592.5,13.126236435459983,1511.0,0.0,1585.0,12.18862163383454
1781701471901467054,7.558823762,-1.0515002709200756,0.7650055693321495,1.6356112195273662,-12.447224541477969,-3.141592653589793,-1.5,1.0,734.25,592.5,13.126236435459983,1511.0,0.0,1585.0,12.18862163383454
1781701471901469138,7.558825846,-1.0515002709200756,0.7650055693321495,1.6356112195273662,-12.447224541477969,-3.141592653589793,-1.5,1.0,734.25,592.5,13.126236435459983,1511.0,0.0,1585.0,12.18862163383454
1781701471901474959,7.558831667,-1.0515002709200756,0.7650055693321495,1.6356112195273662,-12.447224541477969,-3.141592653589793,-1.5,1.0,734.25,592.5,13.126236435459983,1511.0,0.0,1585.0,12.18862163383454
1781701471901483615,7.558840323,-1.0515002709200756,0.7650055693321495,1.6356112195273662,-12.447224541477969,-3.141592653589793,-1.5,1.0,734.25,592.5,8.837673859966824,1511.0,0.0,1585.0,12.18862163383454
1781701471901500136,7.558856844,-1.0515002709200756,0.7650055693321495,1.6356112195273662,-12.447224541477969,-3.141592653589793,-1.5,1.0,734.25,592.5,8.837673859966824,1511.0,0.0,1585.0,11.01578991298084
1781701471901516427,7.558873135,-1.0515002709200756,0.7650055693321495,1.6356112195273662,-12.447224541477969,-3.141592653589793,-1.5,1.0,734.25,592.5,8.837673859966824,1511.0,0.0,1585.0,11.01578991298084
1781701471901576240,7.558932948,-1.1070503315350233,0.7650055693321495,1.6356112195273662,-12.447224541477969,-3.141592653589793,-1.5,1.0,734.25,592.5,8.837673859966824,1511.0,0.0,1585.0,11.01578991298084
1781701471901584265,7.558940973,-1.1070503315350233,0.7650055693321495,1.4545557406465184,-12.447224541477969,-3.141592653589793,-1.5,1.0,734.25,592.5,8.837673859966824,1511.0,0.0,1585.0,11.01578991298084
1781701471901625333,7.558982041,-1.1070503315350233,0.6248657128023494,1.4545557406465184,-12.447224541477969,-3.141592653589793,-1.5,1.0,734.25,592.5,8.837673859966824,1511.0,0.0,1585.0,11.01578991298084
1781701471901650841,7.559007549,-1.1070503315350233,0.6248657128023494,1.4545557406465184,-7.574973895032251,-3.141592653589793,-1.5,1.0,734.25,592.5,8.837673859966824,1511.0,0.0,1585.0,11.01578991298084
1781701471946128227,7.603484935,-1.1070503315350233,0.6248657128023494,1.4545557406465184,-7.574973895032251,-3.141592653589793,-1.5,1.0,734.25,592.5,8.837673859966824,1511.0,0.0,1585.0,11.01578991298084
1781701471946167531,7.603524239,-1.1070503315350233,0.6248657128023494,1.4545557406465184,-7.574973895032251,-3.141592653589793,-1.5,1.0,737.25,592.5,8.837673859966824,1511.0,0.0,1585.0,11.01578991298084
1781701471946172912,7.60352962,-1.1070503315350233,0.6248657128023494,1.4545557406465184,-7.574973895032251,-3.141592653589793,-1.5,1.0,737.25,592.5,8.837673859966824,1511.0,0.0,1585.0,11.01578991298084
1781701471946176128,7.603532836,-1.1070503315350233,0.6248657128023494,1.4545557406465184,-7.574973895032251,-3.141592653589793,-1.5,1.0,737.25,592.5,8.837673859966824,1511.0,0.0,1585.0,11.01578991298084
1781701471946178512,7.60353522,-1.1070503315350233,0.6248657128023494,1.4545557406465184,-7.574973895032251,-3.141592653589793,-1.5,1.0,737.25,592.5,8.837673859966824,1511.0,0.0,1585.0,11.01578991298084
1781701471946204331,7.603561039,-1.1070503315350233,0.6248657128023494,1.4545557406465184,-7.574973895032251,-3.141592653589793,-1.5,1.0,737.25,592.5,8.837673859966824,1511.0,0.0,1585.0,11.01578991298084
1781701471946228567,7.603585275,-1.1070503315350233,0.6248657128023494,1.4545557406465184,-7.574973895032251,-3.141592653589793,-1.5,1.0,737.25,592.5,8.837673859966824,1511.0,0.0,1585.0,11.01578991298084
1781701471946250779,7.603607487,-1.1070503315350233,0.6248657128023494,1.4545557406465184,-7.574973895032251,-3.141592653589793,-1.5,1.0,737.25,592.5,9.09363242339222,1511.0,0.0,1585.0,11.01578991298084
1781701471946276006,7.603632714,-1.1070503315350233,0.6248657128023494,1.4545557406465184,-7.574973895032251,-3.141592653589793,-1.5,1.0,737.25,592.5,9.09363242339222,1511.0,0.0,1585.0,10.343034791624824
1781701471946295162,7.60365187,-1.1070503315350233,0.6248657128023494,1.4545557406465184,-7.574973895032251,-3.141592653589793,-1.5,1.0,737.25,592.5,9.09363242339222,1511.0,0.0,1585.0,10.343034791624824
1781701471946394490,7.603751198,-1.1617036739641968,0.6248657128023494,1.4545557406465184,-7.574973895032251,-3.141592653589793,-1.5,1.0,737.25,592.5,9.09363242339222,1511.0,0.0,1585.0,10.343034791624824
1781701471946420479,7.603777187,-1.1617036739641968,0.6248657128023494,1.343497661560443,-7.574973895032251,-3.141592653589793,-1.5,1.0,737.25,592.5,9.09363242339222,1511.0,0.0,1585.0,10.343034791624824
1781701471946447911,7.603804619,-1.1617036739641968,0.5508728604018519,1.343497661560443,-7.574973895032251,-3.141592653589793,-1.5,1.0,737.25,592.5,9.09363242339222,1511.0,0.0,1585.0,10.343034791624824
1781701471946502654,7.603859362,-1.1617036739641968,0.5508728604018519,1.343497661560443,-4.186752612326778,-3.141592653589793,-1.5,1.0,737.25,592.5,9.09363242339222,1511.0,0.0,1585.0,10.343034791624824
1781701472078697195,7.736053903,-1.1617036739641968,0.5508728604018519,1.343497661560443,-4.186752612326778,-3.141592653589793,-1.5,1.0,737.25,592.5,9.09363242339222,1511.0,0.0,1585.0,10.343034791624824
1781701472078733784,7.736090492,-1.1617036739641968,0.5508728604018519,1.343497661560443,-4.186752612326778,-3.141592653589793,-1.5,1.0,750.0,592.5,9.09363242339222,1511.0,0.0,1585.0,10.343034791624824
1781701472078738493,7.736095201,-1.1617036739641968,0.5508728604018519,1.343497661560443,-4.186752612326778,-3.141592653589793,-9.364617347717285,1.0,750.0,592.5,9.09363242339222,1511.0,0.0,1585.0,10.343034791624824
1781701472078741359,7.736098067,-1.1617036739641968,0.5508728604018519,1.343497661560443,-4.186752612326778,-3.141592653589793,-9.364617347717285,1.0,750.0,591.75,9.09363242339222,1511.0,0.0,1585.0,10.343034791624824
1781701472078750586,7.736107294,-1.1617036739641968,0.5508728604018519,1.343497661560443,-4.186752612326778,-3.108271657711546,-9.364617347717285,1.0,750.0,591.75,9.09363242339222,1511.0,0.0,1585.0,10.343034791624824
1781701472078786534,7.736143242,-1.1617036739641968,0.5508728604018519,1.343497661560443,-4.186752612326778,-3.108271657711546,-9.364617347717285,1.0,750.0,591.75,9.09363242339222,1522.0,0.0,1585.0,10.343034791624824
1781701472078822382,7.73617909,-1.1617036739641968,0.5508728604018519,1.343497661560443,-4.186752612326778,-3.108271657711546,-9.364617347717285,1.0,750.0,591.75,9.09363242339222,1522.0,0.0,1585.0,10.343034791624824
1781701472078836929,7.736193637,-1.1617036739641968,0.5508728604018519,1.343497661560443,-4.186752612326778,-3.108271657711546,-9.364617347717285,1.0,750.0,591.75,13.628780712111936,1522.0,0.0,1585.0,10.343034791624824
1781701472078850445,7.736207153,-1.1617036739641968,0.5508728604018519,1.343497661560443,-4.186752612326778,-3.108271657711546,-9.364617347717285,1.0,750.0,591.75,13.628780712111936,1522.0,0.0,1585.0,11.493045863795313
1781701472078885150,7.736241858,-1.1617036739641968,0.5508728604018519,1.343497661560443,-4.186752612326778,-3.108271657711546,-9.364617347717285,1.0,750.0,591.75,13.628780712111936,1522.0,0.0,1585.0,11.493045863795313
1781701472078992092,7.7363488,-1.3857093794373487,0.5508728604018519,1.343497661560443,-4.186752612326778,-3.108271657711546,-9.364617347717285,1.0,750.0,591.75,13.628780712111936,1522.0,0.0,1585.0,11.493045863795313
1781701472079013994,7.736370702,-1.3857093794373487,0.5508728604018519,1.3854476170566745,-4.186752612326778,-3.108271657711546,-9.364617347717285,1.0,750.0,591.75,13.628780712111936,1522.0,0.0,1585.0,11.493045863795313
1781701472079047136,7.736403844,-1.3857093794373487,0.6786658547224457,1.3854476170566745,-4.186752612326778,-3.108271657711546,-9.364617347717285,1.0,750.0,591.75,13.628780712111936,1522.0,0.0,1585.0,11.493045863795313
1781701472079086531,7.736443239,-1.3857093794373487,0.6786658547224457,1.3854476170566745,-0.6733611708667553,-3.108271657711546,-9.364617347717285,1.0,750.0,591.75,13.628780712111936,1522.0,0.0,1585.0,11.493045863795313
1781701472115644766,7.773001474,-1.3857093794373487,0.6786658547224457,1.3854476170566745,-0.6733611708667553,-3.108271657711546,-9.364617347717285,1.0,750.0,591.75,13.628780712111936,1522.0,0.0,1585.0,11.493045863795313
1781701472115687527,7.773044235,-1.3857093794373487,0.6786658547224457,1.3854476170566745,-0.6733611708667553,-3.108271657711546,-9.364617347717285,1.0,752.25,591.75,13.628780712111936,1522.0,0.0,1585.0,11.493045863795313
1781701472115693458,7.773050166,-1.3857093794373487,0.6786658547224457,1.3854476170566745,-0.6733611708667553,-3.107123552590285,-9.364617347717285,1.0,752.25,591.75,13.628780712111936,1522.0,0.0,1585.0,11.493045863795313
1781701472115698127,7.773054835,-1.3857093794373487,0.6786658547224457,1.3854476170566745,-0.6733611708667553,-3.107123552590285,-9.53207778930664,1.0,752.25,591.75,13.628780712111936,1522.0,0.0,1585.0,11.493045863795313
1781701472115703106,7.773059814,-1.3857093794373487,0.6786658547224457,1.3854476170566745,-0.6733611708667553,-3.107123552590285,-9.53207778930664,1.0,752.25,591.75,13.628780712111936,1522.0,0.0,1585.0,11.493045863795313
1781701472115715179,7.773071887,-1.3857093794373487,0.6786658547224457,1.3854476170566745,-0.6733611708667553,-3.107123552590285,-9.53207778930664,1.0,752.25,591.75,13.628780712111936,1555.0,0.0,1585.0,11.493045863795313
1781701472115764001,7.773120709,-1.3857093794373487,0.6786658547224457,1.3854476170566745,-0.6733611708667553,-3.107123552590285,-9.53207778930664,1.0,752.25,591.75,13.628780712111936,1555.0,0.0,1500.0,11.493045863795313
1781701472115784170,7.773140878,-1.3857093794373487,0.6786658547224457,1.3854476170566745,-0.6733611708667553,-3.107123552590285,-9.53207778930664,1.0,752.25,591.75,7.484147537052995,1555.0,0.0,1500.0,11.493045863795313
1781701472115820819,7.773177527,-1.3857093794373487,0.6786658547224457,1.3854476170566745,-0.6733611708667553,-3.107123552590285,-9.53207778930664,1.0,752.25,591.75,7.484147537052995,1555.0,0.0,1500.0,10.0899314494355
1781701472115848441,7.773205149,-1.3857093794373487,0.6786658547224457,1.3854476170566745,-0.6733611708667553,-3.107123552590285,-9.53207778930664,1.0,752.25,591.75,7.484147537052995,1555.0,0.0,1500.0,10.0899314494355
1781701472115931959,7.773288667,-1.373661628765356,0.6786658547224457,1.3854476170566745,-0.6733611708667553,-3.107123552590285,-9.53207778930664,1.0,752.25,591.75,7.484147537052995,1555.0,0.0,1500.0,10.0899314494355
1781701472115946947,7.773303655,-1.373661628765356,0.6786658547224457,1.2432118427807344,-0.6733611708667553,-3.107123552590285,-9.53207778930664,1.0,752.25,591.75,7.484147537052995,1555.0,0.0,1500.0,10.0899314494355
1781701472115957838,7.773314546,-1.373661628765356,0.3704082093479623,1.2432118427807344,-0.6733611708667553,-3.107123552590285,-9.53207778930664,1.0,752.25,591.75,7.484147537052995,1555.0,0.0,1500.0,10.0899314494355
1781701472116014815,7.773371523,-1.373661628765356,0.3704082093479623,1.2432118427807344,2.0671973227621123,-3.107123552590285,-9.53207778930664,1.0,752.25,591.75,7.484147537052995,1555.0,0.0,1500.0,10.0899314494355
1781701472226987564,7.884344272,-1.373661628765356,0.3704082093479623,1.2432118427807344,2.0671973227621123,-3.107123552590285,-9.53207778930664,1.0,752.25,591.75,7.484147537052995,1555.0,0.0,1500.0,10.0899314494355
1781701472227031758,7.884388466,-1.373661628765356,0.3704082093479623,1.2432118427807344,2.0671973227621123,-3.107123552590285,-9.53207778930664,1.0,762.0,591.75,7.484147537052995,1555.0,0.0,1500.0,10.0899314494355
1781701472227037358,7.884394066,-1.373661628765356,0.3704082093479623,1.2432118427807344,2.0671973227621123,-3.108271657711546,-9.53207778930664,1.0,762.0,591.75,7.484147537052995,1555.0,0.0,1500.0,10.0899314494355
1781701472227040945,7.884397653,-1.373661628765356,0.3704082093479623,1.2432118427807344,2.0671973227621123,-3.108271657711546,-8.964838981628418,1.0,762.0,591.75,7.484147537052995,1555.0,0.0,1500.0,10.0899314494355
1781701472227044071,7.884400779,-1.373661628765356,0.3704082093479623,1.2432118427807344,2.0671973227621123,-3.108271657711546,-8.964838981628418,1.0,762.0,591.75,7.484147537052995,1542.0,0.0,1500.0,10.0899314494355
1781701472227046976,7.884403684,-1.373661628765356,0.3704082093479623,1.2432118427807344,2.0671973227621123,-3.108271657711546,-8.964838981628418,1.0,762.0,591.75,7.484147537052995,1542.0,0.0,1500.0,10.0899314494355
1781701472227054320,7.884411028,-1.373661628765356,0.3704082093479623,1.2432118427807344,2.0671973227621123,-3.108271657711546,-8.964838981628418,1.0,762.0,591.75,7.484147537052995,1542.0,0.0,1500.0,10.0899314494355
1781701472227057176,7.884413884,-1.373661628765356,0.3704082093479623,1.2432118427807344,2.0671973227621123,-3.108271657711546,-8.964838981628418,1.0,762.0,591.75,12.243756576038772,1542.0,0.0,1500.0,10.0899314494355
1781701472227064109,7.884420817,-1.373661628765356,0.3704082093479623,1.2432118427807344,2.0671973227621123,-3.108271657711546,-8.964838981628418,1.0,762.0,591.75,12.243756576038772,1542.0,0.0,1500.0,10.843770243746645
1781701472227074128,7.884430836,-1.373661628765356,0.3704082093479623,1.2432118427807344,2.0671973227621123,-3.108271657711546,-8.964838981628418,1.0,762.0,591.75,12.243756576038772,1542.0,0.0,1500.0,10.843770243746645
1781701472227137527,7.884494235,-1.5798734376447072,0.3704082093479623,1.2432118427807344,2.0671973227621123,-3.108271657711546,-8.964838981628418,1.0,762.0,591.75,12.243756576038772,1542.0,0.0,1500.0,10.843770243746645
1781701472227144541,7.884501249,-1.5798734376447072,0.3704082093479623,1.2141389392710018,2.0671973227621123,-3.108271657711546,-8.964838981628418,1.0,762.0,591.75,12.243756576038772,1542.0,0.0,1500.0,10.843770243746645
1781701472227159509,7.884516217,-1.5798734376447072,0.4483442744613698,1.2141389392710018,2.0671973227621123,-3.108271657711546,-8.964838981628418,1.0,762.0,591.75,12.243756576038772,1542.0,0.0,1500.0,10.843770243746645
1781701472227191720,7.884548428,-1.5798734376447072,0.4483442744613698,1.2141389392710018,6.710599617613806,-3.108271657711546,-8.964838981628418,1.0,762.0,591.75,12.243756576038772,1542.0,0.0,1500.0,10.843770243746645
1781701472272076085,7.929432793,-1.5798734376447072,0.4483442744613698,1.2141389392710018,6.710599617613806,-3.108271657711546,-8.964838981628418,1.0,762.0,591.75,12.243756576038772,1542.0,0.0,1500.0,10.843770243746645
1781701472272168500,7.929525208,-1.5798734376447072,0.4483442744613698,1.2141389392710018,6.710599617613806,-3.108271657711546,-8.964838981628418,1.0,762.0,591.75,12.243756576038772,1542.0,0.0,1500.0,10.843770243746645
1781701472272177086,7.929533794,-1.5798734376447072,0.4483442744613698,1.2141389392710018,6.710599617613806,-3.108271657711546,-8.964838981628418,1.0,764.25,591.75,12.243756576038772,1542.0,0.0,1500.0,10.843770243746645
1781701472272181695,7.929538403,-1.5798734376447072,0.4483442744613698,1.2141389392710018,6.710599617613806,-3.107123552590285,-8.964838981628418,1.0,764.25,591.75,12.243756576038772,1542.0,0.0,1500.0,10.843770243746645
1781701472272188858,7.929545566,-1.5798734376447072,0.4483442744613698,1.2141389392710018,6.710599617613806,-3.107123552590285,-8.964838981628418,1.0,764.25,591.75,7.137253570999512,1542.0,0.0,1500.0,10.843770243746645
1781701472272195431,7.929552139,-1.5798734376447072,0.4483442744613698,1.2141389392710018,6.710599617613806,-3.107123552590285,-9.1185302734375,1.0,764.25,591.75,7.137253570999512,1542.0,0.0,1500.0,10.843770243746645
1781701472272200159,7.929556867,-1.5798734376447072,0.4483442744613698,1.2141389392710018,6.710599617613806,-3.107123552590285,-9.1185302734375,1.0,764.25,591.75,7.137253570999512,1553.0,0.0,1500.0,10.843770243746645
1781701472272204778,7.929561486,-1.5798734376447072,0.4483442744613698,1.2141389392710018,6.710599617613806,-3.107123552590285,-9.1185302734375,1.0,764.25,591.75,7.137253570999512,1553.0,0.0,1500.0,10.843770243746645
1781701472272215268,7.929571976,-1.5798734376447072,0.4483442744613698,1.2141389392710018,6.710599617613806,-3.107123552590285,-9.1185302734375,1.0,764.25,591.75,7.137253570999512,1553.0,0.0,1500.0,9.546489408285149
1781701472272220458,7.929577166,-1.5798734376447072,0.4483442744613698,1.2141389392710018,6.710599617613806,-3.107123552590285,-9.1185302734375,1.0,764.25,591.75,7.137253570999512,1553.0,0.0,1500.0,9.546489408285149
1781701472272321068,7.929677776,-1.577918976744821,0.4483442744613698,1.2141389392710018,6.710599617613806,-3.107123552590285,-9.1185302734375,1.0,764.25,591.75,7.137253570999512,1553.0,0.0,1500.0,9.546489408285149
1781701472272333822,7.92969053,-1.577918976744821,0.4483442744613698,1.0861638177351876,6.710599617613806,-3.107123552590285,-9.1185302734375,1.0,764.25,591.75,7.137253570999512,1553.0,0.0,1500.0,9.546489408285149
1781701472272359891,7.929716599,-1.577918976744821,0.3244180505790051,1.0861638177351876,6.710599617613806,-3.107123552590285,-9.1185302734375,1.0,764.25,591.75,7.137253570999512,1553.0,0.0,1500.0,9.546489408285149
1781701472272407060,7.929763768,-1.577918976744821,0.3244180505790051,1.0861638177351876,9.352421665420984,-3.107123552590285,-9.1185302734375,1.0,764.25,591.75,7.137253570999512,1553.0,0.0,1500.0,9.546489408285149
1781701472306348773,7.963705481,-1.577918976744821,0.3244180505790051,1.0861638177351876,9.352421665420984,-3.107123552590285,-9.1185302734375,1.0,764.25,591.75,7.137253570999512,1553.0,0.0,1500.0,9.546489408285149
1781701472306382186,7.963738894,-1.577918976744821,0.3244180505790051,1.0861638177351876,9.352421665420984,-3.107123552590285,-9.1185302734375,1.0,768.0,591.75,7.137253570999512,1553.0,0.0,1500.0,9.546489408285149
1781701472306385191,7.963741899,-1.577918976744821,0.3244180505790051,1.0861638177351876,9.352421665420984,-3.108271657711546,-9.1185302734375,1.0,768.0,591.75,7.137253570999512,1553.0,0.0,1500.0,9.546489408285149
1781701472306388648,7.963745356,-1.577918976744821,0.3244180505790051,1.0861638177351876,9.352421665420984,-3.108271657711546,-8.764949798583984,1.0,768.0,591.75,7.137253570999512,1553.0,0.0,1500.0,9.546489408285149
1781701472306391223,7.963747931,-1.577918976744821,0.3244180505790051,1.0861638177351876,9.352421665420984,-3.108271657711546,-8.764949798583984,1.0,768.0,591.75,7.137253570999512,1537.0,0.0,1500.0,9.546489408285149
1781701472306393748,7.963750456,-1.577918976744821,0.3244180505790051,1.0861638177351876,9.352421665420984,-3.108271657711546,-8.764949798583984,1.0,768.0,591.75,7.137253570999512,1537.0,0.0,1500.0,9.546489408285149
1781701472306400681,7.963757389,-1.577918976744821,0.3244180505790051,1.0861638177351876,9.352421665420984,-3.108271657711546,-8.764949798583984,1.0,768.0,591.75,7.137253570999512,1537.0,0.0,1500.0,9.546489408285149
1781701472306402915,7.963759623,-1.577918976744821,0.3244180505790051,1.0861638177351876,9.352421665420984,-3.108271657711546,-8.764949798583984,1.0,768.0,591.75,13.294329249576506,1537.0,0.0,1500.0,9.546489408285149
1781701472306412563,7.963769271,-1.577918976744821,0.3244180505790051,1.0861638177351876,9.352421665420984,-3.108271657711546,-8.764949798583984,1.0,768.0,591.75,13.294329249576506,1537.0,0.0,1500.0,10.858233352737123
1781701472306423253,7.963779961,-1.577918976744821,0.3244180505790051,1.0861638177351876,9.352421665420984,-3.108271657711546,-8.764949798583984,1.0,768.0,591.75,13.294329249576506,1537.0,0.0,1500.0,10.858233352737123
1781701472306484429,7.963841137,-1.671581742370213,0.3244180505790051,1.0861638177351876,9.352421665420984,-3.108271657711546,-8.764949798583984,1.0,768.0,591.75,13.294329249576506,1537.0,0.0,1500.0,10.858233352737123
1781701472306490621,7.963847329,-1.671581742370213,0.3244180505790051,1.1691759211179469,9.352421665420984,-3.108271657711546,-8.764949798583984,1.0,768.0,591.75,13.294329249576506,1537.0,0.0,1500.0,10.858233352737123
1781701472306497814,7.963854522,-1.671581742370213,0.4559242762996942,1.1691759211179469,9.352421665420984,-3.108271657711546,-8.764949798583984,1.0,768.0,591.75,13.294329249576506,1537.0,0.0,1500.0,10.858233352737123
1781701472306533171,7.963889879,-1.671581742370213,0.4559242762996942,1.1691759211179469,9.442413563859219,-3.108271657711546,-8.764949798583984,1.0,768.0,591.75,13.294329249576506,1537.0,0.0,1500.0,10.858233352737123
1781701472365836507,8.023193215,-1.671581742370213,0.4559242762996942,1.1691759211179469,9.442413563859219,-3.108271657711546,-8.764949798583984,1.0,771.0,591.75,13.294329249576506,1537.0,0.0,1500.0,10.858233352737123
1781701472365931596,8.023288304,-1.671581742370213,0.4559242762996942,1.1691759211179469,9.442413563859219,-3.0750244898139694,-8.764949798583984,1.0,771.0,591.75,13.294329249576506,1537.0,0.0,1500.0,10.858233352737123
1781701472365967193,8.023323901,-1.671581742370213,0.4559242762996942,1.1691759211179469,9.442413563859219,-3.0750244898139694,-15.804553985595703,1.0,771.0,591.75,13.294329249576506,1537.0,0.0,1500.0,10.858233352737123
1781701472365989566,8.023346274,-1.671581742370213,0.4559242762996942,1.1691759211179469,9.442413563859219,-3.0750244898139694,-15.804553985595703,1.0,771.0,591.75,13.294329249576506,1537.0,0.0,1500.0,10.858233352737123
1781701472366008722,8.02336543,-1.671581742370213,0.4559242762996942,1.1691759211179469,9.442413563859219,-3.0750244898139694,-15.804553985595703,1.0,771.0,591.0,13.294329249576506,1537.0,0.0,1500.0,10.858233352737123
1781701472366161781,8.023518489,-1.671581742370213,0.4559242762996942,1.1691759211179469,9.442413563859219,-3.0750244898139694,-15.804553985595703,1.0,771.0,591.0,13.294329249576506,1537.0,0.0,1500.0,10.858233352737123
1781701472366210974,8.023567682,-1.671581742370213,0.4559242762996942,1.1691759211179469,9.442413563859219,-3.0750244898139694,-15.804553985595703,1.0,771.0,591.0,13.294329249576506,1537.0,0.0,1500.0,9.673549847175465
1781701472366248956,8.023605664,-1.749452618547744,0.4559242762996942,1.1691759211179469,9.442413563859219,-3.0750244898139694,-15.804553985595703,1.0,771.0,591.0,13.294329249576506,1537.0,0.0,1500.0,9.673549847175465
1781701472366284373,8.023641081,-1.749452618547744,0.4559242762996942,0.9878004516704615,9.442413563859219,-3.0750244898139694,-15.804553985595703,1.0,771.0,591.0,13.294329249576506,1537.0,0.0,1500.0,9.673549847175465
1781701472366323517,8.023680225,-1.749452618547744,0.32236006973334036,0.9878004516704615,9.442413563859219,-3.0750244898139694,-15.804553985595703,1.0,771.0,591.0,13.294329249576506,1537.0,0.0,1500.0,9.673549847175465
1781701472366330630,8.023687338,-1.749452618547744,0.32236006973334036,0.9878004516704615,9.442413563859219,-3.0750244898139694,-15.804553985595703,1.0,771.0,591.0,7.47342333684667,1537.0,0.0,1500.0,9.673549847175465
1781701472366334888,8.023691596,-1.749452618547744,0.32236006973334036,0.9878004516704615,14.768642707194495,-3.0750244898139694,-15.804553985595703,1.0,771.0,591.0,7.47342333684667,1537.0,0.0,1500.0,9.673549847175465
1781701472366339336,8.023696044,-1.749452618547744,0.32236006973334036,0.9878004516704615,14.768642707194495,-3.0750244898139694,-15.804553985595703,1.0,771.0,591.0,7.47342333684667,1721.0,0.0,1500.0,9.673549847175465
1781701472366343795,8.023700503,-1.749452618547744,0.32236006973334036,0.9878004516704615,14.768642707194495,-3.0750244898139694,-15.804553985595703,1.0,771.0,591.0,7.47342333684667,1721.0,0.0,1500.0,9.673549847175465
1781701472424773099,8.082129807,-1.749452618547744,0.32236006973334036,0.9878004516704615,14.768642707194495,-3.0750244898139694,-15.804553985595703,1.0,772.5,591.0,7.47342333684667,1721.0,0.0,1500.0,9.673549847175465
1781701472424802024,8.082158732,-1.749452618547744,0.32236006973334036,0.9878004516704615,14.768642707194495,-3.0750244898139694,-15.804553985595703,1.0,772.5,591.0,7.47342333684667,1721.0,0.0,1500.0,9.673549847175465
1781701472424832561,8.082189269,-1.749452618547744,0.32236006973334036,0.9878004516704615,14.768642707194495,-3.070285188804503,-15.804553985595703,1.0,772.5,591.0,7.47342333684667,1721.0,0.0,1500.0,9.673549847175465
1781701472424838763,8.082195471,-1.749452618547744,0.32236006973334036,0.9878004516704615,14.768642707194495,-3.070285188804503,-16.607297897338867,1.0,772.5,591.0,7.47342333684667,1721.0,0.0,1500.0,9.673549847175465
1781701472424842691,8.082199399,-1.749452618547744,0.32236006973334036,0.9878004516704615,14.768642707194495,-3.070285188804503,-16.607297897338867,1.0,772.5,591.0,7.47342333684667,1602.0,0.0,1500.0,9.673549847175465
1781701472424847049,8.082203757,-1.749452618547744,0.32236006973334036,0.9878004516704615,14.768642707194495,-3.070285188804503,-16.607297897338867,1.0,772.5,591.0,7.47342333684667,1602.0,0.0,1500.0,9.673549847175465
1781701472424858771,8.082215479,-1.749452618547744,0.32236006973334036,0.9878004516704615,14.768642707194495,-3.070285188804503,-16.607297897338867,1.0,772.5,591.0,7.47342333684667,1602.0,0.0,1500.0,9.673549847175465
1781701472424868940,8.082225648,-1.749452618547744,0.32236006973334036,0.9878004516704615,14.768642707194495,-3.070285188804503,-16.607297897338867,1.0,772.5,591.0,3.6755369837429583,1602.0,0.0,1500.0,9.673549847175465
1781701472424906020,8.082262728,-1.749452618547744,0.32236006973334036,0.9878004516704615,14.768642707194495,-3.070285188804503,-16.607297897338867,1.0,772.5,591.0,3.6755369837429583,1602.0,0.0,1500.0,7.574245344974088
1781701472424925607,8.082282315,-1.749452618547744,0.32236006973334036,0.9878004516704615,14.768642707194495,-3.070285188804503,-16.607297897338867,1.0,772.5,591.0,3.6755369837429583,1602.0,0.0,1500.0,7.574245344974088
1781701472425047147,8.082403855,-1.6981143074298346,0.32236006973334036,0.9878004516704615,14.768642707194495,-3.070285188804503,-16.607297897338867,1.0,772.5,591.0,3.6755369837429583,1602.0,0.0,1500.0,7.574245344974088
1781701472425061574,8.082418282,-1.6981143074298346,0.32236006973334036,0.8192902831483238,14.768642707194495,-3.070285188804503,-16.607297897338867,1.0,772.5,591.0,3.6755369837429583,1602.0,0.0,1500.0,7.574245344974088
1781701472425064960,8.082421668,-1.6981143074298346,0.15412317010721807,0.8192902831483238,14.768642707194495,-3.070285188804503,-16.607297897338867,1.0,772.5,591.0,3.6755369837429583,1602.0,0.0,1500.0,7.574245344974088
1781701472425110667,8.082467375,-1.6981143074298346,0.15412317010721807,0.8192902831483238,17.27189509506416,-3.070285188804503,-16.607297897338867,1.0,772.5,591.0,3.6755369837429583,1602.0,0.0,1500.0,7.574245344974088
1781701472456162470,8.113519178,-1.6981143074298346,0.15412317010721807,0.8192902831483238,17.27189509506416,-3.070285188804503,-16.607297897338867,1.0,772.5,591.0,3.6755369837429583,1602.0,0.0,1500.0,7.574245344974088
1781701472456201233,8.113557941,-1.6981143074298346,0.15412317010721807,0.8192902831483238,17.27189509506416,-3.070285188804503,-16.607297897338867,1.0,772.5,591.0,3.6755369837429583,1602.0,0.0,1500.0,7.574245344974088
1781701472456205711,8.113562419,-1.6981143074298346,0.15412317010721807,0.8192902831483238,17.27189509506416,-3.070285188804503,-16.607297897338867,1.0,774.0,591.0,3.6755369837429583,1602.0,0.0,1500.0,7.574245344974088
1781701472456208957,8.113565665,-1.6981143074298346,0.15412317010721807,0.8192902831483238,17.27189509506416,-3.0750244898139694,-16.607297897338867,1.0,774.0,591.0,3.6755369837429583,1602.0,0.0,1500.0,7.574245344974088
1781701472456213105,8.113569813,-1.6981143074298346,0.15412317010721807,0.8192902831483238,17.27189509506416,-3.0750244898139694,-15.604996681213379,1.0,774.0,591.0,3.6755369837429583,1602.0,0.0,1500.0,7.574245344974088
1781701472456215109,8.113571817,-1.6981143074298346,0.15412317010721807,0.8192902831483238,17.27189509506416,-3.0750244898139694,-15.604996681213379,1.0,774.0,591.0,3.6755369837429583,1548.0,0.0,1500.0,7.574245344974088
1781701472456218676,8.113575384,-1.6981143074298346,0.15412317010721807,0.8192902831483238,17.27189509506416,-3.0750244898139694,-15.604996681213379,1.0,774.0,591.0,3.6755369837429583,1548.0,0.0,1500.0,7.574245344974088
1781701472456225409,8.113582117,-1.6981143074298346,0.15412317010721807,0.8192902831483238,17.27189509506416,-3.0750244898139694,-15.604996681213379,1.0,774.0,591.0,6.337974927100249,1548.0,0.0,1500.0,7.574245344974088
1781701472456232412,8.11358912,-1.6981143074298346,0.15412317010721807,0.8192902831483238,17.27189509506416,-3.0750244898139694,-15.604996681213379,1.0,774.0,591.0,6.337974927100249,1548.0,0.0,1500.0,7.141550698718245
1781701472456247480,8.113604188,-1.6981143074298346,0.15412317010721807,0.8192902831483238,17.27189509506416,-3.0750244898139694,-15.604996681213379,1.0,774.0,591.0,6.337974927100249,1548.0,0.0,1500.0,7.141550698718245
1781701472456314076,8.113670784,-1.7917253476555404,0.15412317010721807,0.8192902831483238,17.27189509506416,-3.0750244898139694,-15.604996681213379,1.0,774.0,591.0,6.337974927100249,1548.0,0.0,1500.0,7.141550698718245
1781701472456331329,8.113688037,-1.7917253476555404,0.15412317010721807,0.7144263637912447,17.27189509506416,-3.0750244898139694,-15.604996681213379,1.0,774.0,591.0,6.337974927100249,1548.0,0.0,1500.0,7.141550698718245
1781701472456346046,8.113702754,-1.7917253476555404,0.11395468221400142,0.7144263637912447,17.27189509506416,-3.0750244898139694,-15.604996681213379,1.0,774.0,591.0,6.337974927100249,1548.0,0.0,1500.0,7.141550698718245
1781701472456390861,8.113747569,-1.7917253476555404,0.11395468221400142,0.7144263637912447,21.292871544450687,-3.0750244898139694,-15.604996681213379,1.0,774.0,591.0,6.337974927100249,1548.0,0.0,1500.0,7.141550698718245
1781701472494380761,8.151737469,-1.7917253476555404,0.11395468221400142,0.7144263637912447,21.292871544450687,-3.0750244898139694,-15.604996681213379,1.0,774.0,591.0,6.337974927100249,1548.0,0.0,1500.0,7.141550698718245
1781701472494438821,8.151795529,-1.7917253476555404,0.11395468221400142,0.7144263637912447,21.292871544450687,-3.0750244898139694,-15.604996681213379,1.0,774.0,591.0,6.337974927100249,1548.0,0.0,1500.0,7.141550698718245
1781701472494447307,8.151804015,-1.7917253476555404,0.11395468221400142,0.7144263637912447,21.292871544450687,-3.0750244898139694,-15.604996681213379,1.0,775.5,591.0,6.337974927100249,1548.0,0.0,1500.0,7.141550698718245
1781701472494451936,8.151808644,-1.7917253476555404,0.11395468221400142,0.7144263637912447,21.292871544450687,-3.070285188804503,-15.604996681213379,1.0,775.5,591.0,6.337974927100249,1548.0,0.0,1500.0,7.141550698718245
1781701472494457727,8.151814435,-1.7917253476555404,0.11395468221400142,0.7144263637912447,21.292871544450687,-3.070285188804503,-16.393556594848633,1.0,775.5,591.0,6.337974927100249,1548.0,0.0,1500.0,7.141550698718245
1781701472494463247,8.151819955,-1.7917253476555404,0.11395468221400142,0.7144263637912447,21.292871544450687,-3.070285188804503,-16.393556594848633,1.0,775.5,591.0,6.337974927100249,1610.0,0.0,1500.0,7.141550698718245
1781701472494467385,8.151824093,-1.7917253476555404,0.11395468221400142,0.7144263637912447,21.292871544450687,-3.070285188804503,-16.393556594848633,1.0,775.5,591.0,6.337974927100249,1610.0,0.0,1500.0,7.141550698718245
1781701472494477805,8.151834513,-1.7917253476555404,0.11395468221400142,0.7144263637912447,21.292871544450687,-3.070285188804503,-16.393556594848633,1.0,775.5,591.0,6.337974927100249,1610.0,0.0,1500.0,6.712804299739493
1781701472494481411,8.151838119,-1.7917253476555404,0.11395468221400142,0.7144263637912447,21.292871544450687,-3.070285188804503,-16.393556594848633,1.0,775.5,591.0,5.916560987350383,1610.0,0.0,1500.0,6.712804299739493
1781701472494484577,8.151841285,-1.7917253476555404,0.11395468221400142,0.7144263637912447,21.292871544450687,-3.070285188804503,-16.393556594848633,1.0,775.5,591.0,5.916560987350383,1610.0,0.0,1500.0,6.712804299739493
1781701472494539511,8.151896219,-1.7429033426438905,0.11395468221400142,0.7144263637912447,21.292871544450687,-3.070285188804503,-16.393556594848633,1.0,775.5,591.0,5.916560987350383,1610.0,0.0,1500.0,6.712804299739493
1781701472494551875,8.151908583,-1.7429033426438905,0.11395468221400142,0.7111995930719449,21.292871544450687,-3.070285188804503,-16.393556594848633,1.0,775.5,591.0,5.916560987350383,1610.0,0.0,1500.0,6.712804299739493
1781701472494566552,8.15192326,-1.7429033426438905,0.0918699526843436,0.7111995930719449,21.292871544450687,-3.070285188804503,-16.393556594848633,1.0,775.5,591.0,5.916560987350383,1610.0,0.0,1500.0,6.712804299739493
1781701472494596188,8.151952896,-1.7429033426438905,0.0918699526843436,0.7111995930719449,20.39483250700482,-3.070285188804503,-16.393556594848633,1.0,775.5,591.0,5.916560987350383,1610.0,0.0,1500.0,6.712804299739493
1781701472551043498,8.208400206,-1.7429033426438905,0.0918699526843436,0.7111995930719449,20.39483250700482,-3.070285188804503,-16.393556594848633,1.0,777.0,591.0,5.916560987350383,1610.0,0.0,1500.0,6.712804299739493
1781701472551079897,8.208436605,-1.7429033426438905,0.0918699526843436,0.7111995930719449,20.39483250700482,-3.070285188804503,-16.393556594848633,1.0,777.0,591.0,5.916560987350383,1610.0,0.0,1500.0,6.712804299739493
1781701472551092912,8.20844962,-1.7429033426438905,0.0918699526843436,0.7111995930719449,20.39483250700482,-3.070285188804503,-16.393556594848633,1.0,777.0,591.75,5.916560987350383,1610.0,0.0,1500.0,6.712804299739493
1781701472551128940,8.208485648,-1.7429033426438905,0.0918699526843436,0.7111995930719449,20.39483250700482,-3.070285188804503,-16.393556594848633,1.0,777.0,591.75,5.916560987350383,1610.0,0.0,1500.0,6.712804299739493
1781701472551132406,8.208489114,-1.7429033426438905,0.0918699526843436,0.7111995930719449,20.39483250700482,-3.070285188804503,-16.393556594848633,1.0,777.0,591.75,5.916560987350383,1610.0,0.0,1500.0,5.602503412899629
1781701472551135622,8.20849233,-1.7429033426438905,0.0918699526843436,0.7111995930719449,20.39483250700482,-3.108271657711546,-16.393556594848633,1.0,777.0,591.75,5.916560987350383,1610.0,0.0,1500.0,5.602503412899629
1781701472551140461,8.208497169,-1.7429033426438905,0.0918699526843436,0.7111995930719449,20.39483250700482,-3.108271657711546,-16.393556594848633,1.0,777.0,591.75,3.540516051625594,1610.0,0.0,1500.0,5.602503412899629
1781701472551144389,8.208501097,-1.7429033426438905,0.0918699526843436,0.7111995930719449,20.39483250700482,-3.108271657711546,-8.465116500854492,1.0,777.0,591.75,3.540516051625594,1610.0,0.0,1500.0,5.602503412899629
1781701472551147845,8.208504553,-1.7429033426438905,0.0918699526843436,0.7111995930719449,20.39483250700482,-3.108271657711546,-8.465116500854492,1.0,777.0,591.75,3.540516051625594,1398.0,0.0,1500.0,5.602503412899629
1781701472551152394,8.208509102,-1.7429033426438905,0.0918699526843436,0.7111995930719449,20.39483250700482,-3.108271657711546,-8.465116500854492,1.0,777.0,591.75,3.540516051625594,1398.0,0.0,1500.0,5.602503412899629
1781701472551165970,8.208522678,-1.8024270439857535,0.0918699526843436,0.7111995930719449,20.39483250700482,-3.108271657711546,-8.465116500854492,1.0,777.0,591.75,3.540516051625594,1398.0,0.0,1500.0,5.602503412899629
1781701472551195135,8.208551843,-1.8024270439857535,0.0918699526843436,0.567205068354805,20.39483250700482,-3.108271657711546,-8.465116500854492,1.0,777.0,591.75,3.540516051625594,1398.0,0.0,1500.0,5.602503412899629
1781701472551204923,8.208561631,-1.8024270439857535,0.02042481175331729,0.567205068354805,20.39483250700482,-3.108271657711546,-8.465116500854492,1.0,777.0,591.75,3.540516051625594,1398.0,0.0,1500.0,5.602503412899629
1781701472551243797,8.208600505,-1.8024270439857535,0.02042481175331729,0.567205068354805,24.54318735174805,-3.108271657711546,-8.465116500854492,1.0,777.0,591.75,3.540516051625594,1398.0,0.0,1500.0,5.602503412899629
1781701472592375813,8.249732521,-1.8024270439857535,0.02042481175331729,0.567205068354805,24.54318735174805,-3.108271657711546,-8.465116500854492,1.0,777.0,591.75,3.540516051625594,1398.0,0.0,1500.0,5.602503412899629
1781701472592411130,8.249767838,-1.8024270439857535,0.02042481175331729,0.567205068354805,24.54318735174805,-3.108271657711546,-8.465116500854492,1.0,777.0,591.75,3.540516051625594,1398.0,0.0,1500.0,5.602503412899629
1781701472592414286,8.249770994,-1.8024270439857535,0.02042481175331729,0.567205068354805,24.54318735174805,-3.108271657711546,-8.465116500854492,1.0,777.0,591.75,3.540516051625594,1398.0,0.0,1500.0,5.602503412899629
1781701472592416890,8.249773598,-1.8024270439857535,0.02042481175331729,0.567205068354805,24.54318735174805,-3.108271657711546,-8.465116500854492,1.0,777.0,591.75,3.540516051625594,1398.0,0.0,1500.0,5.602503412899629
1781701472592419255,8.249775963,-1.8024270439857535,0.02042481175331729,0.567205068354805,24.54318735174805,-3.108271657711546,-8.465116500854492,1.0,777.0,591.75,3.540516051625594,1398.0,0.0,1500.0,5.602503412899629
1781701472592425847,8.249782555,-1.8024270439857535,0.02042481175331729,0.567205068354805,24.54318735174805,-3.108271657711546,-8.465116500854492,1.0,777.0,591.75,3.540516051625594,1546.0,0.0,1500.0,5.602503412899629
1781701472592430687,8.249787395,-1.8024270439857535,0.02042481175331729,0.567205068354805,24.54318735174805,-3.108271657711546,-8.465116500854492,1.0,777.0,591.75,3.540516051625594,1546.0,0.0,1500.0,5.602503412899629
1781701472592451386,8.249808094,-1.8024270439857535,0.02042481175331729,0.567205068354805,24.54318735174805,-3.108271657711546,-8.465116500854492,1.0,777.0,591.75,0.0,1546.0,0.0,1500.0,5.602503412899629
1781701472592459982,8.24981669,-1.8024270439857535,0.02042481175331729,0.567205068354805,24.54318735174805,-3.108271657711546,-8.465116500854492,1.0,777.0,591.75,0.0,1546.0,0.0,1500.0,3.641627218384759
1781701472592479719,8.249836427,-1.8024270439857535,0.02042481175331729,0.567205068354805,24.54318735174805,-3.108271657711546,-8.465116500854492,1.0,777.0,591.75,0.0,1546.0,0.0,1500.0,3.641627218384759
1781701472592542558,8.249899266,-1.8024270439857535,0.02042481175331729,0.567205068354805,24.54318735174805,-3.108271657711546,-8.465116500854492,1.0,777.0,591.75,0.0,1546.0,0.0,1500.0,3.641627218384759
1781701472592547738,8.249904446,-1.8024270439857535,0.02042481175331729,0.3686832944306232,24.54318735174805,-3.108271657711546,-8.465116500854492,1.0,777.0,591.75,0.0,1546.0,0.0,1500.0,3.641627218384759
1781701472592570070,8.249926778,-1.8024270439857535,-0.07269831114964434,0.3686832944306232,24.54318735174805,-3.108271657711546,-8.465116500854492,1.0,777.0,591.75,0.0,1546.0,0.0,1500.0,3.641627218384759
1781701472592598413,8.249955121,-1.8024270439857535,-0.07269831114964434,0.3686832944306232,28.60674595313464,-3.108271657711546,-8.465116500854492,1.0,777.0,591.75,0.0,1546.0,0.0,1500.0,3.641627218384759
1781701472672522195,8.329878903,-1.8024270439857535,-0.07269831114964434,0.3686832944306232,28.60674595313464,-3.108271657711546,-8.465116500854492,1.0,777.0,591.75,0.0,1546.0,0.0,1500.0,3.641627218384759
1781701472672587208,8.329943916,-1.8024270439857535,-0.07269831114964434,0.3686832944306232,28.60674595313464,-3.108271657711546,-8.465116500854492,1.0,778.5,591.75,0.0,1546.0,0.0,1500.0,3.641627218384759
1781701472672596936,8.329953644,-1.8024270439857535,-0.07269831114964434,0.3686832944306232,28.60674595313464,-3.070285188804503,-8.465116500854492,1.0,778.5,591.75,0.0,1546.0,0.0,1500.0,3.641627218384759
1781701472672602587,8.329959295,-1.8024270439857535,-0.07269831114964434,0.3686832944306232,28.60674595313464,-3.070285188804503,-16.1798152923584,1.0,778.5,591.75,0.0,1546.0,0.0,1500.0,3.641627218384759
1781701472672606694,8.329963402,-1.8024270439857535,-0.07269831114964434,0.3686832944306232,28.60674595313464,-3.070285188804503,-16.1798152923584,1.0,778.5,591.0,0.0,1546.0,0.0,1500.0,3.641627218384759
1781701472672644275,8.330000983,-1.8024270439857535,-0.07269831114964434,0.3686832944306232,28.60674595313464,-3.070285188804503,-16.1798152923584,1.0,778.5,591.0,0.0,1695.0,0.0,1500.0,3.641627218384759
1781701472672692807,8.330049515,-1.8024270439857535,-0.07269831114964434,0.3686832944306232,28.60674595313464,-3.070285188804503,-16.1798152923584,1.0,778.5,591.0,0.0,1695.0,0.0,1500.0,3.641627218384759
1781701472672733975,8.330090683,-1.8024270439857535,-0.07269831114964434,0.3686832944306232,28.60674595313464,-3.070285188804503,-16.1798152923584,1.0,778.5,591.0,2.7356634382946647,1695.0,0.0,1500.0,3.641627218384759
1781701472672782647,8.330139355,-1.8024270439857535,-0.07269831114964434,0.3686832944306232,28.60674595313464,-3.070285188804503,-16.1798152923584,1.0,778.5,591.0,2.7356634382946647,1695.0,0.0,1500.0,3.324539895353226
1781701472672816581,8.330173289,-1.8024270439857535,-0.07269831114964434,0.3686832944306232,28.60674595313464,-3.070285188804503,-16.1798152923584,1.0,778.5,591.0,2.7356634382946647,1695.0,0.0,1500.0,3.324539895353226
1781701472672936948,8.330293656,-1.7867631096958867,-0.07269831114964434,0.3686832944306232,28.60674595313464,-3.070285188804503,-16.1798152923584,1.0,778.5,591.0,2.7356634382946647,1695.0,0.0,1500.0,3.324539895353226
1781701472672952658,8.330309366,-1.7867631096958867,-0.07269831114964434,0.34483966068453853,28.60674595313464,-3.070285188804503,-16.1798152923584,1.0,778.5,591.0,2.7356634382946647,1695.0,0.0,1500.0,3.324539895353226
1781701472672968809,8.330325517,-1.7867631096958867,-0.08560239391820532,0.34483966068453853,28.60674595313464,-3.070285188804503,-16.1798152923584,1.0,778.5,591.0,2.7356634382946647,1695.0,0.0,1500.0,3.324539895353226
1781701472673011098,8.330367806,-1.7867631096958867,-0.08560239391820532,0.34483966068453853,28.77978853110448,-3.070285188804503,-16.1798152923584,1.0,778.5,591.0,2.7356634382946647,1695.0,0.0,1500.0,3.324539895353226
1781701472709029434,8.366386142,-1.7867631096958867,-0.08560239391820532,0.34483966068453853,28.77978853110448,-3.070285188804503,-16.1798152923584,1.0,778.5,591.0,2.7356634382946647,1695.0,0.0,1500.0,3.324539895353226
1781701472709070862,8.36642757,-1.7867631096958867,-0.08560239391820532,0.34483966068453853,28.77978853110448,-3.070285188804503,-16.1798152923584,1.0,778.5,591.0,2.7356634382946647,1695.0,0.0,1500.0,3.324539895353226
1781701472709074289,8.366430997,-1.7867631096958867,-0.08560239391820532,0.34483966068453853,28.77978853110448,-3.070285188804503,-16.1798152923584,1.0,778.5,591.0,2.7356634382946647,1695.0,0.0,1500.0,3.324539895353226
1781701472709078637,8.366435345,-1.7867631096958867,-0.08560239391820532,0.34483966068453853,28.77978853110448,-3.070285188804503,-16.1798152923584,1.0,778.5,591.0,2.7356634382946647,1695.0,0.0,1500.0,3.324539895353226
1781701472709081402,8.36643811,-1.7867631096958867,-0.08560239391820532,0.34483966068453853,28.77978853110448,-3.070285188804503,-16.1798152923584,1.0,778.5,591.0,2.7356634382946647,1584.0,0.0,1500.0,3.324539895353226
1781701472709083887,8.366440595,-1.7867631096958867,-0.08560239391820532,0.34483966068453853,28.77978853110448,-3.070285188804503,-16.1798152923584,1.0,778.5,591.0,2.7356634382946647,1584.0,0.0,1500.0,3.324539895353226
1781701472709092082,8.36644879,-1.7867631096958867,-0.08560239391820532,0.34483966068453853,28.77978853110448,-3.070285188804503,-16.1798152923584,1.0,778.5,591.0,2.7356634382946647,1584.0,0.0,1500.0,3.324539895353226
1781701472709101670,8.366458378,-1.7867631096958867,-0.08560239391820532,0.34483966068453853,28.77978853110448,-3.070285188804503,-16.1798152923584,1.0,778.5,591.0,0.0,1584.0,0.0,1500.0,3.324539895353226
1781701472709119063,8.366475771,-1.7867631096958867,-0.08560239391820532,0.34483966068453853,28.77978853110448,-3.070285188804503,-16.1798152923584,1.0,778.5,591.0,0.0,1584.0,0.0,1500.0,2.1609509319795968
1781701472709134312,8.36649102,-1.7867631096958867,-0.08560239391820532,0.34483966068453853,28.77978853110448,-3.070285188804503,-16.1798152923584,1.0,778.5,591.0,0.0,1584.0,0.0,1500.0,2.1609509319795968
1781701472709199255,8.366555963,-1.7867631096958867,-0.08560239391820532,0.34483966068453853,28.77978853110448,-3.070285188804503,-16.1798152923584,1.0,778.5,591.0,0.0,1584.0,0.0,1500.0,2.1609509319795968
1781701472709206709,8.366563417,-1.7867631096958867,-0.08560239391820532,0.22414577944495,28.77978853110448,-3.070285188804503,-16.1798152923584,1.0,778.5,591.0,0.0,1584.0,0.0,1500.0,2.1609509319795968
1781701472709232127,8.366588835,-1.7867631096958867,-0.11949035328642803,0.22414577944495,28.77978853110448,-3.070285188804503,-16.1798152923584,1.0,778.5,591.0,0.0,1584.0,0.0,1500.0,2.1609509319795968
1781701472709283093,8.366639801,-1.7867631096958867,-0.11949035328642803,0.22414577944495,31.227554115264486,-3.070285188804503,-16.1798152923584,1.0,778.5,591.0,0.0,1584.0,0.0,1500.0,2.1609509319795968
1781701472750408928,8.407765636,-1.7867631096958867,-0.11949035328642803,0.22414577944495,31.227554115264486,-3.070285188804503,-16.1798152923584,1.0,778.5,591.0,0.0,1584.0,0.0,1500.0,2.1609509319795968
1781701472750457239,8.407813947,-1.7867631096958867,-0.11949035328642803,0.22414577944495,31.227554115264486,-3.070285188804503,-16.1798152923584,1.0,778.5,591.0,0.0,1584.0,0.0,1500.0,2.1609509319795968
1781701472750462269,8.407818977,-1.7867631096958867,-0.11949035328642803,0.22414577944495,31.227554115264486,-3.070285188804503,-16.1798152923584,1.0,777.75,591.0,0.0,1584.0,0.0,1500.0,2.1609509319795968
1781701472750465725,8.407822433,-1.7867631096958867,-0.11949035328642803,0.22414577944495,31.227554115264486,-3.0727361642887487,-16.1798152923584,1.0,777.75,591.0,0.0,1584.0,0.0,1500.0,2.1609509319795968
1781701472750470925,8.407827633,-1.7867631096958867,-0.11949035328642803,0.22414577944495,31.227554115264486,-3.0727361642887487,-15.779383659362793,1.0,777.75,591.0,0.0,1584.0,0.0,1500.0,2.1609509319795968
1781701472750475223,8.407831931,-1.7867631096958867,-0.11949035328642803,0.22414577944495,31.227554115264486,-3.0727361642887487,-15.779383659362793,1.0,777.75,591.0,0.0,1572.0,0.0,1500.0,2.1609509319795968
1781701472750479060,8.407835768,-1.7867631096958867,-0.11949035328642803,0.22414577944495,31.227554115264486,-3.0727361642887487,-15.779383659362793,1.0,777.75,591.0,0.0,1572.0,0.0,1500.0,2.1609509319795968
1781701472750488759,8.407845467,-1.7867631096958867,-0.11949035328642803,0.22414577944495,31.227554115264486,-3.0727361642887487,-15.779383659362793,1.0,777.75,591.0,0.0,1572.0,0.0,1500.0,0.5560880075572109
1781701472750492977,8.407849685,-1.7867631096958867,-0.11949035328642803,0.22414577944495,31.227554115264486,-3.0727361642887487,-15.779383659362793,1.0,777.75,591.0,-2.4243717092272203,1572.0,0.0,1500.0,0.5560880075572109
1781701472750502304,8.407859012,-1.7867631096958867,-0.11949035328642803,0.22414577944495,31.227554115264486,-3.0727361642887487,-15.779383659362793,1.0,777.75,591.0,-2.4243717092272203,1572.0,0.0,1500.0,0.5560880075572109
1781701472750552890,8.407909598,-1.8093731012546455,-0.11949035328642803,0.22414577944495,31.227554115264486,-3.0727361642887487,-15.779383659362793,1.0,777.75,591.0,-2.4243717092272203,1572.0,0.0,1500.0,0.5560880075572109
1781701472750563700,8.407920408,-1.8093731012546455,-0.11949035328642803,0.05610276000035495,31.227554115264486,-3.0727361642887487,-15.779383659362793,1.0,777.75,591.0,-2.4243717092272203,1572.0,0.0,1500.0,0.5560880075572109
1781701472750572327,8.407929035,-1.8093731012546455,-0.13874755488480003,0.05610276000035495,31.227554115264486,-3.0727361642887487,-15.779383659362793,1.0,777.75,591.0,-2.4243717092272203,1572.0,0.0,1500.0,0.5560880075572109
1781701472750620427,8.407977135,-1.8093731012546455,-0.13874755488480003,0.05610276000035495,35.06381817466473,-3.0727361642887487,-15.779383659362793,1.0,777.75,591.0,-2.4243717092272203,1572.0,0.0,1500.0,0.5560880075572109
1781701472789918770,8.447275478,-1.8093731012546455,-0.13874755488480003,0.05610276000035495,35.06381817466473,-3.0727361642887487,-15.779383659362793,1.0,777.75,591.0,-2.4243717092272203,1572.0,0.0,1500.0,0.5560880075572109
1781701472789963013,8.447319721,-1.8093731012546455,-0.13874755488480003,0.05610276000035495,35.06381817466473,-3.0727361642887487,-15.779383659362793,1.0,777.0,591.0,-2.4243717092272203,1572.0,0.0,1500.0,0.5560880075572109
1781701472789968764,8.447325472,-1.8093731012546455,-0.13874755488480003,0.05610276000035495,35.06381817466473,-3.0750244898139694,-15.779383659362793,1.0,777.0,591.0,-2.4243717092272203,1572.0,0.0,1500.0,0.5560880075572109
1781701472789972842,8.44732955,-1.8093731012546455,-0.13874755488480003,0.05610276000035495,35.06381817466473,-3.0750244898139694,-15.405439376831055,1.0,777.0,591.0,-2.4243717092272203,1572.0,0.0,1500.0,0.5560880075572109
1781701472789975897,8.447332605,-1.8093731012546455,-0.13874755488480003,0.05610276000035495,35.06381817466473,-3.0750244898139694,-15.405439376831055,1.0,777.0,591.0,-2.4243717092272203,1569.0,0.0,1500.0,0.5560880075572109
1781701472789979033,8.447335741,-1.8093731012546455,-0.13874755488480003,0.05610276000035495,35.06381817466473,-3.0750244898139694,-15.405439376831055,1.0,777.0,591.0,-2.4243717092272203,1569.0,0.0,1500.0,0.5560880075572109
1781701472789986147,8.447342855,-1.8093731012546455,-0.13874755488480003,0.05610276000035495,35.06381817466473,-3.0750244898139694,-15.405439376831055,1.0,777.0,591.0,-2.4243717092272203,1569.0,0.0,1500.0,0.5560880075572109
1781701472789989473,8.447346181,-1.8093731012546455,-0.13874755488480003,0.05610276000035495,35.06381817466473,-3.0750244898139694,-15.405439376831055,1.0,777.0,591.0,-2.9805062662023314,1569.0,0.0,1500.0,0.5560880075572109
1781701472789996687,8.447353395,-1.8093731012546455,-0.13874755488480003,0.05610276000035495,35.06381817466473,-3.0750244898139694,-15.405439376831055,1.0,777.0,591.0,-2.9805062662023314,1569.0,0.0,1500.0,-0.6817199882586289
1781701472790015983,8.447372691,-1.8093731012546455,-0.13874755488480003,0.05610276000035495,35.06381817466473,-3.0750244898139694,-15.405439376831055,1.0,777.0,591.0,-2.9805062662023314,1569.0,0.0,1500.0,-0.6817199882586289
1781701472790073552,8.44743026,-1.83313002115823,-0.13874755488480003,0.05610276000035495,35.06381817466473,-3.0750244898139694,-15.405439376831055,1.0,777.0,591.0,-2.9805062662023314,1569.0,0.0,1500.0,-0.6817199882586289
1781701472790081337,8.447438045,-1.83313002115823,-0.13874755488480003,0.0,35.06381817466473,-3.0750244898139694,-15.405439376831055,1.0,777.0,591.0,-2.9805062662023314,1569.0,0.0,1500.0,-0.6817199882586289
1781701472790100984,8.447457692,-1.83313002115823,-0.13626634062465987,0.0,35.06381817466473,-3.0750244898139694,-15.405439376831055,1.0,777.0,591.0,-2.9805062662023314,1569.0,0.0,1500.0,-0.6817199882586289
1781701472790147221,8.447503929,-1.83313002115823,-0.13626634062465987,0.0,36.6626004231646,-3.0750244898139694,-15.405439376831055,1.0,777.0,591.0,-2.9805062662023314,1569.0,0.0,1500.0,-0.6817199882586289
1781701472828800475,8.486157183,-1.83313002115823,-0.13626634062465987,0.0,36.6626004231646,-3.0750244898139694,-15.405439376831055,1.0,777.0,591.0,-2.9805062662023314,1569.0,0.0,1500.0,-0.6817199882586289
1781701472828845429,8.486202137,-1.83313002115823,-0.13626634062465987,0.0,36.6626004231646,-3.0750244898139694,-15.405439376831055,1.0,777.0,591.0,-2.9805062662023314,1569.0,0.0,1500.0,-0.6817199882586289
1781701472828849748,8.486206456,-1.83313002115823,-0.13626634062465987,0.0,36.6626004231646,-3.108271657711546,-15.405439376831055,1.0,777.0,591.0,-2.9805062662023314,1569.0,0.0,1500.0,-0.6817199882586289
1781701472828853364,8.486210072,-1.83313002115823,-0.13626634062465987,0.0,36.6626004231646,-3.108271657711546,-8.465116500854492,1.0,777.0,591.0,-2.9805062662023314,1569.0,0.0,1500.0,-0.6817199882586289
1781701472828855889,8.486212597,-1.83313002115823,-0.13626634062465987,0.0,36.6626004231646,-3.108271657711546,-8.465116500854492,1.0,777.0,591.0,-2.9805062662023314,1365.0,0.0,1500.0,-0.6817199882586289
1781701472828859266,8.486215974,-1.83313002115823,-0.13626634062465987,0.0,36.6626004231646,-3.108271657711546,-8.465116500854492,1.0,777.0,591.75,-2.9805062662023314,1365.0,0.0,1500.0,-0.6817199882586289
1781701472828867271,8.486223979,-1.83313002115823,-0.13626634062465987,0.0,36.6626004231646,-3.108271657711546,-8.465116500854492,1.0,777.0,591.75,-2.9805062662023314,1365.0,0.0,1500.0,-0.6817199882586289
1781701472828870487,8.486227195,-1.83313002115823,-0.13626634062465987,0.0,36.6626004231646,-3.108271657711546,-8.465116500854492,1.0,777.0,591.75,0.0,1365.0,0.0,1500.0,-0.6817199882586289
1781701472828880836,8.486237544,-1.83313002115823,-0.13626634062465987,0.0,36.6626004231646,-3.108271657711546,-8.465116500854492,1.0,777.0,591.75,0.0,1365.0,0.0,1500.0,-0.4431179923681088
1781701472828900604,8.486257312,-1.83313002115823,-0.13626634062465987,0.0,36.6626004231646,-3.108271657711546,-8.465116500854492,1.0,777.0,591.75,0.0,1365.0,0.0,1500.0,-0.4431179923681088
1781701472828963763,8.486320471,-1.8024270439857535,-0.13626634062465987,0.0,36.6626004231646,-3.108271657711546,-8.465116500854492,1.0,777.0,591.75,0.0,1365.0,0.0,1500.0,-0.4431179923681088
1781701472828969975,8.486326683,-1.8024270439857535,-0.13626634062465987,0.0,36.6626004231646,-3.108271657711546,-8.465116500854492,1.0,777.0,591.75,0.0,1365.0,0.0,1500.0,-0.4431179923681088
1781701472828990283,8.486346991,-1.8024270439857535,-0.1408273491176074,0.0,36.6626004231646,-3.108271657711546,-8.465116500854492,1.0,777.0,591.75,0.0,1365.0,0.0,1500.0,-0.4431179923681088
1781701472829016012,8.48637272,-1.8024270439857535,-0.1408273491176074,0.0,36.04854087971507,-3.108271657711546,-8.465116500854492,1.0,777.0,591.75,0.0,1365.0,0.0,1500.0,-0.4431179923681088
1781701472874853498,8.532210206,-1.8024270439857535,-0.1408273491176074,0.0,36.04854087971507,-3.108271657711546,-8.465116500854492,1.0,777.0,591.75,0.0,1365.0,0.0,1500.0,-0.4431179923681088
1781701472874894836,8.532251544,-1.8024270439857535,-0.1408273491176074,0.0,36.04854087971507,-3.108271657711546,-8.465116500854492,1.0,777.0,591.75,0.0,1365.0,0.0,1500.0,-0.4431179923681088
1781701472874898813,8.532255521,-1.8024270439857535,-0.1408273491176074,0.0,36.04854087971507,-3.108271657711546,-8.465116500854492,1.0,777.0,591.75,0.0,1365.0,0.0,1500.0,-0.4431179923681088
1781701472874902600,8.532259308,-1.8024270439857535,-0.1408273491176074,0.0,36.04854087971507,-3.108271657711546,-8.465116500854492,1.0,777.0,591.75,0.0,1365.0,0.0,1500.0,-0.4431179923681088
1781701472874905706,8.532262414,-1.8024270439857535,-0.1408273491176074,0.0,36.04854087971507,-3.108271657711546,-8.465116500854492,1.0,777.0,591.75,0.0,1546.0,0.0,1500.0,-0.4431179923681088
1781701472874908862,8.53226557,-1.8024270439857535,-0.1408273491176074,0.0,36.04854087971507,-3.108271657711546,-8.465116500854492,1.0,777.0,591.75,0.0,1546.0,0.0,1500.0,-0.4431179923681088
1781701472874915805,8.532272513,-1.8024270439857535,-0.1408273491176074,0.0,36.04854087971507,-3.108271657711546,-8.465116500854492,1.0,777.0,591.75,0.0,1546.0,0.0,1500.0,-0.4431179923681088
1781701472874922027,8.532278735,-1.8024270439857535,-0.1408273491176074,0.0,36.04854087971507,-3.108271657711546,-8.465116500854492,1.0,777.0,591.75,0.0,1546.0,0.0,1500.0,-0.4431179923681088
1781701472874933409,8.532290117,-1.8024270439857535,-0.1408273491176074,0.0,36.04854087971507,-3.108271657711546,-8.465116500854492,1.0,777.0,591.75,0.0,1546.0,0.0,1500.0,-0.2880266950392707
1781701472874952915,8.532309623,-1.8024270439857535,-0.1408273491176074,0.0,36.04854087971507,-3.108271657711546,-8.465116500854492,1.0,777.0,591.75,0.0,1546.0,0.0,1500.0,-0.2880266950392707
1781701472875008440,8.532365148,-1.8024270439857535,-0.1408273491176074,0.0,36.04854087971507,-3.108271657711546,-8.465116500854492,1.0,777.0,591.75,0.0,1546.0,0.0,1500.0,-0.2880266950392707
1781701472875017377,8.532374085,-1.8024270439857535,-0.1408273491176074,0.0,36.04854087971507,-3.108271657711546,-8.465116500854492,1.0,777.0,591.75,0.0,1546.0,0.0,1500.0,-0.2880266950392707
1781701472875036523,8.532393231,-1.8024270439857535,-0.1408273491176074,0.0,36.04854087971507,-3.108271657711546,-8.465116500854492,1.0,777.0,591.75,0.0,1546.0,0.0,1500.0,-0.2880266950392707
1781701472875070628,8.532427336,-1.8024270439857535,-0.1408273491176074,0.0,36.04854087971507,-3.108271657711546,-8.465116500854492,1.0,777.0,591.75,0.0,1546.0,0.0,1500.0,-0.2880266950392707
1781701472915962060,8.573318768,-1.8024270439857535,-0.1408273491176074,0.0,36.04854087971507,-3.108271657711546,-8.465116500854492,1.0,777.0,591.75,0.0,1546.0,0.0,1500.0,-0.2880266950392707
1781701472916004650,8.573361358,-1.8024270439857535,-0.1408273491176074,0.0,36.04854087971507,-3.108271657711546,-8.465116500854492,1.0,777.0,591.75,0.0,1546.0,0.0,1500.0,-0.2880266950392707
1781701472916010311,8.573367019,-1.8024270439857535,-0.1408273491176074,0.0,36.04854087971507,-3.108271657711546,-8.465116500854492,1.0,777.0,591.75,0.0,1546.0,0.0,1500.0,-0.2880266950392707
1781701472916013116,8.573369824,-1.8024270439857535,-0.1408273491176074,0.0,36.04854087971507,-3.0750244898139694,-8.465116500854492,1.0,777.0,591.75,0.0,1546.0,0.0,1500.0,-0.2880266950392707
1781701472916017725,8.573374433,-1.8024270439857535,-0.1408273491176074,0.0,36.04854087971507,-3.0750244898139694,-8.465116500854492,1.0,777.0,591.75,0.0,1546.0,0.0,1500.0,-0.2880266950392707
1781701472916020420,8.573377128,-1.8024270439857535,-0.1408273491176074,0.0,36.04854087971507,-3.0750244898139694,-15.405439376831055,1.0,777.0,591.75,0.0,1546.0,0.0,1500.0,-0.2880266950392707
1781701472916023876,8.573380584,-1.8024270439857535,-0.1408273491176074,0.0,36.04854087971507,-3.0750244898139694,-15.405439376831055,1.0,777.0,591.75,0.0,1752.0,0.0,1500.0,-0.2880266950392707
1781701472916026311,8.573383019,-1.8024270439857535,-0.1408273491176074,0.0,36.04854087971507,-3.0750244898139694,-15.405439376831055,1.0,777.0,591.0,0.0,1752.0,0.0,1500.0,-0.2880266950392707
1781701472916037973,8.573394681,-1.8024270439857535,-0.1408273491176074,0.0,36.04854087971507,-3.0750244898139694,-15.405439376831055,1.0,777.0,591.0,0.0,1752.0,0.0,1500.0,-0.18721735177552595
1781701472916041690,8.573398398,-1.8024270439857535,-0.1408273491176074,0.0,36.04854087971507,-3.0750244898139694,-15.405439376831055,1.0,777.0,591.0,0.0,1752.0,0.0,1500.0,-0.18721735177552595
1781701472916127783,8.573484491,-1.83313002115823,-0.1408273491176074,0.0,36.04854087971507,-3.0750244898139694,-15.405439376831055,1.0,777.0,591.0,0.0,1752.0,0.0,1500.0,-0.18721735177552595
1781701472916134816,8.573491524,-1.83313002115823,-0.1408273491176074,0.0,36.04854087971507,-3.0750244898139694,-15.405439376831055,1.0,777.0,591.0,0.0,1752.0,0.0,1500.0,-0.18721735177552595
1781701472916137591,8.573494299,-1.83313002115823,-0.13626634062465987,0.0,36.04854087971507,-3.0750244898139694,-15.405439376831055,1.0,777.0,591.0,0.0,1752.0,0.0,1500.0,-0.18721735177552595
1781701472916175823,8.573532531,-1.83313002115823,-0.13626634062465987,0.0,36.6626004231646,-3.0750244898139694,-15.405439376831055,1.0,777.0,591.0,0.0,1752.0,0.0,1500.0,-0.18721735177552595
1781701473009563260,8.666919968,-1.83313002115823,-0.13626634062465987,0.0,36.6626004231646,-3.0750244898139694,-15.405439376831055,1.0,777.0,591.0,0.0,1752.0,0.0,1500.0,-0.18721735177552595
1781701473009637771,8.666994479,-1.83313002115823,-0.13626634062465987,0.0,36.6626004231646,-3.0750244898139694,-15.405439376831055,1.0,777.0,591.0,0.0,1752.0,0.0,1500.0,-0.18721735177552595
1781701473009644053,8.667000761,-1.83313002115823,-0.13626634062465987,0.0,36.6626004231646,-3.0750244898139694,-15.405439376831055,1.0,777.0,591.0,0.0,1752.0,0.0,1500.0,-0.12169127865409188
1781701473009647560,8.667004268,-1.83313002115823,-0.13626634062465987,0.0,36.6626004231646,-3.0750244898139694,-15.405439376831055,1.0,777.0,591.0,0.0,1752.0,0.0,1500.0,-0.12169127865409188
1781701473009650305,8.667007013,-1.83313002115823,-0.13626634062465987,0.0,36.6626004231646,-3.108271657711546,-15.405439376831055,1.0,777.0,591.0,0.0,1752.0,0.0,1500.0,-0.12169127865409188
1781701473009653821,8.667010529,-1.83313002115823,-0.13626634062465987,0.0,36.6626004231646,-3.108271657711546,-15.405439376831055,1.0,777.0,591.0,0.0,1752.0,0.0,1500.0,-0.12169127865409188
1781701473009657388,8.667014096,-1.83313002115823,-0.13626634062465987,0.0,36.6626004231646,-3.108271657711546,-8.465116500854492,1.0,777.0,591.0,0.0,1752.0,0.0,1500.0,-0.12169127865409188
1781701473009660905,8.667017613,-1.83313002115823,-0.13626634062465987,0.0,36.6626004231646,-3.108271657711546,-8.465116500854492,1.0,777.0,591.0,0.0,1459.0,0.0,1500.0,-0.12169127865409188
1781701473009663410,8.667020118,-1.83313002115823,-0.13626634062465987,0.0,36.6626004231646,-3.108271657711546,-8.465116500854492,1.0,777.0,591.75,0.0,1459.0,0.0,1500.0,-0.12169127865409188
1781701473009665954,8.667022662,-1.83313002115823,-0.13626634062465987,0.0,36.6626004231646,-3.108271657711546,-8.465116500854492,1.0,777.0,591.75,0.0,1459.0,0.0,1500.0,-0.12169127865409188
1781701473009700470,8.667057178,-1.8024270439857535,-0.13626634062465987,0.0,36.6626004231646,-3.108271657711546,-8.465116500854492,1.0,777.0,591.75,0.0,1459.0,0.0,1500.0,-0.12169127865409188
1781701473009709286,8.667065994,-1.8024270439857535,-0.13626634062465987,0.0,36.6626004231646,-3.108271657711546,-8.465116500854492,1.0,777.0,591.75,0.0,1459.0,0.0,1500.0,-0.12169127865409188
1781701473009728242,8.66708495,-1.8024270439857535,-0.1408273491176074,0.0,36.6626004231646,-3.108271657711546,-8.465116500854492,1.0,777.0,591.75,0.0,1459.0,0.0,1500.0,-0.12169127865409188
1781701473009782525,8.667139233,-1.8024270439857535,-0.1408273491176074,0.0,36.04854087971507,-3.108271657711546,-8.465116500854492,1.0,777.0,591.75,0.0,1459.0,0.0,1500.0,-0.12169127865409188
1781701473059742409,8.717099117,-1.8024270439857535,-0.1408273491176074,0.0,36.04854087971507,-3.108271657711546,-8.465116500854492,1.0,777.0,591.75,0.0,1459.0,0.0,1500.0,-0.12169127865409188
1781701473059849872,8.71720658,-1.8024270439857535,-0.1408273491176074,0.0,36.04854087971507,-3.108271657711546,-8.465116500854492,1.0,777.0,591.75,0.0,1459.0,0.0,1500.0,-0.12169127865409188
1781701473059856825,8.717213533,-1.8024270439857535,-0.1408273491176074,0.0,36.04854087971507,-3.108271657711546,-8.465116500854492,1.0,777.0,591.75,0.0,1459.0,0.0,1500.0,-0.12169127865409188
1781701473059861163,8.717217871,-1.8024270439857535,-0.1408273491176074,0.0,36.04854087971507,-3.0750244898139694,-8.465116500854492,1.0,777.0,591.75,0.0,1459.0,0.0,1500.0,-0.12169127865409188
1781701473059866904,8.717223612,-1.8024270439857535,-0.1408273491176074,0.0,36.04854087971507,-3.0750244898139694,-15.405439376831055,1.0,777.0,591.75,0.0,1459.0,0.0,1500.0,-0.12169127865409188
1781701473059871683,8.717228391,-1.8024270439857535,-0.1408273491176074,0.0,36.04854087971507,-3.0750244898139694,-15.405439376831055,1.0,777.0,591.75,0.0,1734.0,0.0,1500.0,-0.12169127865409188
1781701473059875781,8.717232489,-1.8024270439857535,-0.1408273491176074,0.0,36.04854087971507,-3.0750244898139694,-15.405439376831055,1.0,777.0,591.0,0.0,1734.0,0.0,1500.0,-0.12169127865409188
1781701473059888024,8.717244732,-1.8024270439857535,-0.1408273491176074,0.0,36.04854087971507,-3.0750244898139694,-15.405439376831055,1.0,777.0,591.0,0.0,1734.0,0.0,1500.0,-0.12169127865409188
1781701473059897191,8.717253899,-1.8024270439857535,-0.1408273491176074,0.0,36.04854087971507,-3.0750244898139694,-15.405439376831055,1.0,777.0,591.0,0.0,1734.0,0.0,1500.0,-0.07909933112515972
1781701473059926627,8.717283335,-1.8024270439857535,-0.1408273491176074,0.0,36.04854087971507,-3.0750244898139694,-15.405439376831055,1.0,777.0,591.0,0.0,1734.0,0.0,1500.0,-0.07909933112515972
1781701473060008692,8.7173654,-1.83313002115823,-0.1408273491176074,0.0,36.04854087971507,-3.0750244898139694,-15.405439376831055,1.0,777.0,591.0,0.0,1734.0,0.0,1500.0,-0.07909933112515972
1781701473060021526,8.717378234,-1.83313002115823,-0.1408273491176074,0.0,36.04854087971507,-3.0750244898139694,-15.405439376831055,1.0,777.0,591.0,0.0,1734.0,0.0,1500.0,-0.07909933112515972
1781701473060047625,8.717404333,-1.83313002115823,-0.13626634062465987,0.0,36.04854087971507,-3.0750244898139694,-15.405439376831055,1.0,777.0,591.0,0.0,1734.0,0.0,1500.0,-0.07909933112515972
1781701473060105144,8.717461852,-1.83313002115823,-0.13626634062465987,0.0,36.6626004231646,-3.0750244898139694,-15.405439376831055,1.0,777.0,591.0,0.0,1734.0,0.0,1500.0,-0.07909933112515972
1781701473116506527,8.773863235,-1.83313002115823,-0.13626634062465987,0.0,36.6626004231646,-3.0750244898139694,-15.405439376831055,1.0,777.0,591.0,0.0,1734.0,0.0,1500.0,-0.07909933112515972
1781701473116538778,8.773895486,-1.83313002115823,-0.13626634062465987,0.0,36.6626004231646,-3.0750244898139694,-15.405439376831055,1.0,777.0,591.0,0.0,1734.0,0.0,1500.0,-0.07909933112515972
1781701473116543437,8.773900145,-1.83313002115823,-0.13626634062465987,0.0,36.6626004231646,-3.108271657711546,-15.405439376831055,1.0,777.0,591.0,0.0,1734.0,0.0,1500.0,-0.07909933112515972
1781701473116547034,8.773903742,-1.83313002115823,-0.13626634062465987,0.0,36.6626004231646,-3.108271657711546,-8.465116500854492,1.0,777.0,591.0,0.0,1734.0,0.0,1500.0,-0.07909933112515972
1781701473116549949,8.773906657,-1.83313002115823,-0.13626634062465987,0.0,36.6626004231646,-3.108271657711546,-8.465116500854492,1.0,777.0,591.75,0.0,1734.0,0.0,1500.0,-0.07909933112515972
1781701473116559066,8.773915774,-1.83313002115823,-0.13626634062465987,0.0,36.6626004231646,-3.108271657711546,-8.465116500854492,1.0,777.0,591.75,0.0,1411.0,0.0,1500.0,-0.07909933112515972
1781701473116585386,8.773942094,-1.83313002115823,-0.13626634062465987,0.0,36.6626004231646,-3.108271657711546,-8.465116500854492,1.0,777.0,591.75,0.0,1411.0,0.0,1500.0,-0.07909933112515972
1781701473116602799,8.773959507,-1.83313002115823,-0.13626634062465987,0.0,36.6626004231646,-3.108271657711546,-8.465116500854492,1.0,777.0,591.75,0.0,1411.0,0.0,1500.0,-0.07909933112515972
1781701473116618379,8.773975087,-1.83313002115823,-0.13626634062465987,0.0,36.6626004231646,-3.108271657711546,-8.465116500854492,1.0,777.0,591.75,0.0,1411.0,0.0,1500.0,-0.05141456523135382
1781701473116636152,8.77399286,-1.83313002115823,-0.13626634062465987,0.0,36.6626004231646,-3.108271657711546,-8.465116500854492,1.0,777.0,591.75,0.0,1411.0,0.0,1500.0,-0.05141456523135382
1781701473116692539,8.774049247,-1.8024270439857535,-0.13626634062465987,0.0,36.6626004231646,-3.108271657711546,-8.465116500854492,1.0,777.0,591.75,0.0,1411.0,0.0,1500.0,-0.05141456523135382
1781701473116711545,8.774068253,-1.8024270439857535,-0.13626634062465987,0.0,36.6626004231646,-3.108271657711546,-8.465116500854492,1.0,777.0,591.75,0.0,1411.0,0.0,1500.0,-0.05141456523135382
1781701473116724960,8.774081668,-1.8024270439857535,-0.1408273491176074,0.0,36.6626004231646,-3.108271657711546,-8.465116500854492,1.0,777.0,591.75,0.0,1411.0,0.0,1500.0,-0.05141456523135382
1781701473116763533,8.774120241,-1.8024270439857535,-0.1408273491176074,0.0,36.04854087971507,-3.108271657711546,-8.465116500854492,1.0,777.0,591.75,0.0,1411.0,0.0,1500.0,-0.05141456523135382
1781701473143881494,8.801238202,-1.8024270439857535,-0.1408273491176074,0.0,36.04854087971507,-3.108271657711546,-8.465116500854492,1.0,777.0,591.75,0.0,1411.0,0.0,1500.0,-0.05141456523135382
1781701473143913695,8.801270403,-1.8024270439857535,-0.1408273491176074,0.0,36.04854087971507,-3.108271657711546,-8.465116500854492,1.0,777.0,591.75,0.0,1411.0,0.0,1500.0,-0.05141456523135382
1781701473143917272,8.80127398,-1.8024270439857535,-0.1408273491176074,0.0,36.04854087971507,-3.108271657711546,-8.465116500854492,1.0,777.0,591.75,0.0,1411.0,0.0,1500.0,-0.05141456523135382
1781701473143919476,8.801276184,-1.8024270439857535,-0.1408273491176074,0.0,36.04854087971507,-3.108271657711546,-8.465116500854492,1.0,777.0,591.75,0.0,1411.0,0.0,1500.0,-0.05141456523135382
1781701473143925187,8.801281895,-1.8024270439857535,-0.1408273491176074,0.0,36.04854087971507,-3.108271657711546,-8.465116500854492,1.0,777.0,591.75,0.0,1411.0,0.0,1500.0,-0.05141456523135382
1781701473143950915,8.801307623,-1.8024270439857535,-0.1408273491176074,0.0,36.04854087971507,-3.108271657711546,-8.465116500854492,1.0,777.0,591.75,0.0,1546.0,0.0,1500.0,-0.05141456523135382
1781701473143972797,8.801329505,-1.8024270439857535,-0.1408273491176074,0.0,36.04854087971507,-3.108271657711546,-8.465116500854492,1.0,777.0,591.75,0.0,1546.0,0.0,1500.0,-0.05141456523135382
1781701473143981944,8.801338652,-1.8024270439857535,-0.1408273491176074,0.0,36.04854087971507,-3.108271657711546,-8.465116500854492,1.0,777.0,591.75,0.0,1546.0,0.0,1500.0,-0.05141456523135382
1781701473144002743,8.801359451,-1.8024270439857535,-0.1408273491176074,0.0,36.04854087971507,-3.108271657711546,-8.465116500854492,1.0,777.0,591.75,0.0,1546.0,0.0,1500.0,-0.03341946740037999
1781701473144021148,8.801377856,-1.8024270439857535,-0.1408273491176074,0.0,36.04854087971507,-3.108271657711546,-8.465116500854492,1.0,777.0,591.75,0.0,1546.0,0.0,1500.0,-0.03341946740037999
1781701473144082183,8.801438891,-1.8024270439857535,-0.1408273491176074,0.0,36.04854087971507,-3.108271657711546,-8.465116500854492,1.0,777.0,591.75,0.0,1546.0,0.0,1500.0,-0.03341946740037999
1781701473144090589,8.801447297,-1.8024270439857535,-0.1408273491176074,0.0,36.04854087971507,-3.108271657711546,-8.465116500854492,1.0,777.0,591.75,0.0,1546.0,0.0,1500.0,-0.03341946740037999
1781701473144108553,8.801465261,-1.8024270439857535,-0.1408273491176074,0.0,36.04854087971507,-3.108271657711546,-8.465116500854492,1.0,777.0,591.75,0.0,1546.0,0.0,1500.0,-0.03341946740037999
1781701473144134221,8.801490929,-1.8024270439857535,-0.1408273491176074,0.0,36.04854087971507,-3.108271657711546,-8.465116500854492,1.0,777.0,591.75,0.0,1546.0,0.0,1500.0,-0.03341946740037999
1781701473206833373,8.864190081,-1.8024270439857535,-0.1408273491176074,0.0,36.04854087971507,-3.108271657711546,-8.465116500854492,1.0,777.0,591.75,0.0,1546.0,0.0,1500.0,-0.03341946740037999
1781701473206866685,8.864223393,-1.8024270439857535,-0.1408273491176074,0.0,36.04854087971507,-3.108271657711546,-8.465116500854492,1.0,777.0,591.75,0.0,1546.0,0.0,1500.0,-0.03341946740037999
1781701473206870933,8.864227641,-1.8024270439857535,-0.1408273491176074,0.0,36.04854087971507,-3.108271657711546,-8.465116500854492,1.0,777.0,591.75,0.0,1546.0,0.0,1500.0,-0.03341946740037999
1781701473206873909,8.864230617,-1.8024270439857535,-0.1408273491176074,0.0,36.04854087971507,-3.108271657711546,-8.465116500854492,1.0,777.0,591.75,0.0,1546.0,0.0,1500.0,-0.03341946740037999
1781701473206876815,8.864233523,-1.8024270439857535,-0.1408273491176074,0.0,36.04854087971507,-3.108271657711546,-8.465116500854492,1.0,777.0,591.75,0.0,1546.0,0.0,1500.0,-0.03341946740037999
1781701473206879089,8.864235797,-1.8024270439857535,-0.1408273491176074,0.0,36.04854087971507,-3.108271657711546,-8.465116500854492,1.0,777.0,591.75,0.0,1546.0,0.0,1500.0,-0.03341946740037999
1781701473206886453,8.864243161,-1.8024270439857535,-0.1408273491176074,0.0,36.04854087971507,-3.108271657711546,-8.465116500854492,1.0,777.0,591.75,0.0,1546.0,0.0,1500.0,-0.03341946740037999
1781701473206897955,8.864254663,-1.8024270439857535,-0.1408273491176074,0.0,36.04854087971507,-3.108271657711546,-8.465116500854492,1.0,777.0,591.75,0.0,1546.0,0.0,1500.0,-0.03341946740037999
1781701473206914977,8.864271685,-1.8024270439857535,-0.1408273491176074,0.0,36.04854087971507,-3.108271657711546,-8.465116500854492,1.0,777.0,591.75,0.0,1546.0,0.0,1500.0,-0.021722653810246993
1781701473206924054,8.864280762,-1.8024270439857535,-0.1408273491176074,0.0,36.04854087971507,-3.108271657711546,-8.465116500854492,1.0,777.0,591.75,0.0,1546.0,0.0,1500.0,-0.021722653810246993
1781701473206982705,8.864339413,-1.8024270439857535,-0.1408273491176074,0.0,36.04854087971507,-3.108271657711546,-8.465116500854492,1.0,777.0,591.75,0.0,1546.0,0.0,1500.0,-0.021722653810246993
1781701473206989057,8.864345765,-1.8024270439857535,-0.1408273491176074,0.0,36.04854087971507,-3.108271657711546,-8.465116500854492,1.0,777.0,591.75,0.0,1546.0,0.0,1500.0,-0.021722653810246993
1781701473207004566,8.864361274,-1.8024270439857535,-0.1408273491176074,0.0,36.04854087971507,-3.108271657711546,-8.465116500854492,1.0,777.0,591.75,0.0,1546.0,0.0,1500.0,-0.021722653810246993
1781701473207046726,8.864403434,-1.8024270439857535,-0.1408273491176074,0.0,36.04854087971507,-3.108271657711546,-8.465116500854492,1.0,777.0,591.75,0.0,1546.0,0.0,1500.0,-0.021722653810246993
1781701473280258457,8.937615165,-1.8024270439857535,-0.1408273491176074,0.0,36.04854087971507,-3.108271657711546,-8.465116500854492,1.0,777.0,591.75,0.0,1546.0,0.0,1500.0,-0.021722653810246993
1781701473280309203,8.937665911,-1.8024270439857535,-0.1408273491176074,0.0,36.04854087971507,-3.108271657711546,-8.465116500854492,1.0,777.0,591.75,0.0,1546.0,0.0,1500.0,-0.021722653810246993
1781701473280320003,8.937676711,-1.8024270439857535,-0.1408273491176074,0.0,36.04854087971507,-3.108271657711546,-8.465116500854492,1.0,777.0,591.75,0.0,1546.0,0.0,1500.0,-0.021722653810246993
1781701473280324742,8.93768145,-1.8024270439857535,-0.1408273491176074,0.0,36.04854087971507,-3.108271657711546,-8.465116500854492,1.0,777.0,591.75,0.0,1546.0,0.0,1500.0,-0.021722653810246993
1781701473280332657,8.937689365,-1.8024270439857535,-0.1408273491176074,0.0,36.04854087971507,-3.108271657711546,-8.465116500854492,1.0,777.0,591.75,0.0,1546.0,0.0,1500.0,-0.021722653810246993
1781701473280338017,8.937694725,-1.8024270439857535,-0.1408273491176074,0.0,36.04854087971507,-3.108271657711546,-8.465116500854492,1.0,777.0,591.75,0.0,1546.0,0.0,1500.0,-0.021722653810246993
1781701473280342696,8.937699404,-1.8024270439857535,-0.1408273491176074,0.0,36.04854087971507,-3.108271657711546,-8.465116500854492,1.0,777.0,591.75,0.0,1546.0,0.0,1500.0,-0.021722653810246993
1781701473280355901,8.937712609,-1.8024270439857535,-0.1408273491176074,0.0,36.04854087971507,-3.108271657711546,-8.465116500854492,1.0,777.0,591.75,0.0,1546.0,0.0,1500.0,-0.021722653810246993
1781701473280367263,8.937723971,-1.8024270439857535,-0.1408273491176074,0.0,36.04854087971507,-3.108271657711546,-8.465116500854492,1.0,777.0,591.75,0.0,1546.0,0.0,1500.0,-0.014119724976660546
1781701473280397720,8.937754428,-1.8024270439857535,-0.1408273491176074,0.0,36.04854087971507,-3.108271657711546,-8.465116500854492,1.0,777.0,591.75,0.0,1546.0,0.0,1500.0,-0.014119724976660546
1781701473280471479,8.937828187,-1.8024270439857535,-0.1408273491176074,0.0,36.04854087971507,-3.108271657711546,-8.465116500854492,1.0,777.0,591.75,0.0,1546.0,0.0,1500.0,-0.014119724976660546
1781701473280495525,8.937852233,-1.8024270439857535,-0.1408273491176074,0.0,36.04854087971507,-3.108271657711546,-8.465116500854492,1.0,777.0,591.75,0.0,1546.0,0.0,1500.0,-0.014119724976660546
1781701473280520692,8.9378774,-1.8024270439857535,-0.1408273491176074,0.0,36.04854087971507,-3.108271657711546,-8.465116500854492,1.0,777.0,591.75,0.0,1546.0,0.0,1500.0,-0.014119724976660546
1781701473280565096,8.937921804,-1.8024270439857535,-0.1408273491176074,0.0,36.04854087971507,-3.108271657711546,-8.465116500854492,1.0,777.0,591.75,0.0,1546.0,0.0,1500.0,-0.014119724976660546
1781701473322050240,8.979406948,-1.8024270439857535,-0.1408273491176074,0.0,36.04854087971507,-3.108271657711546,-8.465116500854492,1.0,777.0,591.75,0.0,1546.0,0.0,1500.0,-0.014119724976660546
1781701473322092410,8.979449118,-1.8024270439857535,-0.1408273491176074,0.0,36.04854087971507,-3.108271657711546,-8.465116500854492,1.0,777.0,591.75,0.0,1546.0,0.0,1500.0,-0.014119724976660546
1781701473322096638,8.979453346,-1.8024270439857535,-0.1408273491176074,0.0,36.04854087971507,-3.108271657711546,-8.465116500854492,1.0,777.0,591.75,0.0,1546.0,0.0,1500.0,-0.014119724976660546
1781701473322099413,8.979456121,-1.8024270439857535,-0.1408273491176074,0.0,36.04854087971507,-3.108271657711546,-8.465116500854492,1.0,777.0,591.75,0.0,1546.0,0.0,1500.0,-0.014119724976660546
1781701473322106737,8.979463445,-1.8024270439857535,-0.1408273491176074,0.0,36.04854087971507,-3.108271657711546,-8.465116500854492,1.0,777.0,591.75,0.0,1546.0,0.0,1500.0,-0.014119724976660546
1781701473322135331,8.979492039,-1.8024270439857535,-0.1408273491176074,0.0,36.04854087971507,-3.108271657711546,-8.465116500854492,1.0,777.0,591.75,0.0,1546.0,0.0,1500.0,-0.014119724976660546
1781701473322157763,8.979514471,-1.8024270439857535,-0.1408273491176074,0.0,36.04854087971507,-3.108271657711546,-8.465116500854492,1.0,777.0,591.75,0.0,1546.0,0.0,1500.0,-0.014119724976660546
1781701473322167642,8.97952435,-1.8024270439857535,-0.1408273491176074,0.0,36.04854087971507,-3.108271657711546,-8.465116500854492,1.0,777.0,591.75,0.0,1546.0,0.0,1500.0,-0.014119724976660546
1781701473322184604,8.979541312,-1.8024270439857535,-0.1408273491176074,0.0,36.04854087971507,-3.108271657711546,-8.465116500854492,1.0,777.0,591.75,0.0,1546.0,0.0,1500.0,-0.009177821234829355
1781701473322193801,8.979550509,-1.8024270439857535,-0.1408273491176074,0.0,36.04854087971507,-3.108271657711546,-8.465116500854492,1.0,777.0,591.75,0.0,1546.0,0.0,1500.0,-0.009177821234829355
1781701473322279022,8.97963573,-1.8024270439857535,-0.1408273491176074,0.0,36.04854087971507,-3.108271657711546,-8.465116500854492,1.0,777.0,591.75,0.0,1546.0,0.0,1500.0,-0.009177821234829355
1781701473322289833,8.979646541,-1.8024270439857535,-0.1408273491176074,0.0,36.04854087971507,-3.108271657711546,-8.465116500854492,1.0,777.0,591.75,0.0,1546.0,0.0,1500.0,-0.009177821234829355
1781701473322316233,8.979672941,-1.8024270439857535,-0.1408273491176074,0.0,36.04854087971507,-3.108271657711546,-8.465116500854492,1.0,777.0,591.75,0.0,1546.0,0.0,1500.0,-0.009177821234829355
1781701473322353753,8.979710461,-1.8024270439857535,-0.1408273491176074,0.0,36.04854087971507,-3.108271657711546,-8.465116500854492,1.0,777.0,591.75,0.0,1546.0,0.0,1500.0,-0.009177821234829355
1781701473400880716,9.058237424,-1.8024270439857535,-0.1408273491176074,0.0,36.04854087971507,-3.108271657711546,-8.465116500854492,1.0,777.0,591.75,0.0,1546.0,0.0,1500.0,-0.009177821234829355
1781701473400924669,9.058281377,-1.8024270439857535,-0.1408273491176074,0.0,36.04854087971507,-3.108271657711546,-8.465116500854492,1.0,777.0,591.75,0.0,1546.0,0.0,1500.0,-0.009177821234829355
1781701473400929448,9.058286156,-1.8024270439857535,-0.1408273491176074,0.0,36.04854087971507,-3.0750244898139694,-8.465116500854492,1.0,777.0,591.75,0.0,1546.0,0.0,1500.0,-0.009177821234829355
1781701473400935009,9.058291717,-1.8024270439857535,-0.1408273491176074,0.0,36.04854087971507,-3.0750244898139694,-15.405439376831055,1.0,777.0,591.75,0.0,1546.0,0.0,1500.0,-0.009177821234829355
1781701473400939618,9.058296326,-1.8024270439857535,-0.1408273491176074,0.0,36.04854087971507,-3.0750244898139694,-15.405439376831055,1.0,777.0,591.75,0.0,1671.0,0.0,1500.0,-0.009177821234829355
1781701473400943545,9.058300253,-1.8024270439857535,-0.1408273491176074,0.0,36.04854087971507,-3.0750244898139694,-15.405439376831055,1.0,777.0,591.0,0.0,1671.0,0.0,1500.0,-0.009177821234829355
1781701473400955939,9.058312647,-1.8024270439857535,-0.1408273491176074,0.0,36.04854087971507,-3.0750244898139694,-15.405439376831055,1.0,777.0,591.0,0.0,1671.0,0.0,1500.0,-0.009177821234829355
1781701473400960587,9.058317295,-1.8024270439857535,-0.1408273491176074,0.0,36.04854087971507,-3.0750244898139694,-15.405439376831055,1.0,777.0,591.0,0.0,1671.0,0.0,1500.0,-0.009177821234829355
1781701473400968272,9.05832498,-1.8024270439857535,-0.1408273491176074,0.0,36.04854087971507,-3.0750244898139694,-15.405439376831055,1.0,777.0,591.0,0.0,1671.0,0.0,1500.0,-0.005965583802639081
1781701473400970807,9.058327515,-1.8024270439857535,-0.1408273491176074,0.0,36.04854087971507,-3.0750244898139694,-15.405439376831055,1.0,777.0,591.0,0.0,1671.0,0.0,1500.0,-0.005965583802639081
1781701473401023616,9.058380324,-1.83313002115823,-0.1408273491176074,0.0,36.04854087971507,-3.0750244898139694,-15.405439376831055,1.0,777.0,591.0,0.0,1671.0,0.0,1500.0,-0.005965583802639081
1781701473401035088,9.058391796,-1.83313002115823,-0.1408273491176074,0.0,36.04854087971507,-3.0750244898139694,-15.405439376831055,1.0,777.0,591.0,0.0,1671.0,0.0,1500.0,-0.005965583802639081
1781701473401045908,9.058402616,-1.83313002115823,-0.13626634062465987,0.0,36.04854087971507,-3.0750244898139694,-15.405439376831055,1.0,777.0,591.0,0.0,1671.0,0.0,1500.0,-0.005965583802639081
1781701473401074803,9.058431511,-1.83313002115823,-0.13626634062465987,0.0,36.6626004231646,-3.0750244898139694,-15.405439376831055,1.0,777.0,591.0,0.0,1671.0,0.0,1500.0,-0.005965583802639081
1781701473479252897,9.136609605,-1.83313002115823,-0.13626634062465987,0.0,36.6626004231646,-3.0750244898139694,-15.405439376831055,1.0,777.0,591.0,0.0,1671.0,0.0,1500.0,-0.005965583802639081
1781701473479299114,9.136655822,-1.83313002115823,-0.13626634062465987,0.0,36.6626004231646,-3.0750244898139694,-15.405439376831055,1.0,777.0,591.0,0.0,1671.0,0.0,1500.0,-0.005965583802639081
1781701473479304254,9.136660962,-1.83313002115823,-0.13626634062465987,0.0,36.6626004231646,-3.108271657711546,-15.405439376831055,1.0,777.0,591.0,0.0,1671.0,0.0,1500.0,-0.005965583802639081
1781701473479308873,9.136665581,-1.83313002115823,-0.13626634062465987,0.0,36.6626004231646,-3.108271657711546,-8.465116500854492,1.0,777.0,591.0,0.0,1671.0,0.0,1500.0,-0.005965583802639081
1781701473479313391,9.136670099,-1.83313002115823,-0.13626634062465987,0.0,36.6626004231646,-3.108271657711546,-8.465116500854492,1.0,777.0,591.0,0.0,1440.0,0.0,1500.0,-0.005965583802639081
1781701473479317740,9.136674448,-1.83313002115823,-0.13626634062465987,0.0,36.6626004231646,-3.108271657711546,-8.465116500854492,1.0,777.0,591.75,0.0,1440.0,0.0,1500.0,-0.005965583802639081
1781701473479327378,9.136684086,-1.83313002115823,-0.13626634062465987,0.0,36.6626004231646,-3.108271657711546,-8.465116500854492,1.0,777.0,591.75,0.0,1440.0,0.0,1500.0,-0.005965583802639081
1781701473479331926,9.136688634,-1.83313002115823,-0.13626634062465987,0.0,36.6626004231646,-3.108271657711546,-8.465116500854492,1.0,777.0,591.75,0.0,1440.0,0.0,1500.0,-0.005965583802639081
1781701473479342176,9.136698884,-1.83313002115823,-0.13626634062465987,0.0,36.6626004231646,-3.108271657711546,-8.465116500854492,1.0,777.0,591.75,0.0,1440.0,0.0,1500.0,-0.003877629471715403
1781701473479350892,9.1367076,-1.83313002115823,-0.13626634062465987,0.0,36.6626004231646,-3.108271657711546,-8.465116500854492,1.0,777.0,591.75,0.0,1440.0,0.0,1500.0,-0.003877629471715403
1781701473479400776,9.136757484,-1.8024270439857535,-0.13626634062465987,0.0,36.6626004231646,-3.108271657711546,-8.465116500854492,1.0,777.0,591.75,0.0,1440.0,0.0,1500.0,-0.003877629471715403
1781701473479415174,9.136771882,-1.8024270439857535,-0.13626634062465987,0.0,36.6626004231646,-3.108271657711546,-8.465116500854492,1.0,777.0,591.75,0.0,1440.0,0.0,1500.0,-0.003877629471715403
1781701473479423730,9.136780438,-1.8024270439857535,-0.1408273491176074,0.0,36.6626004231646,-3.108271657711546,-8.465116500854492,1.0,777.0,591.75,0.0,1440.0,0.0,1500.0,-0.003877629471715403
1781701473479453626,9.136810334,-1.8024270439857535,-0.1408273491176074,0.0,36.04854087971507,-3.108271657711546,-8.465116500854492,1.0,777.0,591.75,0.0,1440.0,0.0,1500.0,-0.003877629471715403
1781701473511899864,9.169256572,-1.8024270439857535,-0.1408273491176074,0.0,36.04854087971507,-3.108271657711546,-8.465116500854492,1.0,777.0,591.75,0.0,1440.0,0.0,1500.0,-0.003877629471715403
1781701473511948936,9.169305644,-1.8024270439857535,-0.1408273491176074,0.0,36.04854087971507,-3.108271657711546,-8.465116500854492,1.0,777.0,591.75,0.0,1440.0,0.0,1500.0,-0.003877629471715403
1781701473511955338,9.169312046,-1.8024270439857535,-0.1408273491176074,0.0,36.04854087971507,-3.108271657711546,-8.465116500854492,1.0,777.0,591.75,0.0,1440.0,0.0,1500.0,-0.003877629471715403
1781701473511960638,9.169317346,-1.8024270439857535,-0.1408273491176074,0.0,36.04854087971507,-3.108271657711546,-8.465116500854492,1.0,777.0,591.75,0.0,1440.0,0.0,1500.0,-0.003877629471715403
1781701473511964526,9.169321234,-1.8024270439857535,-0.1408273491176074,0.0,36.04854087971507,-3.108271657711546,-8.465116500854492,1.0,777.0,591.75,0.0,1546.0,0.0,1500.0,-0.003877629471715403
1781701473511968533,9.169325241,-1.8024270439857535,-0.1408273491176074,0.0,36.04854087971507,-3.108271657711546,-8.465116500854492,1.0,777.0,591.75,0.0,1546.0,0.0,1500.0,-0.003877629471715403
1781701473511981047,9.169337755,-1.8024270439857535,-0.1408273491176074,0.0,36.04854087971507,-3.108271657711546,-8.465116500854492,1.0,777.0,591.75,0.0,1546.0,0.0,1500.0,-0.003877629471715403
1781701473511986086,9.169342794,-1.8024270439857535,-0.1408273491176074,0.0,36.04854087971507,-3.108271657711546,-8.465116500854492,1.0,777.0,591.75,0.0,1546.0,0.0,1500.0,-0.003877629471715403
1781701473511995204,9.169351912,-1.8024270439857535,-0.1408273491176074,0.0,36.04854087971507,-3.108271657711546,-8.465116500854492,1.0,777.0,591.75,0.0,1546.0,0.0,1500.0,-0.002520459156615012
1781701473512010082,9.16936679,-1.8024270439857535,-0.1408273491176074,0.0,36.04854087971507,-3.108271657711546,-8.465116500854492,1.0,777.0,591.75,0.0,1546.0,0.0,1500.0,-0.002520459156615012
1781701473512081607,9.169438315,-1.8024270439857535,-0.1408273491176074,0.0,36.04854087971507,-3.108271657711546,-8.465116500854492,1.0,777.0,591.75,0.0,1546.0,0.0,1500.0,-0.002520459156615012
1781701473512092297,9.169449005,-1.8024270439857535,-0.1408273491176074,0.0,36.04854087971507,-3.108271657711546,-8.465116500854492,1.0,777.0,591.75,0.0,1546.0,0.0,1500.0,-0.002520459156615012
1781701473512116483,9.169473191,-1.8024270439857535,-0.1408273491176074,0.0,36.04854087971507,-3.108271657711546,-8.465116500854492,1.0,777.0,591.75,0.0,1546.0,0.0,1500.0,-0.002520459156615012
1781701473512145878,9.169502586,-1.8024270439857535,-0.1408273491176074,0.0,36.04854087971507,-3.108271657711546,-8.465116500854492,1.0,777.0,591.75,0.0,1546.0,0.0,1500.0,-0.002520459156615012
1781701473595248455,9.252605163,-1.8024270439857535,-0.1408273491176074,0.0,36.04854087971507,-3.108271657711546,-8.465116500854492,1.0,777.0,591.75,0.0,1546.0,0.0,1500.0,-0.002520459156615012
1781701473595339878,9.252696586,-1.8024270439857535,-0.1408273491176074,0.0,36.04854087971507,-3.108271657711546,-8.465116500854492,1.0,777.0,591.75,0.0,1546.0,0.0,1500.0,-0.002520459156615012
1781701473595347623,9.252704331,-1.8024270439857535,-0.1408273491176074,0.0,36.04854087971507,-3.108271657711546,-8.465116500854492,1.0,777.0,591.75,0.0,1546.0,0.0,1500.0,-0.0016382984517997578
1781701473595351210,9.252707918,-1.8024270439857535,-0.1408273491176074,0.0,36.04854087971507,-3.108271657711546,-8.465116500854492,1.0,777.0,591.75,0.0,1546.0,0.0,1500.0,-0.0016382984517997578
1781701473595355778,9.252712486,-1.8024270439857535,-0.1408273491176074,0.0,36.04854087971507,-3.108271657711546,-8.465116500854492,1.0,777.0,591.75,0.0,1546.0,0.0,1500.0,-0.0016382984517997578
1781701473595360567,9.252717275,-1.8024270439857535,-0.1408273491176074,0.0,36.04854087971507,-3.108271657711546,-8.465116500854492,1.0,777.0,591.75,0.0,1546.0,0.0,1500.0,-0.0016382984517997578
1781701473595365527,9.252722235,-1.8024270439857535,-0.1408273491176074,0.0,36.04854087971507,-3.108271657711546,-8.465116500854492,1.0,777.0,591.75,0.0,1546.0,0.0,1500.0,-0.0016382984517997578
1781701473595368743,9.252725451,-1.8024270439857535,-0.1408273491176074,0.0,36.04854087971507,-3.108271657711546,-8.465116500854492,1.0,777.0,591.75,0.0,1546.0,0.0,1500.0,-0.0016382984517997578
1781701473595372069,9.252728777,-1.8024270439857535,-0.1408273491176074,0.0,36.04854087971507,-3.108271657711546,-8.465116500854492,1.0,777.0,591.75,0.0,1546.0,0.0,1500.0,-0.0016382984517997578
1781701473595380485,9.252737193,-1.8024270439857535,-0.1408273491176074,0.0,36.04854087971507,-3.108271657711546,-8.465116500854492,1.0,777.0,591.75,0.0,1546.0,0.0,1500.0,-0.0016382984517997578
1781701473595435669,9.252792377,-1.8024270439857535,-0.1408273491176074,0.0,36.04854087971507,-3.108271657711546,-8.465116500854492,1.0,777.0,591.75,0.0,1546.0,0.0,1500.0,-0.0016382984517997578
1781701473595462881,9.252819589,-1.8024270439857535,-0.1408273491176074,0.0,36.04854087971507,-3.108271657711546,-8.465116500854492,1.0,777.0,591.75,0.0,1546.0,0.0,1500.0,-0.0016382984517997578
1781701473595474823,9.252831531,-1.8024270439857535,-0.1408273491176074,0.0,36.04854087971507,-3.108271657711546,-8.465116500854492,1.0,777.0,591.75,0.0,1546.0,0.0,1500.0,-0.0016382984517997578
1781701473595516632,9.25287334,-1.8024270439857535,-0.1408273491176074,0.0,36.04854087971507,-3.108271657711546,-8.465116500854492,1.0,777.0,591.75,0.0,1546.0,0.0,1500.0,-0.0016382984517997578
1781701473632190036,9.289546744,-1.8024270439857535,-0.1408273491176074,0.0,36.04854087971507,-3.108271657711546,-8.465116500854492,1.0,777.0,591.75,0.0,1546.0,0.0,1500.0,-0.0016382984517997578
1781701473632249558,9.289606266,-1.8024270439857535,-0.1408273491176074,0.0,36.04854087971507,-3.108271657711546,-8.465116500854492,1.0,777.0,591.75,0.0,1546.0,0.0,1500.0,-0.0016382984517997578
1781701473632256832,9.28961354,-1.8024270439857535,-0.1408273491176074,0.0,36.04854087971507,-3.108271657711546,-8.465116500854492,1.0,777.0,591.75,0.0,1546.0,0.0,1500.0,-0.0016382984517997578
1781701473632261300,9.289618008,-1.8024270439857535,-0.1408273491176074,0.0,36.04854087971507,-3.108271657711546,-8.465116500854492,1.0,777.0,591.75,0.0,1546.0,0.0,1500.0,-0.0016382984517997578
1781701473632267412,9.28962412,-1.8024270439857535,-0.1408273491176074,0.0,36.04854087971507,-3.108271657711546,-8.465116500854492,1.0,777.0,591.75,0.0,1546.0,0.0,1500.0,-0.0016382984517997578
1781701473632272511,9.289629219,-1.8024270439857535,-0.1408273491176074,0.0,36.04854087971507,-3.108271657711546,-8.465116500854492,1.0,777.0,591.75,0.0,1546.0,0.0,1500.0,-0.0016382984517997578
1781701473632276439,9.289633147,-1.8024270439857535,-0.1408273491176074,0.0,36.04854087971507,-3.108271657711546,-8.465116500854492,1.0,777.0,591.75,0.0,1546.0,0.0,1500.0,-0.0016382984517997578
1781701473632286237,9.289642945,-1.8024270439857535,-0.1408273491176074,0.0,36.04854087971507,-3.108271657711546,-8.465116500854492,1.0,777.0,591.75,0.0,1546.0,0.0,1500.0,-0.0010648939936698427
1781701473632289293,9.289646001,-1.8024270439857535,-0.1408273491176074,0.0,36.04854087971507,-3.108271657711546,-8.465116500854492,1.0,777.0,591.75,0.0,1546.0,0.0,1500.0,-0.0010648939936698427
1781701473632292960,9.289649668,-1.8024270439857535,-0.1408273491176074,0.0,36.04854087971507,-3.108271657711546,-8.465116500854492,1.0,777.0,591.75,0.0,1546.0,0.0,1500.0,-0.0010648939936698427
1781701473632350078,9.289706786,-1.8024270439857535,-0.1408273491176074,0.0,36.04854087971507,-3.108271657711546,-8.465116500854492,1.0,777.0,591.75,0.0,1546.0,0.0,1500.0,-0.0010648939936698427
1781701473632361409,9.289718117,-1.8024270439857535,-0.1408273491176074,0.0,36.04854087971507,-3.108271657711546,-8.465116500854492,1.0,777.0,591.75,0.0,1546.0,0.0,1500.0,-0.0010648939936698427
1781701473632377189,9.289733897,-1.8024270439857535,-0.1408273491176074,0.0,36.04854087971507,-3.108271657711546,-8.465116500854492,1.0,777.0,591.75,0.0,1546.0,0.0,1500.0,-0.0010648939936698427
1781701473632405262,9.28976197,-1.8024270439857535,-0.1408273491176074,0.0,36.04854087971507,-3.108271657711546,-8.465116500854492,1.0,777.0,591.75,0.0,1546.0,0.0,1500.0,-0.0010648939936698427
1781701473724023567,9.381380275,-1.8024270439857535,-0.1408273491176074,0.0,36.04854087971507,-3.108271657711546,-8.465116500854492,1.0,777.0,591.75,0.0,1546.0,0.0,1500.0,-0.0010648939936698427
1781701473724077499,9.381434207,-1.8024270439857535,-0.1408273491176074,0.0,36.04854087971507,-3.108271657711546,-8.465116500854492,1.0,777.0,591.75,0.0,1546.0,0.0,1500.0,-0.0010648939936698427
1781701473724082849,9.381439557,-1.8024270439857535,-0.1408273491176074,0.0,36.04854087971507,-3.108271657711546,-8.465116500854492,1.0,777.0,591.75,0.0,1546.0,0.0,1500.0,-0.0010648939936698427
1781701473724086737,9.381443445,-1.8024270439857535,-0.1408273491176074,0.0,36.04854087971507,-3.108271657711546,-8.465116500854492,1.0,777.0,591.75,0.0,1546.0,0.0,1500.0,-0.0010648939936698427
1781701473724092558,9.381449266,-1.8024270439857535,-0.1408273491176074,0.0,36.04854087971507,-3.108271657711546,-8.465116500854492,1.0,777.0,591.75,0.0,1546.0,0.0,1500.0,-0.0010648939936698427
1781701473724097978,9.381454686,-1.8024270439857535,-0.1408273491176074,0.0,36.04854087971507,-3.108271657711546,-8.465116500854492,1.0,777.0,591.75,0.0,1546.0,0.0,1500.0,-0.0010648939936698427
1781701473724102887,9.381459595,-1.8024270439857535,-0.1408273491176074,0.0,36.04854087971507,-3.108271657711546,-8.465116500854492,1.0,777.0,591.75,0.0,1546.0,0.0,1500.0,-0.0010648939936698427
1781701473724106043,9.381462751,-1.8024270439857535,-0.1408273491176074,0.0,36.04854087971507,-3.108271657711546,-8.465116500854492,1.0,777.0,591.75,0.0,1546.0,0.0,1500.0,-0.0010648939936698427
1781701473724114689,9.381471397,-1.8024270439857535,-0.1408273491176074,0.0,36.04854087971507,-3.108271657711546,-8.465116500854492,1.0,777.0,591.75,0.0,1546.0,0.0,1500.0,-0.0006921810958853978
1781701473724117956,9.381474664,-1.8024270439857535,-0.1408273491176074,0.0,36.04854087971507,-3.108271657711546,-8.465116500854492,1.0,777.0,591.75,0.0,1546.0,0.0,1500.0,-0.0006921810958853978
1781701473724170946,9.381527654,-1.8024270439857535,-0.1408273491176074,0.0,36.04854087971507,-3.108271657711546,-8.465116500854492,1.0,777.0,591.75,0.0,1546.0,0.0,1500.0,-0.0006921810958853978
1781701473724182738,9.381539446,-1.8024270439857535,-0.1408273491176074,0.0,36.04854087971507,-3.108271657711546,-8.465116500854492,1.0,777.0,591.75,0.0,1546.0,0.0,1500.0,-0.0006921810958853978
1781701473724193468,9.381550176,-1.8024270439857535,-0.1408273491176074,0.0,36.04854087971507,-3.108271657711546,-8.465116500854492,1.0,777.0,591.75,0.0,1546.0,0.0,1500.0,-0.0006921810958853978
1781701473724226611,9.381583319,-1.8024270439857535,-0.1408273491176074,0.0,36.04854087971507,-3.108271657711546,-8.465116500854492,1.0,777.0,591.75,0.0,1546.0,0.0,1500.0,-0.0006921810958853978
1781701473756658431,9.414015139,-1.8024270439857535,-0.1408273491176074,0.0,36.04854087971507,-3.108271657711546,-8.465116500854492,1.0,777.0,591.75,0.0,1546.0,0.0,1500.0,-0.0006921810958853978
1781701473756717002,9.41407371,-1.8024270439857535,-0.1408273491176074,0.0,36.04854087971507,-3.108271657711546,-8.465116500854492,1.0,777.0,591.75,0.0,1546.0,0.0,1500.0,-0.0006921810958853978
1781701473756722903,9.414079611,-1.8024270439857535,-0.1408273491176074,0.0,36.04854087971507,-3.108271657711546,-8.465116500854492,1.0,777.0,591.75,0.0,1546.0,0.0,1500.0,-0.0006921810958853978
1781701473756727271,9.414083979,-1.8024270439857535,-0.1408273491176074,0.0,36.04854087971507,-3.108271657711546,-8.465116500854492,1.0,777.0,591.75,0.0,1546.0,0.0,1500.0,-0.0006921810958853978
1781701473756733553,9.414090261,-1.8024270439857535,-0.1408273491176074,0.0,36.04854087971507,-3.108271657711546,-8.465116500854492,1.0,777.0,591.75,0.0,1546.0,0.0,1500.0,-0.0006921810958853978
1781701473756739173,9.414095881,-1.8024270439857535,-0.1408273491176074,0.0,36.04854087971507,-3.108271657711546,-8.465116500854492,1.0,777.0,591.75,0.0,1546.0,0.0,1500.0,-0.0006921810958853978
1781701473756743121,9.414099829,-1.8024270439857535,-0.1408273491176074,0.0,36.04854087971507,-3.108271657711546,-8.465116500854492,1.0,777.0,591.75,0.0,1546.0,0.0,1500.0,-0.0006921810958853978
1781701473756745355,9.414102063,-1.8024270439857535,-0.1408273491176074,0.0,36.04854087971507,-3.108271657711546,-8.465116500854492,1.0,777.0,591.75,0.0,1546.0,0.0,1500.0,-0.0006921810958853978
1781701473756763580,9.414120288,-1.8024270439857535,-0.1408273491176074,0.0,36.04854087971507,-3.108271657711546,-8.465116500854492,1.0,777.0,591.75,0.0,1546.0,0.0,1500.0,-0.00044991771232550856
1781701473756768379,9.414125087,-1.8024270439857535,-0.1408273491176074,0.0,36.04854087971507,-3.108271657711546,-8.465116500854492,1.0,777.0,591.75,0.0,1546.0,0.0,1500.0,-0.00044991771232550856
1781701473756827931,9.414184639,-1.8024270439857535,-0.1408273491176074,0.0,36.04854087971507,-3.108271657711546,-8.465116500854492,1.0,777.0,591.75,0.0,1546.0,0.0,1500.0,-0.00044991771232550856
1781701473756839483,9.414196191,-1.8024270439857535,-0.1408273491176074,0.0,36.04854087971507,-3.108271657711546,-8.465116500854492,1.0,777.0,591.75,0.0,1546.0,0.0,1500.0,-0.00044991771232550856
1781701473756854662,9.41421137,-1.8024270439857535,-0.1408273491176074,0.0,36.04854087971507,-3.108271657711546,-8.465116500854492,1.0,777.0,591.75,0.0,1546.0,0.0,1500.0,-0.00044991771232550856
1781701473756882023,9.414238731,-1.8024270439857535,-0.1408273491176074,0.0,36.04854087971507,-3.108271657711546,-8.465116500854492,1.0,777.0,591.75,0.0,1546.0,0.0,1500.0,-0.00044991771232550856
1781701473813177998,9.470534706,-1.8024270439857535,-0.1408273491176074,0.0,36.04854087971507,-3.108271657711546,-8.465116500854492,1.0,777.0,591.75,0.0,1546.0,0.0,1500.0,-0.00044991771232550856
1781701473813327901,9.470684609,-1.8024270439857535,-0.1408273491176074,0.0,36.04854087971507,-3.108271657711546,-8.465116500854492,1.0,777.0,591.75,0.0,1546.0,0.0,1500.0,-0.00044991771232550856
1781701473813357407,9.470714115,-1.8024270439857535,-0.1408273491176074,0.0,36.04854087971507,-3.108271657711546,-8.465116500854492,1.0,777.0,591.75,0.0,1546.0,0.0,1500.0,-0.00029244651301158056
1781701473813371714,9.470728422,-1.8024270439857535,-0.1408273491176074,0.0,36.04854087971507,-3.108271657711546,-8.465116500854492,1.0,777.0,591.75,0.0,1546.0,0.0,1500.0,-0.00029244651301158056
1781701473813381522,9.47073823,-1.8024270439857535,-0.1408273491176074,0.0,36.04854087971507,-3.108271657711546,-8.465116500854492,1.0,777.0,591.75,0.0,1546.0,0.0,1500.0,-0.00029244651301158056
1781701473813395819,9.470752527,-1.8024270439857535,-0.1408273491176074,0.0,36.04854087971507,-3.108271657711546,-8.465116500854492,1.0,777.0,591.75,0.0,1546.0,0.0,1500.0,-0.00029244651301158056
1781701473813407932,9.47076464,-1.8024270439857535,-0.1408273491176074,0.0,36.04854087971507,-3.108271657711546,-8.465116500854492,1.0,777.0,591.75,0.0,1546.0,0.0,1500.0,-0.00029244651301158056
1781701473813416318,9.470773026,-1.8024270439857535,-0.1408273491176074,0.0,36.04854087971507,-3.108271657711546,-8.465116500854492,1.0,777.0,591.75,0.0,1546.0,0.0,1500.0,-0.00029244651301158056
1781701473813426998,9.470783706,-1.8024270439857535,-0.1408273491176074,0.0,36.04854087971507,-3.108271657711546,-8.465116500854492,1.0,777.0,591.75,0.0,1546.0,0.0,1500.0,-0.00029244651301158056
1781701473813433590,9.470790298,-1.8024270439857535,-0.1408273491176074,0.0,36.04854087971507,-3.108271657711546,-8.465116500854492,1.0,777.0,591.75,0.0,1546.0,0.0,1500.0,-0.00029244651301158056
1781701473813456223,9.470812931,-1.8024270439857535,-0.1408273491176074,0.0,36.04854087971507,-3.108271657711546,-8.465116500854492,1.0,777.0,591.75,0.0,1546.0,0.0,1500.0,-0.00029244651301158056
1781701473813463737,9.470820445,-1.8024270439857535,-0.1408273491176074,0.0,36.04854087971507,-3.108271657711546,-8.465116500854492,1.0,777.0,591.75,0.0,1546.0,0.0,1500.0,-0.00029244651301158056
1781701473813468837,9.470825545,-1.8024270439857535,-0.1408273491176074,0.0,36.04854087971507,-3.108271657711546,-8.465116500854492,1.0,777.0,591.75,0.0,1546.0,0.0,1500.0,-0.00029244651301158056
1781701473813474568,9.470831276,-1.8024270439857535,-0.1408273491176074,0.0,36.04854087971507,-3.108271657711546,-8.465116500854492,1.0,777.0,591.75,0.0,1546.0,0.0,1500.0,-0.00029244651301158056
1781701473852253299,9.509610007,-1.8024270439857535,-0.1408273491176074,0.0,36.04854087971507,-3.108271657711546,-8.465116500854492,1.0,777.0,591.75,0.0,1546.0,0.0,1500.0,-0.00029244651301158056
1781701473852305998,9.509662706,-1.8024270439857535,-0.1408273491176074,0.0,36.04854087971507,-3.108271657711546,-8.465116500854492,1.0,777.0,591.75,0.0,1546.0,0.0,1500.0,-0.00029244651301158056
1781701473852311949,9.509668657,-1.8024270439857535,-0.1408273491176074,0.0,36.04854087971507,-3.108271657711546,-8.465116500854492,1.0,777.0,591.75,0.0,1546.0,0.0,1500.0,-0.00029244651301158056
1781701473852315556,9.509672264,-1.8024270439857535,-0.1408273491176074,0.0,36.04854087971507,-3.108271657711546,-8.465116500854492,1.0,777.0,591.75,0.0,1546.0,0.0,1500.0,-0.00029244651301158056
1781701473852319694,9.509676402,-1.8024270439857535,-0.1408273491176074,0.0,36.04854087971507,-3.108271657711546,-8.465116500854492,1.0,777.0,591.75,0.0,1546.0,0.0,1500.0,-0.00029244651301158056
1781701473852322680,9.509679388,-1.8024270439857535,-0.1408273491176074,0.0,36.04854087971507,-3.108271657711546,-8.465116500854492,1.0,777.0,591.75,0.0,1546.0,0.0,1500.0,-0.00029244651301158056
1781701473852326467,9.509683175,-1.8024270439857535,-0.1408273491176074,0.0,36.04854087971507,-3.108271657711546,-8.465116500854492,1.0,777.0,591.75,0.0,1546.0,0.0,1500.0,-0.00029244651301158056
1781701473852328891,9.509685599,-1.8024270439857535,-0.1408273491176074,0.0,36.04854087971507,-3.108271657711546,-8.465116500854492,1.0,777.0,591.75,0.0,1546.0,0.0,1500.0,-0.00029244651301158056
1781701473852335013,9.509691721,-1.8024270439857535,-0.1408273491176074,0.0,36.04854087971507,-3.108271657711546,-8.465116500854492,1.0,777.0,591.75,0.0,1546.0,0.0,1500.0,-0.00019009023345752736
1781701473852338550,9.509695258,-1.8024270439857535,-0.1408273491176074,0.0,36.04854087971507,-3.108271657711546,-8.465116500854492,1.0,777.0,591.75,0.0,1546.0,0.0,1500.0,-0.00019009023345752736
1781701473852382082,9.50973879,-1.8024270439857535,-0.1408273491176074,0.0,36.04854087971507,-3.108271657711546,-8.465116500854492,1.0,777.0,591.75,0.0,1546.0,0.0,1500.0,-0.00019009023345752736
1781701473852392241,9.509748949,-1.8024270439857535,-0.1408273491176074,0.0,36.04854087971507,-3.108271657711546,-8.465116500854492,1.0,777.0,591.75,0.0,1546.0,0.0,1500.0,-0.00019009023345752736
1781701473852405396,9.509762104,-1.8024270439857535,-0.1408273491176074,0.0,36.04854087971507,-3.108271657711546,-8.465116500854492,1.0,777.0,591.75,0.0,1546.0,0.0,1500.0,-0.00019009023345752736
1781701473852438408,9.509795116,-1.8024270439857535,-0.1408273491176074,0.0,36.04854087971507,-3.108271657711546,-8.465116500854492,1.0,777.0,591.75,0.0,1546.0,0.0,1500.0,-0.00019009023345752736
1781701473892559635,9.549916343,-1.8024270439857535,-0.1408273491176074,0.0,36.04854087971507,-3.108271657711546,-8.465116500854492,1.0,777.0,591.75,0.0,1546.0,0.0,1500.0,-0.00019009023345752736
1781701473892612816,9.549969524,-1.8024270439857535,-0.1408273491176074,0.0,36.04854087971507,-3.108271657711546,-8.465116500854492,1.0,777.0,591.75,0.0,1546.0,0.0,1500.0,-0.00019009023345752736
1781701473892619088,9.549975796,-1.8024270439857535,-0.1408273491176074,0.0,36.04854087971507,-3.108271657711546,-8.465116500854492,1.0,777.0,591.75,0.0,1546.0,0.0,1500.0,-0.00019009023345752736
1781701473892622985,9.549979693,-1.8024270439857535,-0.1408273491176074,0.0,36.04854087971507,-3.108271657711546,-8.465116500854492,1.0,777.0,591.75,0.0,1546.0,0.0,1500.0,-0.00019009023345752736
1781701473892629968,9.549986676,-1.8024270439857535,-0.1408273491176074,0.0,36.04854087971507,-3.108271657711546,-8.465116500854492,1.0,777.0,591.75,0.0,1546.0,0.0,1500.0,-0.00019009023345752736
1781701473892634958,9.549991666,-1.8024270439857535,-0.1408273491176074,0.0,36.04854087971507,-3.108271657711546,-8.465116500854492,1.0,777.0,591.75,0.0,1546.0,0.0,1500.0,-0.00019009023345752736
1781701473892638875,9.549995583,-1.8024270439857535,-0.1408273491176074,0.0,36.04854087971507,-3.108271657711546,-8.465116500854492,1.0,777.0,591.75,0.0,1546.0,0.0,1500.0,-0.00019009023345752736
1781701473892647491,9.550004199,-1.8024270439857535,-0.1408273491176074,0.0,36.04854087971507,-3.108271657711546,-8.465116500854492,1.0,777.0,591.75,0.0,1546.0,0.0,1500.0,-0.0001235586517473928
1781701473892650347,9.550007055,-1.8024270439857535,-0.1408273491176074,0.0,36.04854087971507,-3.108271657711546,-8.465116500854492,1.0,777.0,591.75,0.0,1546.0,0.0,1500.0,-0.0001235586517473928
1781701473892653092,9.5500098,-1.8024270439857535,-0.1408273491176074,0.0,36.04854087971507,-3.108271657711546,-8.465116500854492,1.0,777.0,591.75,0.0,1546.0,0.0,1500.0,-0.0001235586517473928
1781701473892707645,9.550064353,-1.8024270439857535,-0.1408273491176074,0.0,36.04854087971507,-3.108271657711546,-8.465116500854492,1.0,777.0,591.75,0.0,1546.0,0.0,1500.0,-0.0001235586517473928
1781701473892719497,9.550076205,-1.8024270439857535,-0.1408273491176074,0.0,36.04854087971507,-3.108271657711546,-8.465116500854492,1.0,777.0,591.75,0.0,1546.0,0.0,1500.0,-0.0001235586517473928
1781701473892730228,9.550086936,-1.8024270439857535,-0.1408273491176074,0.0,36.04854087971507,-3.108271657711546,-8.465116500854492,1.0,777.0,591.75,0.0,1546.0,0.0,1500.0,-0.0001235586517473928
1781701473892765194,9.550121902,-1.8024270439857535,-0.1408273491176074,0.0,36.04854087971507,-3.108271657711546,-8.465116500854492,1.0,777.0,591.75,0.0,1546.0,0.0,1500.0,-0.0001235586517473928
1781701473931967164,9.589323872,-1.8024270439857535,-0.1408273491176074,0.0,36.04854087971507,-3.108271657711546,-8.465116500854492,1.0,777.0,591.75,0.0,1546.0,0.0,1500.0,-0.0001235586517473928
1781701473932020214,9.589376922,-1.8024270439857535,-0.1408273491176074,0.0,36.04854087971507,-3.108271657711546,-8.465116500854492,1.0,777.0,591.75,0.0,1546.0,0.0,1500.0,-0.0001235586517473928
1781701473932027748,9.589384456,-1.8024270439857535,-0.1408273491176074,0.0,36.04854087971507,-3.108271657711546,-8.465116500854492,1.0,777.0,591.75,0.0,1546.0,0.0,1500.0,-0.0001235586517473928
1781701473932033159,9.589389867,-1.8024270439857535,-0.1408273491176074,0.0,36.04854087971507,-3.108271657711546,-8.465116500854492,1.0,777.0,591.75,0.0,1546.0,0.0,1500.0,-0.0001235586517473928
1781701473932037617,9.589394325,-1.8024270439857535,-0.1408273491176074,0.0,36.04854087971507,-3.108271657711546,-8.465116500854492,1.0,777.0,591.75,0.0,1546.0,0.0,1500.0,-0.0001235586517473928
1781701473932042436,9.589399144,-1.8024270439857535,-0.1408273491176074,0.0,36.04854087971507,-3.108271657711546,-8.465116500854492,1.0,777.0,591.75,0.0,1546.0,0.0,1500.0,-0.0001235586517473928
1781701473932055250,9.589411958,-1.8024270439857535,-0.1408273491176074,0.0,36.04854087971507,-3.108271657711546,-8.465116500854492,1.0,777.0,591.75,0.0,1546.0,0.0,1500.0,-0.0001235586517473928
1781701473932058997,9.589415705,-1.8024270439857535,-0.1408273491176074,0.0,36.04854087971507,-3.108271657711546,-8.465116500854492,1.0,777.0,591.75,0.0,1546.0,0.0,1500.0,-8.031312363580533e-05
1781701473932063937,9.589420645,-1.8024270439857535,-0.1408273491176074,0.0,36.04854087971507,-3.108271657711546,-8.465116500854492,1.0,777.0,591.75,0.0,1546.0,0.0,1500.0,-8.031312363580533e-05
1781701473932071862,9.58942857,-1.8024270439857535,-0.1408273491176074,0.0,36.04854087971507,-3.108271657711546,-8.465116500854492,1.0,777.0,591.75,0.0,1546.0,0.0,1500.0,-8.031312363580533e-05
1781701473932131564,9.589488272,-1.8024270439857535,-0.1408273491176074,0.0,36.04854087971507,-3.108271657711546,-8.465116500854492,1.0,777.0,591.75,0.0,1546.0,0.0,1500.0,-8.031312363580533e-05
1781701473932143166,9.589499874,-1.8024270439857535,-0.1408273491176074,0.0,36.04854087971507,-3.108271657711546,-8.465116500854492,1.0,777.0,591.75,0.0,1546.0,0.0,1500.0,-8.031312363580533e-05
1781701473932158676,9.589515384,-1.8024270439857535,-0.1408273491176074,0.0,36.04854087971507,-3.108271657711546,-8.465116500854492,1.0,777.0,591.75,0.0,1546.0,0.0,1500.0,-8.031312363580533e-05
1781701473932189113,9.589545821,-1.8024270439857535,-0.1408273491176074,0.0,36.04854087971507,-3.108271657711546,-8.465116500854492,1.0,777.0,591.75,0.0,1546.0,0.0,1500.0,-8.031312363580533e-05
1781701473970984966,9.628341674,-1.8024270439857535,-0.1408273491176074,0.0,36.04854087971507,-3.108271657711546,-8.465116500854492,1.0,777.0,591.75,0.0,1546.0,0.0,1500.0,-8.031312363580533e-05
1781701473971036473,9.628393181,-1.8024270439857535,-0.1408273491176074,0.0,36.04854087971507,-3.108271657711546,-8.465116500854492,1.0,777.0,591.75,0.0,1546.0,0.0,1500.0,-8.031312363580533e-05
1781701473971042455,9.628399163,-1.8024270439857535,-0.1408273491176074,0.0,36.04854087971507,-3.108271657711546,-8.465116500854492,1.0,777.0,591.75,0.0,1546.0,0.0,1500.0,-8.031312363580533e-05
1781701473971046563,9.628403271,-1.8024270439857535,-0.1408273491176074,0.0,36.04854087971507,-3.0750244898139694,-8.465116500854492,1.0,777.0,591.75,0.0,1546.0,0.0,1500.0,-8.031312363580533e-05
1781701473971052123,9.628408831,-1.8024270439857535,-0.1408273491176074,0.0,36.04854087971507,-3.0750244898139694,-15.405439376831055,1.0,777.0,591.75,0.0,1546.0,0.0,1500.0,-8.031312363580533e-05
1781701473971056692,9.6284134,-1.8024270439857535,-0.1408273491176074,0.0,36.04854087971507,-3.0750244898139694,-15.405439376831055,1.0,777.0,591.75,0.0,1774.0,0.0,1500.0,-8.031312363580533e-05
1781701473971062182,9.62841889,-1.8024270439857535,-0.1408273491176074,0.0,36.04854087971507,-3.0750244898139694,-15.405439376831055,1.0,777.0,591.0,0.0,1774.0,0.0,1500.0,-8.031312363580533e-05
1781701473971073954,9.628430662,-1.8024270439857535,-0.1408273491176074,0.0,36.04854087971507,-3.0750244898139694,-15.405439376831055,1.0,777.0,591.0,0.0,1774.0,0.0,1500.0,-5.220353036327347e-05
1781701473971077571,9.628434279,-1.8024270439857535,-0.1408273491176074,0.0,36.04854087971507,-3.0750244898139694,-15.405439376831055,1.0,777.0,591.0,0.0,1774.0,0.0,1500.0,-5.220353036327347e-05
1781701473971080968,9.628437676,-1.8024270439857535,-0.1408273491176074,0.0,36.04854087971507,-3.0750244898139694,-15.405439376831055,1.0,777.0,591.0,0.0,1774.0,0.0,1500.0,-5.220353036327347e-05
1781701473971135070,9.628491778,-1.83313002115823,-0.1408273491176074,0.0,36.04854087971507,-3.0750244898139694,-15.405439376831055,1.0,777.0,591.0,0.0,1774.0,0.0,1500.0,-5.220353036327347e-05
1781701473971147353,9.628504061,-1.83313002115823,-0.1408273491176074,0.0,36.04854087971507,-3.0750244898139694,-15.405439376831055,1.0,777.0,591.0,0.0,1774.0,0.0,1500.0,-5.220353036327347e-05
1781701473971158344,9.628515052,-1.83313002115823,-0.13626634062465987,0.0,36.04854087971507,-3.0750244898139694,-15.405439376831055,1.0,777.0,591.0,0.0,1774.0,0.0,1500.0,-5.220353036327347e-05
1781701473971212696,9.628569404,-1.83313002115823,-0.13626634062465987,0.0,36.6626004231646,-3.0750244898139694,-15.405439376831055,1.0,777.0,591.0,0.0,1774.0,0.0,1500.0,-5.220353036327347e-05
1781701474024028897,9.681385605,-1.83313002115823,-0.13626634062465987,0.0,36.6626004231646,-3.0750244898139694,-15.405439376831055,1.0,777.0,591.0,0.0,1774.0,0.0,1500.0,-5.220353036327347e-05
1781701474024062079,9.681418787,-1.83313002115823,-0.13626634062465987,0.0,36.6626004231646,-3.0750244898139694,-15.405439376831055,1.0,777.0,591.0,0.0,1774.0,0.0,1500.0,-5.220353036327347e-05
1781701474024064734,9.681421442,-1.83313002115823,-0.13626634062465987,0.0,36.6626004231646,-3.108271657711546,-15.405439376831055,1.0,777.0,591.0,0.0,1774.0,0.0,1500.0,-5.220353036327347e-05
1781701474024067520,9.681424228,-1.83313002115823,-0.13626634062465987,0.0,36.6626004231646,-3.108271657711546,-8.465116500854492,1.0,777.0,591.0,0.0,1774.0,0.0,1500.0,-5.220353036327347e-05
1781701474024070125,9.681426833,-1.83313002115823,-0.13626634062465987,0.0,36.6626004231646,-3.108271657711546,-8.465116500854492,1.0,777.0,591.75,0.0,1774.0,0.0,1500.0,-5.220353036327347e-05
1781701474024079342,9.68143605,-1.83313002115823,-0.13626634062465987,0.0,36.6626004231646,-3.108271657711546,-8.465116500854492,1.0,777.0,591.75,0.0,1401.0,0.0,1500.0,-5.220353036327347e-05
1781701474024107555,9.681464263,-1.83313002115823,-0.13626634062465987,0.0,36.6626004231646,-3.108271657711546,-8.465116500854492,1.0,777.0,591.75,0.0,1401.0,0.0,1500.0,-5.220353036327347e-05
1781701474024121502,9.68147821,-1.83313002115823,-0.13626634062465987,0.0,36.6626004231646,-3.108271657711546,-8.465116500854492,1.0,777.0,591.75,0.0,1401.0,0.0,1500.0,-5.220353036327347e-05
1781701474024139866,9.681496574,-1.83313002115823,-0.13626634062465987,0.0,36.6626004231646,-3.108271657711546,-8.465116500854492,1.0,777.0,591.75,0.0,1401.0,0.0,1500.0,-3.3932294736127756e-05
1781701474024153272,9.68150998,-1.83313002115823,-0.13626634062465987,0.0,36.6626004231646,-3.108271657711546,-8.465116500854492,1.0,777.0,591.75,0.0,1401.0,0.0,1500.0,-3.3932294736127756e-05
1781701474024235547,9.681592255,-1.8024270439857535,-0.13626634062465987,0.0,36.6626004231646,-3.108271657711546,-8.465116500854492,1.0,777.0,591.75,0.0,1401.0,0.0,1500.0,-3.3932294736127756e-05
1781701474024245356,9.681602064,-1.8024270439857535,-0.13626634062465987,0.0,36.6626004231646,-3.108271657711546,-8.465116500854492,1.0,777.0,591.75,0.0,1401.0,0.0,1500.0,-3.3932294736127756e-05
1781701474024254323,9.681611031,-1.8024270439857535,-0.1408273491176074,0.0,36.6626004231646,-3.108271657711546,-8.465116500854492,1.0,777.0,591.75,0.0,1401.0,0.0,1500.0,-3.3932294736127756e-05
1781701474024290972,9.68164768,-1.8024270439857535,-0.1408273491176074,0.0,36.04854087971507,-3.108271657711546,-8.465116500854492,1.0,777.0,591.75,0.0,1401.0,0.0,1500.0,-3.3932294736127756e-05
1781701474063857601,9.721214309,-1.8024270439857535,-0.1408273491176074,0.0,36.04854087971507,-3.108271657711546,-8.465116500854492,1.0,777.0,591.75,0.0,1401.0,0.0,1500.0,-3.3932294736127756e-05
1781701474063894942,9.72125165,-1.8024270439857535,-0.1408273491176074,0.0,36.04854087971507,-3.108271657711546,-8.465116500854492,1.0,777.0,591.75,0.0,1401.0,0.0,1500.0,-3.3932294736127756e-05
1781701474063899180,9.721255888,-1.8024270439857535,-0.1408273491176074,0.0,36.04854087971507,-3.108271657711546,-8.465116500854492,1.0,777.0,591.75,0.0,1401.0,0.0,1500.0,-3.3932294736127756e-05
1781701474063903788,9.721260496,-1.8024270439857535,-0.1408273491176074,0.0,36.04854087971507,-3.108271657711546,-8.465116500854492,1.0,777.0,591.75,0.0,1401.0,0.0,1500.0,-3.3932294736127756e-05
1781701474063906013,9.721262721,-1.8024270439857535,-0.1408273491176074,0.0,36.04854087971507,-3.108271657711546,-8.465116500854492,1.0,777.0,591.75,0.0,1401.0,0.0,1500.0,-3.3932294736127756e-05
1781701474063912886,9.721269594,-1.8024270439857535,-0.1408273491176074,0.0,36.04854087971507,-3.108271657711546,-8.465116500854492,1.0,777.0,591.75,0.0,1546.0,0.0,1500.0,-3.3932294736127756e-05
1781701474063919548,9.721276256,-1.8024270439857535,-0.1408273491176074,0.0,36.04854087971507,-3.108271657711546,-8.465116500854492,1.0,777.0,591.75,0.0,1546.0,0.0,1500.0,-3.3932294736127756e-05
1781701474063937983,9.721294691,-1.8024270439857535,-0.1408273491176074,0.0,36.04854087971507,-3.108271657711546,-8.465116500854492,1.0,777.0,591.75,0.0,1546.0,0.0,1500.0,-3.3932294736127756e-05
1781701474063947902,9.72130461,-1.8024270439857535,-0.1408273491176074,0.0,36.04854087971507,-3.108271657711546,-8.465116500854492,1.0,777.0,591.75,0.0,1546.0,0.0,1500.0,-2.205599157848304e-05
1781701474063965816,9.721322524,-1.8024270439857535,-0.1408273491176074,0.0,36.04854087971507,-3.108271657711546,-8.465116500854492,1.0,777.0,591.75,0.0,1546.0,0.0,1500.0,-2.205599157848304e-05
1781701474064020960,9.721377668,-1.8024270439857535,-0.1408273491176074,0.0,36.04854087971507,-3.108271657711546,-8.465116500854492,1.0,777.0,591.75,0.0,1546.0,0.0,1500.0,-2.205599157848304e-05
1781701474064042951,9.721399659,-1.8024270439857535,-0.1408273491176074,0.0,36.04854087971507,-3.108271657711546,-8.465116500854492,1.0,777.0,591.75,0.0,1546.0,0.0,1500.0,-2.205599157848304e-05
1781701474064060535,9.721417243,-1.8024270439857535,-0.1408273491176074,0.0,36.04854087971507,-3.108271657711546,-8.465116500854492,1.0,777.0,591.75,0.0,1546.0,0.0,1500.0,-2.205599157848304e-05
1781701474064087175,9.721443883,-1.8024270439857535,-0.1408273491176074,0.0,36.04854087971507,-3.108271657711546,-8.465116500854492,1.0,777.0,591.75,0.0,1546.0,0.0,1500.0,-2.205599157848304e-05
1781701474095126745,9.752483453,-1.8024270439857535,-0.1408273491176074,0.0,36.04854087971507,-3.108271657711546,-8.465116500854492,1.0,777.0,591.75,0.0,1546.0,0.0,1500.0,-2.205599157848304e-05
1781701474095167131,9.752523839,-1.8024270439857535,-0.1408273491176074,0.0,36.04854087971507,-3.108271657711546,-8.465116500854492,1.0,777.0,591.75,0.0,1546.0,0.0,1500.0,-2.205599157848304e-05
1781701474095170518,9.752527226,-1.8024270439857535,-0.1408273491176074,0.0,36.04854087971507,-3.108271657711546,-8.465116500854492,1.0,777.0,591.75,0.0,1546.0,0.0,1500.0,-2.205599157848304e-05
1781701474095174415,9.752531123,-1.8024270439857535,-0.1408273491176074,0.0,36.04854087971507,-3.108271657711546,-8.465116500854492,1.0,777.0,591.75,0.0,1546.0,0.0,1500.0,-2.205599157848304e-05
1781701474095179064,9.752535772,-1.8024270439857535,-0.1408273491176074,0.0,36.04854087971507,-3.108271657711546,-8.465116500854492,1.0,777.0,591.75,0.0,1546.0,0.0,1500.0,-2.205599157848304e-05
1781701474095183492,9.7525402,-1.8024270439857535,-0.1408273491176074,0.0,36.04854087971507,-3.108271657711546,-8.465116500854492,1.0,777.0,591.75,0.0,1546.0,0.0,1500.0,-2.205599157848304e-05
1781701474095186798,9.752543506,-1.8024270439857535,-0.1408273491176074,0.0,36.04854087971507,-3.108271657711546,-8.465116500854492,1.0,777.0,591.75,0.0,1546.0,0.0,1500.0,-2.205599157848304e-05
1781701474095197148,9.752553856,-1.8024270439857535,-0.1408273491176074,0.0,36.04854087971507,-3.108271657711546,-8.465116500854492,1.0,777.0,591.75,0.0,1546.0,0.0,1500.0,-1.4336394526013976e-05
1781701474095200264,9.752556972,-1.8024270439857535,-0.1408273491176074,0.0,36.04854087971507,-3.108271657711546,-8.465116500854492,1.0,777.0,591.75,0.0,1546.0,0.0,1500.0,-1.4336394526013976e-05
1781701474095209872,9.75256658,-1.8024270439857535,-0.1408273491176074,0.0,36.04854087971507,-3.108271657711546,-8.465116500854492,1.0,777.0,591.75,0.0,1546.0,0.0,1500.0,-1.4336394526013976e-05
1781701474095284313,9.752641021,-1.8024270439857535,-0.1408273491176074,0.0,36.04854087971507,-3.108271657711546,-8.465116500854492,1.0,777.0,591.75,0.0,1546.0,0.0,1500.0,-1.4336394526013976e-05
1781701474095288751,9.752645459,-1.8024270439857535,-0.1408273491176074,0.0,36.04854087971507,-3.108271657711546,-8.465116500854492,1.0,777.0,591.75,0.0,1546.0,0.0,1500.0,-1.4336394526013976e-05
1781701474095305513,9.752662221,-1.8024270439857535,-0.1408273491176074,0.0,36.04854087971507,-3.108271657711546,-8.465116500854492,1.0,777.0,591.75,0.0,1546.0,0.0,1500.0,-1.4336394526013976e-05
1781701474095351409,9.752708117,-1.8024270439857535,-0.1408273491176074,0.0,36.04854087971507,-3.108271657711546,-8.465116500854492,1.0,777.0,591.75,0.0,1546.0,0.0,1500.0,-1.4336394526013976e-05
1781701474143428176,9.800784884,-1.8024270439857535,-0.1408273491176074,0.0,36.04854087971507,-3.108271657711546,-8.465116500854492,1.0,777.0,591.75,0.0,1546.0,0.0,1500.0,-1.4336394526013976e-05
1781701474143518397,9.800875105,-1.8024270439857535,-0.1408273491176074,0.0,36.04854087971507,-3.108271657711546,-8.465116500854492,1.0,777.0,591.75,0.0,1546.0,0.0,1500.0,-1.4336394526013976e-05
1781701474143530480,9.800887188,-1.8024270439857535,-0.1408273491176074,0.0,36.04854087971507,-3.108271657711546,-8.465116500854492,1.0,777.0,591.75,0.0,1546.0,0.0,1500.0,-9.318656441909085e-06
1781701474143537142,9.80089385,-1.8024270439857535,-0.1408273491176074,0.0,36.04854087971507,-3.108271657711546,-8.465116500854492,1.0,777.0,591.75,0.0,1546.0,0.0,1500.0,-9.318656441909085e-06
1781701474143544837,9.800901545,-1.8024270439857535,-0.1408273491176074,0.0,36.04854087971507,-3.108271657711546,-8.465116500854492,1.0,777.0,591.75,0.0,1546.0,0.0,1500.0,-9.318656441909085e-06
1781701474143550808,9.800907516,-1.8024270439857535,-0.1408273491176074,0.0,36.04854087971507,-3.108271657711546,-8.465116500854492,1.0,777.0,591.75,0.0,1546.0,0.0,1500.0,-9.318656441909085e-06
1781701474143559114,9.800915822,-1.8024270439857535,-0.1408273491176074,0.0,36.04854087971507,-3.108271657711546,-8.465116500854492,1.0,777.0,591.75,0.0,1546.0,0.0,1500.0,-9.318656441909085e-06
1781701474143564253,9.800920961,-1.8024270439857535,-0.1408273491176074,0.0,36.04854087971507,-3.108271657711546,-8.465116500854492,1.0,777.0,591.75,0.0,1546.0,0.0,1500.0,-9.318656441909085e-06
1781701474143567950,9.800924658,-1.8024270439857535,-0.1408273491176074,0.0,36.04854087971507,-3.108271657711546,-8.465116500854492,1.0,777.0,591.75,0.0,1546.0,0.0,1500.0,-9.318656441909085e-06
1781701474143576827,9.800933535,-1.8024270439857535,-0.1408273491176074,0.0,36.04854087971507,-3.108271657711546,-8.465116500854492,1.0,777.0,591.75,0.0,1546.0,0.0,1500.0,-9.318656441909085e-06
1781701474143594350,9.800951058,-1.8024270439857535,-0.1408273491176074,0.0,36.04854087971507,-3.108271657711546,-8.465116500854492,1.0,777.0,591.75,0.0,1546.0,0.0,1500.0,-9.318656441909085e-06
1781701474143598538,9.800955246,-1.8024270439857535,-0.1408273491176074,0.0,36.04854087971507,-3.108271657711546,-8.465116500854492,1.0,777.0,591.75,0.0,1546.0,0.0,1500.0,-9.318656441909085e-06
1781701474143611513,9.800968221,-1.8024270439857535,-0.1408273491176074,0.0,36.04854087971507,-3.108271657711546,-8.465116500854492,1.0,777.0,591.75,0.0,1546.0,0.0,1500.0,-9.318656441909085e-06
1781701474143629847,9.800986555,-1.8024270439857535,-0.1408273491176074,0.0,36.04854087971507,-3.108271657711546,-8.465116500854492,1.0,777.0,591.75,0.0,1546.0,0.0,1500.0,-9.318656441909085e-06
1781701474183202849,9.840559557,-1.8024270439857535,-0.1408273491176074,0.0,36.04854087971507,-3.108271657711546,-8.465116500854492,1.0,777.0,591.75,0.0,1546.0,0.0,1500.0,-9.318656441909085e-06
1781701474183242273,9.840598981,-1.8024270439857535,-0.1408273491176074,0.0,36.04854087971507,-3.108271657711546,-8.465116500854492,1.0,777.0,591.75,0.0,1546.0,0.0,1500.0,-9.318656441909085e-06
1781701474183246702,9.84060341,-1.8024270439857535,-0.1408273491176074,0.0,36.04854087971507,-3.108271657711546,-8.465116500854492,1.0,777.0,591.75,0.0,1546.0,0.0,1500.0,-9.318656441909085e-06
1781701474183250659,9.840607367,-1.8024270439857535,-0.1408273491176074,0.0,36.04854087971507,-3.108271657711546,-8.465116500854492,1.0,777.0,591.75,0.0,1546.0,0.0,1500.0,-9.318656441909085e-06
1781701474183253494,9.840610202,-1.8024270439857535,-0.1408273491176074,0.0,36.04854087971507,-3.108271657711546,-8.465116500854492,1.0,777.0,591.75,0.0,1546.0,0.0,1500.0,-9.318656441909085e-06
1781701474183257111,9.840613819,-1.8024270439857535,-0.1408273491176074,0.0,36.04854087971507,-3.108271657711546,-8.465116500854492,1.0,777.0,591.75,0.0,1546.0,0.0,1500.0,-9.318656441909085e-06
1781701474183262972,9.84061968,-1.8024270439857535,-0.1408273491176074,0.0,36.04854087971507,-3.108271657711546,-8.465116500854492,1.0,777.0,591.75,0.0,1546.0,0.0,1500.0,-9.318656441909085e-06
1781701474183265557,9.840622265,-1.8024270439857535,-0.1408273491176074,0.0,36.04854087971507,-3.108271657711546,-8.465116500854492,1.0,777.0,591.75,0.0,1546.0,0.0,1500.0,-9.318656441909085e-06
1781701474183281808,9.840638516,-1.8024270439857535,-0.1408273491176074,0.0,36.04854087971507,-3.108271657711546,-8.465116500854492,1.0,777.0,591.75,0.0,1546.0,0.0,1500.0,-6.057126687240905e-06
1781701474183301014,9.840657722,-1.8024270439857535,-0.1408273491176074,0.0,36.04854087971507,-3.108271657711546,-8.465116500854492,1.0,777.0,591.75,0.0,1546.0,0.0,1500.0,-6.057126687240905e-06
1781701474183348945,9.840705653,-1.8024270439857535,-0.1408273491176074,0.0,36.04854087971507,-3.108271657711546,-8.465116500854492,1.0,777.0,591.75,0.0,1546.0,0.0,1500.0,-6.057126687240905e-06
1781701474183354635,9.840711343,-1.8024270439857535,-0.1408273491176074,0.0,36.04854087971507,-3.108271657711546,-8.465116500854492,1.0,777.0,591.75,0.0,1546.0,0.0,1500.0,-6.057126687240905e-06
1781701474183376747,9.840733455,-1.8024270439857535,-0.1408273491176074,0.0,36.04854087971507,-3.108271657711546,-8.465116500854492,1.0,777.0,591.75,0.0,1546.0,0.0,1500.0,-6.057126687240905e-06
1781701474183400692,9.8407574,-1.8024270439857535,-0.1408273491176074,0.0,36.04854087971507,-3.108271657711546,-8.465116500854492,1.0,777.0,591.75,0.0,1546.0,0.0,1500.0,-6.057126687240905e-06
1781701474223718030,9.881074738,-1.8024270439857535,-0.1408273491176074,0.0,36.04854087971507,-3.108271657711546,-8.465116500854492,1.0,777.0,591.75,0.0,1546.0,0.0,1500.0,-6.057126687240905e-06
1781701474223779226,9.881135934,-1.8024270439857535,-0.1408273491176074,0.0,36.04854087971507,-3.108271657711546,-8.465116500854492,1.0,777.0,591.75,0.0,1546.0,0.0,1500.0,-6.057126687240905e-06
1781701474223784365,9.881141073,-1.8024270439857535,-0.1408273491176074,0.0,36.04854087971507,-3.108271657711546,-8.465116500854492,1.0,777.0,591.75,0.0,1546.0,0.0,1500.0,-6.057126687240905e-06
1781701474223788664,9.881145372,-1.8024270439857535,-0.1408273491176074,0.0,36.04854087971507,-3.108271657711546,-8.465116500854492,1.0,777.0,591.75,0.0,1546.0,0.0,1500.0,-6.057126687240905e-06
1781701474223793483,9.881150191,-1.8024270439857535,-0.1408273491176074,0.0,36.04854087971507,-3.108271657711546,-8.465116500854492,1.0,777.0,591.75,0.0,1546.0,0.0,1500.0,-6.057126687240905e-06
1781701474223797821,9.881154529,-1.8024270439857535,-0.1408273491176074,0.0,36.04854087971507,-3.108271657711546,-8.465116500854492,1.0,777.0,591.75,0.0,1546.0,0.0,1500.0,-6.057126687240905e-06
1781701474223803121,9.881159829,-1.8024270439857535,-0.1408273491176074,0.0,36.04854087971507,-3.108271657711546,-8.465116500854492,1.0,777.0,591.75,0.0,1546.0,0.0,1500.0,-6.057126687240905e-06
1781701474223807008,9.881163716,-1.8024270439857535,-0.1408273491176074,0.0,36.04854087971507,-3.108271657711546,-8.465116500854492,1.0,777.0,591.75,0.0,1546.0,0.0,1500.0,-6.057126687240905e-06
1781701474223819752,9.88117646,-1.8024270439857535,-0.1408273491176074,0.0,36.04854087971507,-3.108271657711546,-8.465116500854492,1.0,777.0,591.75,0.0,1546.0,0.0,1500.0,-3.937132346706588e-06
1781701474223824291,9.881180999,-1.8024270439857535,-0.1408273491176074,0.0,36.04854087971507,-3.108271657711546,-8.465116500854492,1.0,777.0,591.75,0.0,1546.0,0.0,1500.0,-3.937132346706588e-06
1781701474223871320,9.881228028,-1.8024270439857535,-0.1408273491176074,0.0,36.04854087971507,-3.108271657711546,-8.465116500854492,1.0,777.0,591.75,0.0,1546.0,0.0,1500.0,-3.937132346706588e-06
1781701474223875608,9.881232316,-1.8024270439857535,-0.1408273491176074,0.0,36.04854087971507,-3.108271657711546,-8.465116500854492,1.0,777.0,591.75,0.0,1546.0,0.0,1500.0,-3.937132346706588e-06
1781701474223885977,9.881242685,-1.8024270439857535,-0.1408273491176074,0.0,36.04854087971507,-3.108271657711546,-8.465116500854492,1.0,777.0,591.75,0.0,1546.0,0.0,1500.0,-3.937132346706588e-06
1781701474223919421,9.881276129,-1.8024270439857535,-0.1408273491176074,0.0,36.04854087971507,-3.108271657711546,-8.465116500854492,1.0,777.0,591.75,0.0,1546.0,0.0,1500.0,-3.937132346706588e-06
1781701474267126978,9.924483686,-1.8024270439857535,-0.1408273491176074,0.0,36.04854087971507,-3.108271657711546,-8.465116500854492,1.0,777.0,591.75,0.0,1546.0,0.0,1500.0,-3.937132346706588e-06
1781701474267169860,9.924526568,-1.8024270439857535,-0.1408273491176074,0.0,36.04854087971507,-3.108271657711546,-8.465116500854492,1.0,777.0,591.75,0.0,1546.0,0.0,1500.0,-3.937132346706588e-06
1781701474267173256,9.924529964,-1.8024270439857535,-0.1408273491176074,0.0,36.04854087971507,-3.108271657711546,-8.465116500854492,1.0,777.0,591.75,0.0,1546.0,0.0,1500.0,-3.937132346706588e-06
1781701474267177143,9.924533851,-1.8024270439857535,-0.1408273491176074,0.0,36.04854087971507,-3.108271657711546,-8.465116500854492,1.0,777.0,591.75,0.0,1546.0,0.0,1500.0,-3.937132346706588e-06
1781701474267180079,9.924536787,-1.8024270439857535,-0.1408273491176074,0.0,36.04854087971507,-3.108271657711546,-8.465116500854492,1.0,777.0,591.75,0.0,1546.0,0.0,1500.0,-3.937132346706588e-06
1781701474267183906,9.924540614,-1.8024270439857535,-0.1408273491176074,0.0,36.04854087971507,-3.108271657711546,-8.465116500854492,1.0,777.0,591.75,0.0,1546.0,0.0,1500.0,-3.937132346706588e-06
1781701474267190799,9.924547507,-1.8024270439857535,-0.1408273491176074,0.0,36.04854087971507,-3.108271657711546,-8.465116500854492,1.0,777.0,591.75,0.0,1546.0,0.0,1500.0,-3.937132346706588e-06
1781701474267193524,9.924550232,-1.8024270439857535,-0.1408273491176074,0.0,36.04854087971507,-3.108271657711546,-8.465116500854492,1.0,777.0,591.75,0.0,1546.0,0.0,1500.0,-3.937132346706588e-06
1781701474267202922,9.92455963,-1.8024270439857535,-0.1408273491176074,0.0,36.04854087971507,-3.108271657711546,-8.465116500854492,1.0,777.0,591.75,0.0,1546.0,0.0,1500.0,-2.5591360253592825e-06
1781701474267224122,9.92458083,-1.8024270439857535,-0.1408273491176074,0.0,36.04854087971507,-3.108271657711546,-8.465116500854492,1.0,777.0,591.75,0.0,1546.0,0.0,1500.0,-2.5591360253592825e-06
1781701474267288093,9.924644801,-1.8024270439857535,-0.1408273491176074,0.0,36.04854087971507,-3.108271657711546,-8.465116500854492,1.0,777.0,591.75,0.0,1546.0,0.0,1500.0,-2.5591360253592825e-06
1781701474267296469,9.924653177,-1.8024270439857535,-0.1408273491176074,0.0,36.04854087971507,-3.108271657711546,-8.465116500854492,1.0,777.0,591.75,0.0,1546.0,0.0,1500.0,-2.5591360253592825e-06
1781701474267313741,9.924670449,-1.8024270439857535,-0.1408273491176074,0.0,36.04854087971507,-3.108271657711546,-8.465116500854492,1.0,777.0,591.75,0.0,1546.0,0.0,1500.0,-2.5591360253592825e-06
1781701474267338979,9.924695687,-1.8024270439857535,-0.1408273491176074,0.0,36.04854087971507,-3.108271657711546,-8.465116500854492,1.0,777.0,591.75,0.0,1546.0,0.0,1500.0,-2.5591360253592825e-06
1781701474315506718,9.972863426,-1.8024270439857535,-0.1408273491176074,0.0,36.04854087971507,-3.108271657711546,-8.465116500854492,1.0,777.0,591.75,0.0,1546.0,0.0,1500.0,-2.5591360253592825e-06
1781701474315546853,9.972903561,-1.8024270439857535,-0.1408273491176074,0.0,36.04854087971507,-3.108271657711546,-8.465116500854492,1.0,777.0,591.75,0.0,1546.0,0.0,1500.0,-2.5591360253592825e-06
1781701474315551853,9.972908561,-1.8024270439857535,-0.1408273491176074,0.0,36.04854087971507,-3.108271657711546,-8.465116500854492,1.0,777.0,591.75,0.0,1546.0,0.0,1500.0,-2.5591360253592825e-06
1781701474315555450,9.972912158,-1.8024270439857535,-0.1408273491176074,0.0,36.04854087971507,-3.108271657711546,-8.465116500854492,1.0,777.0,591.75,0.0,1546.0,0.0,1500.0,-2.5591360253592825e-06
1781701474315558535,9.972915243,-1.8024270439857535,-0.1408273491176074,0.0,36.04854087971507,-3.108271657711546,-8.465116500854492,1.0,777.0,591.75,0.0,1546.0,0.0,1500.0,-2.5591360253592825e-06
1781701474315560960,9.972917668,-1.8024270439857535,-0.1408273491176074,0.0,36.04854087971507,-3.108271657711546,-8.465116500854492,1.0,777.0,591.75,0.0,1546.0,0.0,1500.0,-2.5591360253592825e-06
1781701474315568404,9.972925112,-1.8024270439857535,-0.1408273491176074,0.0,36.04854087971507,-3.108271657711546,-8.465116500854492,1.0,777.0,591.75,0.0,1546.0,0.0,1500.0,-2.5591360253592825e-06
1781701474315574956,9.972931664,-1.8024270439857535,-0.1408273491176074,0.0,36.04854087971507,-3.108271657711546,-8.465116500854492,1.0,777.0,591.75,0.0,1546.0,0.0,1500.0,-2.5591360253592825e-06
1781701474315585536,9.972942244,-1.8024270439857535,-0.1408273491176074,0.0,36.04854087971507,-3.108271657711546,-8.465116500854492,1.0,777.0,591.75,0.0,1546.0,0.0,1500.0,-1.6634384164835337e-06
1781701474315605354,9.972962062,-1.8024270439857535,-0.1408273491176074,0.0,36.04854087971507,-3.108271657711546,-8.465116500854492,1.0,777.0,591.75,0.0,1546.0,0.0,1500.0,-1.6634384164835337e-06
1781701474315665858,9.973022566,-1.8024270439857535,-0.1408273491176074,0.0,36.04854087971507,-3.108271657711546,-8.465116500854492,1.0,777.0,591.75,0.0,1546.0,0.0,1500.0,-1.6634384164835337e-06
1781701474315673022,9.97302973,-1.8024270439857535,-0.1408273491176074,0.0,36.04854087971507,-3.108271657711546,-8.465116500854492,1.0,777.0,591.75,0.0,1546.0,0.0,1500.0,-1.6634384164835337e-06
1781701474315694793,9.973051501,-1.8024270439857535,-0.1408273491176074,0.0,36.04854087971507,-3.108271657711546,-8.465116500854492,1.0,777.0,591.75,0.0,1546.0,0.0,1500.0,-1.6634384164835337e-06
1781701474315719459,9.973076167,-1.8024270439857535,-0.1408273491176074,0.0,36.04854087971507,-3.108271657711546,-8.465116500854492,1.0,777.0,591.75,0.0,1546.0,0.0,1500.0,-1.6634384164835337e-06
1781701474361082750,10.018439458,-1.8024270439857535,-0.1408273491176074,0.0,36.04854087971507,-3.108271657711546,-8.465116500854492,1.0,777.0,591.75,0.0,1546.0,0.0,1500.0,-1.6634384164835337e-06
1781701474361116303,10.018473011,-1.8024270439857535,-0.1408273491176074,0.0,36.04854087971507,-3.108271657711546,-8.465116500854492,1.0,777.0,591.75,0.0,1546.0,0.0,1500.0,-1.6634384164835337e-06
1781701474361120071,10.018476779,-1.8024270439857535,-0.1408273491176074,0.0,36.04854087971507,-3.108271657711546,-8.465116500854492,1.0,777.0,591.75,0.0,1546.0,0.0,1500.0,-1.6634384164835337e-06
1781701474361123557,10.018480265,-1.8024270439857535,-0.1408273491176074,0.0,36.04854087971507,-3.108271657711546,-8.465116500854492,1.0,777.0,591.75,0.0,1546.0,0.0,1500.0,-1.6634384164835337e-06
1781701474361125711,10.018482419,-1.8024270439857535,-0.1408273491176074,0.0,36.04854087971507,-3.108271657711546,-8.465116500854492,1.0,777.0,591.75,0.0,1546.0,0.0,1500.0,-1.6634384164835337e-06
1781701474361131873,10.018488581,-1.8024270439857535,-0.1408273491176074,0.0,36.04854087971507,-3.108271657711546,-8.465116500854492,1.0,777.0,591.75,0.0,1546.0,0.0,1500.0,-1.6634384164835337e-06
1781701474361153694,10.018510402,-1.8024270439857535,-0.1408273491176074,0.0,36.04854087971507,-3.108271657711546,-8.465116500854492,1.0,777.0,591.75,0.0,1546.0,0.0,1500.0,-1.6634384164835337e-06
1781701474361162110,10.018518818,-1.8024270439857535,-0.1408273491176074,0.0,36.04854087971507,-3.108271657711546,-8.465116500854492,1.0,777.0,591.75,0.0,1546.0,0.0,1500.0,-1.6634384164835337e-06
1781701474361178872,10.01853558,-1.8024270439857535,-0.1408273491176074,0.0,36.04854087971507,-3.108271657711546,-8.465116500854492,1.0,777.0,591.75,0.0,1546.0,0.0,1500.0,-1.0812349707142969e-06
1781701474361187067,10.018543775,-1.8024270439857535,-0.1408273491176074,0.0,36.04854087971507,-3.108271657711546,-8.465116500854492,1.0,777.0,591.75,0.0,1546.0,0.0,1500.0,-1.0812349707142969e-06
1781701474361246319,10.018603027,-1.8024270439857535,-0.1408273491176074,0.0,36.04854087971507,-3.108271657711546,-8.465116500854492,1.0,777.0,591.75,0.0,1546.0,0.0,1500.0,-1.0812349707142969e-06
1781701474361259945,10.018616653,-1.8024270439857535,-0.1408273491176074,0.0,36.04854087971507,-3.108271657711546,-8.465116500854492,1.0,777.0,591.75,0.0,1546.0,0.0,1500.0,-1.0812349707142969e-06
1781701474361273560,10.018630268,-1.8024270439857535,-0.1408273491176074,0.0,36.04854087971507,-3.108271657711546,-8.465116500854492,1.0,777.0,591.75,0.0,1546.0,0.0,1500.0,-1.0812349707142969e-06
1781701474361301103,10.018657811,-1.8024270439857535,-0.1408273491176074,0.0,36.04854087971507,-3.108271657711546,-8.465116500854492,1.0,777.0,591.75,0.0,1546.0,0.0,1500.0,-1.0812349707142969e-06
1781701474393168847,10.050525555,-1.8024270439857535,-0.1408273491176074,0.0,36.04854087971507,-3.108271657711546,-8.465116500854492,1.0,777.0,591.75,0.0,1546.0,0.0,1500.0,-1.0812349707142969e-06
1781701474393212640,10.050569348,-1.8024270439857535,-0.1408273491176074,0.0,36.04854087971507,-3.108271657711546,-8.465116500854492,1.0,777.0,591.75,0.0,1546.0,0.0,1500.0,-1.0812349707142969e-06
1781701474393217860,10.050574568,-1.8024270439857535,-0.1408273491176074,0.0,36.04854087971507,-3.108271657711546,-8.465116500854492,1.0,777.0,591.75,0.0,1546.0,0.0,1500.0,-1.0812349707142969e-06
1781701474393222208,10.050578916,-1.8024270439857535,-0.1408273491176074,0.0,36.04854087971507,-3.108271657711546,-8.465116500854492,1.0,777.0,591.75,0.0,1546.0,0.0,1500.0,-1.0812349707142969e-06
1781701474393226206,10.050582914,-1.8024270439857535,-0.1408273491176074,0.0,36.04854087971507,-3.108271657711546,-8.465116500854492,1.0,777.0,591.75,0.0,1546.0,0.0,1500.0,-1.0812349707142969e-06
1781701474393229001,10.050585709,-1.8024270439857535,-0.1408273491176074,0.0,36.04854087971507,-3.108271657711546,-8.465116500854492,1.0,777.0,591.75,0.0,1546.0,0.0,1500.0,-1.0812349707142969e-06
1781701474393236194,10.050592902,-1.8024270439857535,-0.1408273491176074,0.0,36.04854087971507,-3.108271657711546,-8.465116500854492,1.0,777.0,591.75,0.0,1546.0,0.0,1500.0,-1.0812349707142969e-06
1781701474393243679,10.050600387,-1.8024270439857535,-0.1408273491176074,0.0,36.04854087971507,-3.108271657711546,-8.465116500854492,1.0,777.0,591.75,0.0,1546.0,0.0,1500.0,-1.0812349707142969e-06
1781701474393275308,10.050632016,-1.8024270439857535,-0.1408273491176074,0.0,36.04854087971507,-3.108271657711546,-8.465116500854492,1.0,777.0,591.75,0.0,1546.0,0.0,1500.0,-7.02802730964293e-07
1781701474393282322,10.05063903,-1.8024270439857535,-0.1408273491176074,0.0,36.04854087971507,-3.108271657711546,-8.465116500854492,1.0,777.0,591.75,0.0,1546.0,0.0,1500.0,-7.02802730964293e-07
1781701474393341764,10.050698472,-1.8024270439857535,-0.1408273491176074,0.0,36.04854087971507,-3.108271657711546,-8.465116500854492,1.0,777.0,591.75,0.0,1546.0,0.0,1500.0,-7.02802730964293e-07
1781701474393348026,10.050704734,-1.8024270439857535,-0.1408273491176074,0.0,36.04854087971507,-3.108271657711546,-8.465116500854492,1.0,777.0,591.75,0.0,1546.0,0.0,1500.0,-7.02802730964293e-07
1781701474393370689,10.050727397,-1.8024270439857535,-0.1408273491176074,0.0,36.04854087971507,-3.108271657711546,-8.465116500854492,1.0,777.0,591.75,0.0,1546.0,0.0,1500.0,-7.02802730964293e-07
1781701474393413369,10.050770077,-1.8024270439857535,-0.1408273491176074,0.0,36.04854087971507,-3.108271657711546,-8.465116500854492,1.0,777.0,591.75,0.0,1546.0,0.0,1500.0,-7.02802730964293e-07
1781701474433378812,10.09073552,-1.8024270439857535,-0.1408273491176074,0.0,36.04854087971507,-3.108271657711546,-8.465116500854492,1.0,777.0,591.75,0.0,1546.0,0.0,1500.0,-7.02802730964293e-07
1781701474433422044,10.090778752,-1.8024270439857535,-0.1408273491176074,0.0,36.04854087971507,-3.108271657711546,-8.465116500854492,1.0,777.0,591.75,0.0,1546.0,0.0,1500.0,-7.02802730964293e-07
1781701474433426933,10.090783641,-1.8024270439857535,-0.1408273491176074,0.0,36.04854087971507,-3.108271657711546,-8.465116500854492,1.0,777.0,591.75,0.0,1546.0,0.0,1500.0,-7.02802730964293e-07
1781701474433431542,10.09078825,-1.8024270439857535,-0.1408273491176074,0.0,36.04854087971507,-3.108271657711546,-8.465116500854492,1.0,777.0,591.75,0.0,1546.0,0.0,1500.0,-7.02802730964293e-07
1781701474433435389,10.090792097,-1.8024270439857535,-0.1408273491176074,0.0,36.04854087971507,-3.108271657711546,-8.465116500854492,1.0,777.0,591.75,0.0,1546.0,0.0,1500.0,-7.02802730964293e-07
1781701474433437924,10.090794632,-1.8024270439857535,-0.1408273491176074,0.0,36.04854087971507,-3.108271657711546,-8.465116500854492,1.0,777.0,591.75,0.0,1546.0,0.0,1500.0,-7.02802730964293e-07
1781701474433444987,10.090801695,-1.8024270439857535,-0.1408273491176074,0.0,36.04854087971507,-3.108271657711546,-8.465116500854492,1.0,777.0,591.75,0.0,1546.0,0.0,1500.0,-7.02802730964293e-07
1781701474433451459,10.090808167,-1.8024270439857535,-0.1408273491176074,0.0,36.04854087971507,-3.108271657711546,-8.465116500854492,1.0,777.0,591.75,0.0,1546.0,0.0,1500.0,-7.02802730964293e-07
1781701474433470245,10.090826953,-1.8024270439857535,-0.1408273491176074,0.0,36.04854087971507,-3.108271657711546,-8.465116500854492,1.0,777.0,591.75,0.0,1546.0,0.0,1500.0,-4.5682177512679047e-07
1781701474433480203,10.090836911,-1.8024270439857535,-0.1408273491176074,0.0,36.04854087971507,-3.108271657711546,-8.465116500854492,1.0,777.0,591.75,0.0,1546.0,0.0,1500.0,-4.5682177512679047e-07
1781701474433545116,10.090901824,-1.8024270439857535,-0.1408273491176074,0.0,36.04854087971507,-3.108271657711546,-8.465116500854492,1.0,777.0,591.75,0.0,1546.0,0.0,1500.0,-4.5682177512679047e-07
1781701474433552390,10.090909098,-1.8024270439857535,-0.1408273491176074,0.0,36.04854087971507,-3.108271657711546,-8.465116500854492,1.0,777.0,591.75,0.0,1546.0,0.0,1500.0,-4.5682177512679047e-07
1781701474433574632,10.09093134,-1.8024270439857535,-0.1408273491176074,0.0,36.04854087971507,-3.108271657711546,-8.465116500854492,1.0,777.0,591.75,0.0,1546.0,0.0,1500.0,-4.5682177512679047e-07
1781701474433611391,10.090968099,-1.8024270439857535,-0.1408273491176074,0.0,36.04854087971507,-3.108271657711546,-8.465116500854492,1.0,777.0,591.75,0.0,1546.0,0.0,1500.0,-4.5682177512679047e-07
1781701474481278915,10.138635623,-1.8024270439857535,-0.1408273491176074,0.0,36.04854087971507,-3.108271657711546,-8.465116500854492,1.0,777.0,591.75,0.0,1546.0,0.0,1500.0,-4.5682177512679047e-07
1781701474481323219,10.138679927,-1.8024270439857535,-0.1408273491176074,0.0,36.04854087971507,-3.108271657711546,-8.465116500854492,1.0,777.0,591.75,0.0,1546.0,0.0,1500.0,-4.5682177512679047e-07
1781701474481327336,10.138684044,-1.8024270439857535,-0.1408273491176074,0.0,36.04854087971507,-3.108271657711546,-8.465116500854492,1.0,777.0,591.75,0.0,1546.0,0.0,1500.0,-4.5682177512679047e-07
1781701474481331364,10.138688072,-1.8024270439857535,-0.1408273491176074,0.0,36.04854087971507,-3.108271657711546,-8.465116500854492,1.0,777.0,591.75,0.0,1546.0,0.0,1500.0,-4.5682177512679047e-07
1781701474481333458,10.138690166,-1.8024270439857535,-0.1408273491176074,0.0,36.04854087971507,-3.108271657711546,-8.465116500854492,1.0,777.0,591.75,0.0,1546.0,0.0,1500.0,-4.5682177512679047e-07
1781701474481358946,10.138715654,-1.8024270439857535,-0.1408273491176074,0.0,36.04854087971507,-3.108271657711546,-8.465116500854492,1.0,777.0,591.75,0.0,1546.0,0.0,1500.0,-4.5682177512679047e-07
1781701474481392179,10.138748887,-1.8024270439857535,-0.1408273491176074,0.0,36.04854087971507,-3.108271657711546,-8.465116500854492,1.0,777.0,591.75,0.0,1546.0,0.0,1500.0,-4.5682177512679047e-07
1781701474481415052,10.13877176,-1.8024270439857535,-0.1408273491176074,0.0,36.04854087971507,-3.108271657711546,-8.465116500854492,1.0,777.0,591.75,0.0,1546.0,0.0,1500.0,-4.5682177512679047e-07
1781701474481439979,10.138796687,-1.8024270439857535,-0.1408273491176074,0.0,36.04854087971507,-3.108271657711546,-8.465116500854492,1.0,777.0,591.75,0.0,1546.0,0.0,1500.0,-2.969341538324138e-07
1781701474481464576,10.138821284,-1.8024270439857535,-0.1408273491176074,0.0,36.04854087971507,-3.108271657711546,-8.465116500854492,1.0,777.0,591.75,0.0,1546.0,0.0,1500.0,-2.969341538324138e-07
1781701474481537083,10.138893791,-1.8024270439857535,-0.1408273491176074,0.0,36.04854087971507,-3.108271657711546,-8.465116500854492,1.0,777.0,591.75,0.0,1546.0,0.0,1500.0,-2.969341538324138e-07
1781701474481557100,10.138913808,-1.8024270439857535,-0.1408273491176074,0.0,36.04854087971507,-3.108271657711546,-8.465116500854492,1.0,777.0,591.75,0.0,1546.0,0.0,1500.0,-2.969341538324138e-07
1781701474481580384,10.138937092,-1.8024270439857535,-0.1408273491176074,0.0,36.04854087971507,-3.108271657711546,-8.465116500854492,1.0,777.0,591.75,0.0,1546.0,0.0,1500.0,-2.969341538324138e-07
1781701474481618316,10.138975024,-1.8024270439857535,-0.1408273491176074,0.0,36.04854087971507,-3.108271657711546,-8.465116500854492,1.0,777.0,591.75,0.0,1546.0,0.0,1500.0,-2.969341538324138e-07
1781701474513865878,10.171222586,-1.8024270439857535,-0.1408273491176074,0.0,36.04854087971507,-3.108271657711546,-8.465116500854492,1.0,777.0,591.75,0.0,1546.0,0.0,1500.0,-2.969341538324138e-07
1781701474513911755,10.171268463,-1.8024270439857535,-0.1408273491176074,0.0,36.04854087971507,-3.108271657711546,-8.465116500854492,1.0,777.0,591.75,0.0,1546.0,0.0,1500.0,-2.969341538324138e-07
1781701474513915492,10.1712722,-1.8024270439857535,-0.1408273491176074,0.0,36.04854087971507,-3.108271657711546,-8.465116500854492,1.0,777.0,591.75,0.0,1546.0,0.0,1500.0,-2.969341538324138e-07
1781701474513919500,10.171276208,-1.8024270439857535,-0.1408273491176074,0.0,36.04854087971507,-3.108271657711546,-8.465116500854492,1.0,777.0,591.75,0.0,1546.0,0.0,1500.0,-2.969341538324138e-07
1781701474513923688,10.171280396,-1.8024270439857535,-0.1408273491176074,0.0,36.04854087971507,-3.108271657711546,-8.465116500854492,1.0,777.0,591.75,0.0,1546.0,0.0,1500.0,-2.969341538324138e-07
1781701474513930771,10.171287479,-1.8024270439857535,-0.1408273491176074,0.0,36.04854087971507,-3.108271657711546,-8.465116500854492,1.0,777.0,591.75,0.0,1546.0,0.0,1500.0,-2.969341538324138e-07
1781701474513968382,10.17132509,-1.8024270439857535,-0.1408273491176074,0.0,36.04854087971507,-3.108271657711546,-8.465116500854492,1.0,777.0,591.75,0.0,1546.0,0.0,1500.0,-2.969341538324138e-07
1781701474513996836,10.171353544,-1.8024270439857535,-0.1408273491176074,0.0,36.04854087971507,-3.108271657711546,-8.465116500854492,1.0,777.0,591.75,0.0,1546.0,0.0,1500.0,-2.969341538324138e-07
1781701474514029037,10.171385745,-1.8024270439857535,-0.1408273491176074,0.0,36.04854087971507,-3.108271657711546,-8.465116500854492,1.0,777.0,591.75,0.0,1546.0,0.0,1500.0,-1.93007199991069e-07
1781701474514055166,10.171411874,-1.8024270439857535,-0.1408273491176074,0.0,36.04854087971507,-3.108271657711546,-8.465116500854492,1.0,777.0,591.75,0.0,1546.0,0.0,1500.0,-1.93007199991069e-07
1781701474514151087,10.171507795,-1.8024270439857535,-0.1408273491176074,0.0,36.04854087971507,-3.108271657711546,-8.465116500854492,1.0,777.0,591.75,0.0,1546.0,0.0,1500.0,-1.93007199991069e-07
1781701474514172077,10.171528785,-1.8024270439857535,-0.1408273491176074,0.0,36.04854087971507,-3.108271657711546,-8.465116500854492,1.0,777.0,591.75,0.0,1546.0,0.0,1500.0,-1.93007199991069e-07
1781701474514199649,10.171556357,-1.8024270439857535,-0.1408273491176074,0.0,36.04854087971507,-3.108271657711546,-8.465116500854492,1.0,777.0,591.75,0.0,1546.0,0.0,1500.0,-1.93007199991069e-07
1781701474514241037,10.171597745,-1.8024270439857535,-0.1408273491176074,0.0,36.04854087971507,-3.108271657711546,-8.465116500854492,1.0,777.0,591.75,0.0,1546.0,0.0,1500.0,-1.93007199991069e-07
1781701474607255941,10.264612649,-1.8024270439857535,-0.1408273491176074,0.0,36.04854087971507,-3.108271657711546,-8.465116500854492,1.0,777.0,591.75,0.0,1546.0,0.0,1500.0,-1.93007199991069e-07
1781701474607346422,10.26470313,-1.8024270439857535,-0.1408273491176074,0.0,36.04854087971507,-3.108271657711546,-8.465116500854492,1.0,777.0,591.75,0.0,1546.0,0.0,1500.0,-1.93007199991069e-07
1781701474607355840,10.264712548,-1.8024270439857535,-0.1408273491176074,0.0,36.04854087971507,-3.108271657711546,-8.465116500854492,1.0,777.0,591.75,0.0,1546.0,0.0,1500.0,-1.93007199991069e-07
1781701474607360669,10.264717377,-1.8024270439857535,-0.1408273491176074,0.0,36.04854087971507,-3.108271657711546,-8.465116500854492,1.0,777.0,591.75,0.0,1546.0,0.0,1500.0,-1.93007199991069e-07
1781701474607367171,10.264723879,-1.8024270439857535,-0.1408273491176074,0.0,36.04854087971507,-3.108271657711546,-8.465116500854492,1.0,777.0,591.75,0.0,1546.0,0.0,1500.0,-1.93007199991069e-07
1781701474607372451,10.264729159,-1.8024270439857535,-0.1408273491176074,0.0,36.04854087971507,-3.108271657711546,-8.465116500854492,1.0,777.0,591.75,0.0,1546.0,0.0,1500.0,-1.93007199991069e-07
1781701474607377621,10.264734329,-1.8024270439857535,-0.1408273491176074,0.0,36.04854087971507,-3.108271657711546,-8.465116500854492,1.0,777.0,591.75,0.0,1546.0,0.0,1500.0,-1.93007199991069e-07
1781701474607390986,10.264747694,-1.8024270439857535,-0.1408273491176074,0.0,36.04854087971507,-3.108271657711546,-8.465116500854492,1.0,777.0,591.75,0.0,1546.0,0.0,1500.0,-1.2545467999419484e-07
1781701474607397969,10.264754677,-1.8024270439857535,-0.1408273491176074,0.0,36.04854087971507,-3.108271657711546,-8.465116500854492,1.0,777.0,591.75,0.0,1546.0,0.0,1500.0,-1.2545467999419484e-07
1781701474607417326,10.264774034,-1.8024270439857535,-0.1408273491176074,0.0,36.04854087971507,-3.108271657711546,-8.465116500854492,1.0,777.0,591.75,0.0,1546.0,0.0,1500.0,-1.2545467999419484e-07
1781701474607530871,10.264887579,-1.8024270439857535,-0.1408273491176074,0.0,36.04854087971507,-3.108271657711546,-8.465116500854492,1.0,777.0,591.75,0.0,1546.0,0.0,1500.0,-1.2545467999419484e-07
1781701474607545218,10.264901926,-1.8024270439857535,-0.1408273491176074,0.0,36.04854087971507,-3.108271657711546,-8.465116500854492,1.0,777.0,591.75,0.0,1546.0,0.0,1500.0,-1.2545467999419484e-07
1781701474607585163,10.264941871,-1.8024270439857535,-0.1408273491176074,0.0,36.04854087971507,-3.108271657711546,-8.465116500854492,1.0,777.0,591.75,0.0,1546.0,0.0,1500.0,-1.2545467999419484e-07
1781701474607629286,10.264985994,-1.8024270439857535,-0.1408273491176074,0.0,36.04854087971507,-3.108271657711546,-8.465116500854492,1.0,777.0,591.75,0.0,1546.0,0.0,1500.0,-1.2545467999419484e-07
1781701474654579254,10.311935962,-1.8024270439857535,-0.1408273491176074,0.0,36.04854087971507,-3.108271657711546,-8.465116500854492,1.0,777.0,591.75,0.0,1546.0,0.0,1500.0,-1.2545467999419484e-07
1781701474654623097,10.311979805,-1.8024270439857535,-0.1408273491176074,0.0,36.04854087971507,-3.108271657711546,-8.465116500854492,1.0,777.0,591.75,0.0,1546.0,0.0,1500.0,-1.2545467999419484e-07
1781701474654627606,10.311984314,-1.8024270439857535,-0.1408273491176074,0.0,36.04854087971507,-3.108271657711546,-8.465116500854492,1.0,777.0,591.75,0.0,1546.0,0.0,1500.0,-1.2545467999419484e-07
1781701474654631413,10.311988121,-1.8024270439857535,-0.1408273491176074,0.0,36.04854087971507,-3.108271657711546,-8.465116500854492,1.0,777.0,591.75,0.0,1546.0,0.0,1500.0,-1.2545467999419484e-07
1781701474654634238,10.311990946,-1.8024270439857535,-0.1408273491176074,0.0,36.04854087971507,-3.108271657711546,-8.465116500854492,1.0,777.0,591.75,0.0,1546.0,0.0,1500.0,-1.2545467999419484e-07
1781701474654636352,10.31199306,-1.8024270439857535,-0.1408273491176074,0.0,36.04854087971507,-3.108271657711546,-8.465116500854492,1.0,777.0,591.75,0.0,1546.0,0.0,1500.0,-1.2545467999419484e-07
1781701474654644287,10.312000995,-1.8024270439857535,-0.1408273491176074,0.0,36.04854087971507,-3.108271657711546,-8.465116500854492,1.0,777.0,591.75,0.0,1546.0,0.0,1500.0,-1.2545467999419484e-07
1781701474654651160,10.312007868,-1.8024270439857535,-0.1408273491176074,0.0,36.04854087971507,-3.108271657711546,-8.465116500854492,1.0,777.0,591.75,0.0,1546.0,0.0,1500.0,-1.2545467999419484e-07
1781701474654669214,10.312025922,-1.8024270439857535,-0.1408273491176074,0.0,36.04854087971507,-3.108271657711546,-8.465116500854492,1.0,777.0,591.75,0.0,1546.0,0.0,1500.0,-8.154554199622665e-08
1781701474654679544,10.312036252,-1.8024270439857535,-0.1408273491176074,0.0,36.04854087971507,-3.108271657711546,-8.465116500854492,1.0,777.0,591.75,0.0,1546.0,0.0,1500.0,-8.154554199622665e-08
1781701474654761899,10.312118607,-1.8024270439857535,-0.1408273491176074,0.0,36.04854087971507,-3.108271657711546,-8.465116500854492,1.0,777.0,591.75,0.0,1546.0,0.0,1500.0,-8.154554199622665e-08
1781701474654769644,10.312126352,-1.8024270439857535,-0.1408273491176074,0.0,36.04854087971507,-3.108271657711546,-8.465116500854492,1.0,777.0,591.75,0.0,1546.0,0.0,1500.0,-8.154554199622665e-08
1781701474654778862,10.31213557,-1.8024270439857535,-0.1408273491176074,0.0,36.04854087971507,-3.108271657711546,-8.465116500854492,1.0,777.0,591.75,0.0,1546.0,0.0,1500.0,-8.154554199622665e-08
1781701474654812886,10.312169594,-1.8024270439857535,-0.1408273491176074,0.0,36.04854087971507,-3.108271657711546,-8.465116500854492,1.0,777.0,591.75,0.0,1546.0,0.0,1500.0,-8.154554199622665e-08
1781701474695380917,10.352737625,-1.8024270439857535,-0.1408273491176074,0.0,36.04854087971507,-3.108271657711546,-8.465116500854492,1.0,777.0,591.75,0.0,1546.0,0.0,1500.0,-8.154554199622665e-08
1781701474695425722,10.35278243,-1.8024270439857535,-0.1408273491176074,0.0,36.04854087971507,-3.108271657711546,-8.465116500854492,1.0,777.0,591.75,0.0,1546.0,0.0,1500.0,-8.154554199622665e-08
1781701474695430300,10.352787008,-1.8024270439857535,-0.1408273491176074,0.0,36.04854087971507,-3.108271657711546,-8.465116500854492,1.0,777.0,591.75,0.0,1546.0,0.0,1500.0,-8.154554199622665e-08
1781701474695433657,10.352790365,-1.8024270439857535,-0.1408273491176074,0.0,36.04854087971507,-3.108271657711546,-8.465116500854492,1.0,777.0,591.75,0.0,1546.0,0.0,1500.0,-8.154554199622665e-08
1781701474695437845,10.352794553,-1.8024270439857535,-0.1408273491176074,0.0,36.04854087971507,-3.108271657711546,-8.465116500854492,1.0,777.0,591.75,0.0,1546.0,0.0,1500.0,-8.154554199622665e-08
1781701474695440109,10.352796817,-1.8024270439857535,-0.1408273491176074,0.0,36.04854087971507,-3.108271657711546,-8.465116500854492,1.0,777.0,591.75,0.0,1546.0,0.0,1500.0,-8.154554199622665e-08
1781701474695447483,10.352804191,-1.8024270439857535,-0.1408273491176074,0.0,36.04854087971507,-3.108271657711546,-8.465116500854492,1.0,777.0,591.75,0.0,1546.0,0.0,1500.0,-8.154554199622665e-08
1781701474695449938,10.352806646,-1.8024270439857535,-0.1408273491176074,0.0,36.04854087971507,-3.108271657711546,-8.465116500854492,1.0,777.0,591.75,0.0,1546.0,0.0,1500.0,-8.154554199622665e-08
1781701474695474624,10.352831332,-1.8024270439857535,-0.1408273491176074,0.0,36.04854087971507,-3.108271657711546,-8.465116500854492,1.0,777.0,591.75,0.0,1546.0,0.0,1500.0,-5.3004602297547325e-08
1781701474695481758,10.352838466,-1.8024270439857535,-0.1408273491176074,0.0,36.04854087971507,-3.108271657711546,-8.465116500854492,1.0,777.0,591.75,0.0,1546.0,0.0,1500.0,-5.3004602297547325e-08
1781701474695541030,10.352897738,-1.8024270439857535,-0.1408273491176074,0.0,36.04854087971507,-3.108271657711546,-8.465116500854492,1.0,777.0,591.75,0.0,1546.0,0.0,1500.0,-5.3004602297547325e-08
1781701474695547692,10.3529044,-1.8024270439857535,-0.1408273491176074,0.0,36.04854087971507,-3.108271657711546,-8.465116500854492,1.0,777.0,591.75,0.0,1546.0,0.0,1500.0,-5.3004602297547325e-08
1781701474695562250,10.352918958,-1.8024270439857535,-0.1408273491176074,0.0,36.04854087971507,-3.108271657711546,-8.465116500854492,1.0,777.0,591.75,0.0,1546.0,0.0,1500.0,-5.3004602297547325e-08
1781701474695591174,10.352947882,-1.8024270439857535,-0.1408273491176074,0.0,36.04854087971507,-3.108271657711546,-8.465116500854492,1.0,777.0,591.75,0.0,1546.0,0.0,1500.0,-5.3004602297547325e-08
1781701474775592874,10.432949582,-1.8024270439857535,-0.1408273491176074,0.0,36.04854087971507,-3.108271657711546,-8.465116500854492,1.0,777.0,591.75,0.0,1546.0,0.0,1500.0,-5.3004602297547325e-08
1781701474775644251,10.433000959,-1.8024270439857535,-0.1408273491176074,0.0,36.04854087971507,-3.108271657711546,-8.465116500854492,1.0,777.0,591.75,0.0,1546.0,0.0,1500.0,-5.3004602297547325e-08
1781701474775649521,10.433006229,-1.8024270439857535,-0.1408273491176074,0.0,36.04854087971507,-3.108271657711546,-8.465116500854492,1.0,777.0,591.75,0.0,1546.0,0.0,1500.0,-5.3004602297547325e-08
1781701474775654921,10.433011629,-1.8024270439857535,-0.1408273491176074,0.0,36.04854087971507,-3.108271657711546,-8.465116500854492,1.0,777.0,591.75,0.0,1546.0,0.0,1500.0,-5.3004602297547325e-08
1781701474775657536,10.433014244,-1.8024270439857535,-0.1408273491176074,0.0,36.04854087971507,-3.108271657711546,-8.465116500854492,1.0,777.0,591.75,0.0,1546.0,0.0,1500.0,-5.3004602297547325e-08
1781701474775665090,10.433021798,-1.8024270439857535,-0.1408273491176074,0.0,36.04854087971507,-3.108271657711546,-8.465116500854492,1.0,777.0,591.75,0.0,1546.0,0.0,1500.0,-5.3004602297547325e-08
1781701474775675891,10.433032599,-1.8024270439857535,-0.1408273491176074,0.0,36.04854087971507,-3.108271657711546,-8.465116500854492,1.0,777.0,591.75,0.0,1546.0,0.0,1500.0,-5.3004602297547325e-08
1781701474775711568,10.433068276,-1.8024270439857535,-0.1408273491176074,0.0,36.04854087971507,-3.108271657711546,-8.465116500854492,1.0,777.0,591.75,0.0,1546.0,0.0,1500.0,-5.3004602297547325e-08
1781701474775738629,10.433095337,-1.8024270439857535,-0.1408273491176074,0.0,36.04854087971507,-3.108271657711546,-8.465116500854492,1.0,777.0,591.75,0.0,1546.0,0.0,1500.0,-3.445299149340576e-08
1781701474775777763,10.433134471,-1.8024270439857535,-0.1408273491176074,0.0,36.04854087971507,-3.108271657711546,-8.465116500854492,1.0,777.0,591.75,0.0,1546.0,0.0,1500.0,-3.445299149340576e-08
1781701474775867453,10.433224161,-1.8024270439857535,-0.1408273491176074,0.0,36.04854087971507,-3.108271657711546,-8.465116500854492,1.0,777.0,591.75,0.0,1546.0,0.0,1500.0,-3.445299149340576e-08
1781701474775878584,10.433235292,-1.8024270439857535,-0.1408273491176074,0.0,36.04854087971507,-3.108271657711546,-8.465116500854492,1.0,777.0,591.75,0.0,1546.0,0.0,1500.0,-3.445299149340576e-08
1781701474775905184,10.433261892,-1.8024270439857535,-0.1408273491176074,0.0,36.04854087971507,-3.108271657711546,-8.465116500854492,1.0,777.0,591.75,0.0,1546.0,0.0,1500.0,-3.445299149340576e-08
1781701474775943767,10.433300475,-1.8024270439857535,-0.1408273491176074,0.0,36.04854087971507,-3.108271657711546,-8.465116500854492,1.0,777.0,591.75,0.0,1546.0,0.0,1500.0,-3.445299149340576e-08
1781701474823979105,10.481335813,-1.8024270439857535,-0.1408273491176074,0.0,36.04854087971507,-3.108271657711546,-8.465116500854492,1.0,777.0,591.75,0.0,1546.0,0.0,1500.0,-3.445299149340576e-08
1781701474824050019,10.481406727,-1.8024270439857535,-0.1408273491176074,0.0,36.04854087971507,-3.108271657711546,-8.465116500854492,1.0,777.0,591.75,0.0,1546.0,0.0,1500.0,-3.445299149340576e-08
1781701474824058375,10.481415083,-1.8024270439857535,-0.1408273491176074,0.0,36.04854087971507,-3.108271657711546,-8.465116500854492,1.0,777.0,591.75,0.0,1546.0,0.0,1500.0,-3.445299149340576e-08
1781701474824062763,10.481419471,-1.8024270439857535,-0.1408273491176074,0.0,36.04854087971507,-3.108271657711546,-8.465116500854492,1.0,777.0,591.75,0.0,1546.0,0.0,1500.0,-3.445299149340576e-08
1781701474824067492,10.4814242,-1.8024270439857535,-0.1408273491176074,0.0,36.04854087971507,-3.108271657711546,-8.465116500854492,1.0,777.0,591.75,0.0,1546.0,0.0,1500.0,-3.445299149340576e-08
1781701474824071540,10.481428248,-1.8024270439857535,-0.1408273491176074,0.0,36.04854087971507,-3.108271657711546,-8.465116500854492,1.0,777.0,591.75,0.0,1546.0,0.0,1500.0,-3.445299149340576e-08
1781701474824076389,10.481433097,-1.8024270439857535,-0.1408273491176074,0.0,36.04854087971507,-3.108271657711546,-8.465116500854492,1.0,777.0,591.75,0.0,1546.0,0.0,1500.0,-3.445299149340576e-08
1781701474824079124,10.481435832,-1.8024270439857535,-0.1408273491176074,0.0,36.04854087971507,-3.108271657711546,-8.465116500854492,1.0,777.0,591.75,0.0,1546.0,0.0,1500.0,-3.445299149340576e-08
1781701474824086789,10.481443497,-1.8024270439857535,-0.1408273491176074,0.0,36.04854087971507,-3.108271657711546,-8.465116500854492,1.0,777.0,591.75,0.0,1546.0,0.0,1500.0,-2.2394444470713746e-08
1781701474824089093,10.481445801,-1.8024270439857535,-0.1408273491176074,0.0,36.04854087971507,-3.108271657711546,-8.465116500854492,1.0,777.0,591.75,0.0,1546.0,0.0,1500.0,-2.2394444470713746e-08
1781701474824139799,10.481496507,-1.8024270439857535,-0.1408273491176074,0.0,36.04854087971507,-3.108271657711546,-8.465116500854492,1.0,777.0,591.75,0.0,1546.0,0.0,1500.0,-2.2394444470713746e-08
1781701474824149948,10.481506656,-1.8024270439857535,-0.1408273491176074,0.0,36.04854087971507,-3.108271657711546,-8.465116500854492,1.0,777.0,591.75,0.0,1546.0,0.0,1500.0,-2.2394444470713746e-08
1781701474824171118,10.481527826,-1.8024270439857535,-0.1408273491176074,0.0,36.04854087971507,-3.108271657711546,-8.465116500854492,1.0,777.0,591.75,0.0,1546.0,0.0,1500.0,-2.2394444470713746e-08
1781701474824200283,10.481556991,-1.8024270439857535,-0.1408273491176074,0.0,36.04854087971507,-3.108271657711546,-8.465116500854492,1.0,777.0,591.75,0.0,1546.0,0.0,1500.0,-2.2394444470713746e-08
1781701474852713300,10.510070008,-1.8024270439857535,-0.1408273491176074,0.0,36.04854087971507,-3.108271657711546,-8.465116500854492,1.0,777.0,591.75,0.0,1546.0,0.0,1500.0,-2.2394444470713746e-08
1781701474852773233,10.510129941,-1.8024270439857535,-0.1408273491176074,0.0,36.04854087971507,-3.108271657711546,-8.465116500854492,1.0,777.0,591.75,0.0,1546.0,0.0,1500.0,-2.2394444470713746e-08
1781701474852779826,10.510136534,-1.8024270439857535,-0.1408273491176074,0.0,36.04854087971507,-3.108271657711546,-8.465116500854492,1.0,777.0,591.75,0.0,1546.0,0.0,1500.0,-2.2394444470713746e-08
1781701474852785025,10.510141733,-1.8024270439857535,-0.1408273491176074,0.0,36.04854087971507,-3.108271657711546,-8.465116500854492,1.0,777.0,591.75,0.0,1546.0,0.0,1500.0,-2.2394444470713746e-08
1781701474852790806,10.510147514,-1.8024270439857535,-0.1408273491176074,0.0,36.04854087971507,-3.108271657711546,-8.465116500854492,1.0,777.0,591.75,0.0,1546.0,0.0,1500.0,-2.2394444470713746e-08
1781701474852794794,10.510151502,-1.8024270439857535,-0.1408273491176074,0.0,36.04854087971507,-3.108271657711546,-8.465116500854492,1.0,777.0,591.75,0.0,1546.0,0.0,1500.0,-2.2394444470713746e-08
1781701474852799042,10.51015575,-1.8024270439857535,-0.1408273491176074,0.0,36.04854087971507,-3.108271657711546,-8.465116500854492,1.0,777.0,591.75,0.0,1546.0,0.0,1500.0,-2.2394444470713746e-08
1781701474852811015,10.510167723,-1.8024270439857535,-0.1408273491176074,0.0,36.04854087971507,-3.108271657711546,-8.465116500854492,1.0,777.0,591.75,0.0,1546.0,0.0,1500.0,-2.2394444470713746e-08
1781701474852821695,10.510178403,-1.8024270439857535,-0.1408273491176074,0.0,36.04854087971507,-3.108271657711546,-8.465116500854492,1.0,777.0,591.75,0.0,1546.0,0.0,1500.0,-1.4556388905963935e-08
1781701474852825692,10.5101824,-1.8024270439857535,-0.1408273491176074,0.0,36.04854087971507,-3.108271657711546,-8.465116500854492,1.0,777.0,591.75,0.0,1546.0,0.0,1500.0,-1.4556388905963935e-08
1781701474852897839,10.510254547,-1.8024270439857535,-0.1408273491176074,0.0,36.04854087971507,-3.108271657711546,-8.465116500854492,1.0,777.0,591.75,0.0,1546.0,0.0,1500.0,-1.4556388905963935e-08
1781701474852909731,10.510266439,-1.8024270439857535,-0.1408273491176074,0.0,36.04854087971507,-3.108271657711546,-8.465116500854492,1.0,777.0,591.75,0.0,1546.0,0.0,1500.0,-1.4556388905963935e-08
1781701474852918618,10.510275326,-1.8024270439857535,-0.1408273491176074,0.0,36.04854087971507,-3.108271657711546,-8.465116500854492,1.0,777.0,591.75,0.0,1546.0,0.0,1500.0,-1.4556388905963935e-08
1781701474852947332,10.51030404,-1.8024270439857535,-0.1408273491176074,0.0,36.04854087971507,-3.108271657711546,-8.465116500854492,1.0,777.0,591.75,0.0,1546.0,0.0,1500.0,-1.4556388905963935e-08
1781701474900695759,10.558052467,-1.8024270439857535,-0.1408273491176074,0.0,36.04854087971507,-3.108271657711546,-8.465116500854492,1.0,777.0,591.75,0.0,1546.0,0.0,1500.0,-1.4556388905963935e-08
1781701474900775349,10.558132057,-1.8024270439857535,-0.1408273491176074,0.0,36.04854087971507,-3.108271657711546,-8.465116500854492,1.0,777.0,591.75,0.0,1546.0,0.0,1500.0,-1.4556388905963935e-08
1781701474900784316,10.558141024,-1.8024270439857535,-0.1408273491176074,0.0,36.04854087971507,-3.108271657711546,-8.465116500854492,1.0,777.0,591.75,0.0,1546.0,0.0,1500.0,-1.4556388905963935e-08
1781701474900786811,10.558143519,-1.8024270439857535,-0.1408273491176074,0.0,36.04854087971507,-3.108271657711546,-8.465116500854492,1.0,777.0,591.75,0.0,1546.0,0.0,1500.0,-1.4556388905963935e-08
1781701474900791139,10.558147847,-1.8024270439857535,-0.1408273491176074,0.0,36.04854087971507,-3.108271657711546,-8.465116500854492,1.0,777.0,591.75,0.0,1546.0,0.0,1500.0,-1.4556388905963935e-08
1781701474900794665,10.558151373,-1.8024270439857535,-0.1408273491176074,0.0,36.04854087971507,-3.108271657711546,-8.465116500854492,1.0,777.0,591.75,0.0,1546.0,0.0,1500.0,-1.4556388905963935e-08
1781701474900797952,10.55815466,-1.8024270439857535,-0.1408273491176074,0.0,36.04854087971507,-3.108271657711546,-8.465116500854492,1.0,777.0,591.75,0.0,1546.0,0.0,1500.0,-1.4556388905963935e-08
1781701474900799925,10.558156633,-1.8024270439857535,-0.1408273491176074,0.0,36.04854087971507,-3.108271657711546,-8.465116500854492,1.0,777.0,591.75,0.0,1546.0,0.0,1500.0,-1.4556388905963935e-08
1781701474900806538,10.558163246,-1.8024270439857535,-0.1408273491176074,0.0,36.04854087971507,-3.108271657711546,-8.465116500854492,1.0,777.0,591.75,0.0,1546.0,0.0,1500.0,-9.461652788876559e-09
1781701474900808832,10.55816554,-1.8024270439857535,-0.1408273491176074,0.0,36.04854087971507,-3.108271657711546,-8.465116500854492,1.0,777.0,591.75,0.0,1546.0,0.0,1500.0,-9.461652788876559e-09
1781701474900863465,10.558220173,-1.8024270439857535,-0.1408273491176074,0.0,36.04854087971507,-3.108271657711546,-8.465116500854492,1.0,777.0,591.75,0.0,1546.0,0.0,1500.0,-9.461652788876559e-09
1781701474900871511,10.558228219,-1.8024270439857535,-0.1408273491176074,0.0,36.04854087971507,-3.108271657711546,-8.465116500854492,1.0,777.0,591.75,0.0,1546.0,0.0,1500.0,-9.461652788876559e-09
1781701474900894103,10.558250811,-1.8024270439857535,-0.1408273491176074,0.0,36.04854087971507,-3.108271657711546,-8.465116500854492,1.0,777.0,591.75,0.0,1546.0,0.0,1500.0,-9.461652788876559e-09
1781701474900931624,10.558288332,-1.8024270439857535,-0.1408273491176074,0.0,36.04854087971507,-3.108271657711546,-8.465116500854492,1.0,777.0,591.75,0.0,1546.0,0.0,1500.0,-9.461652788876559e-09
1781701474943908216,10.601264924,-1.8024270439857535,-0.1408273491176074,0.0,36.04854087971507,-3.108271657711546,-8.465116500854492,1.0,777.0,591.75,0.0,1546.0,0.0,1500.0,-9.461652788876559e-09
1781701474943954483,10.601311191,-1.8024270439857535,-0.1408273491176074,0.0,36.04854087971507,-3.108271657711546,-8.465116500854492,1.0,777.0,591.75,0.0,1546.0,0.0,1500.0,-9.461652788876559e-09
1781701474943959673,10.601316381,-1.8024270439857535,-0.1408273491176074,0.0,36.04854087971507,-3.108271657711546,-8.465116500854492,1.0,777.0,591.75,0.0,1546.0,0.0,1500.0,-9.461652788876559e-09
1781701474943963711,10.601320419,-1.8024270439857535,-0.1408273491176074,0.0,36.04854087971507,-3.108271657711546,-8.465116500854492,1.0,777.0,591.75,0.0,1546.0,0.0,1500.0,-9.461652788876559e-09
1781701474943966045,10.601322753,-1.8024270439857535,-0.1408273491176074,0.0,36.04854087971507,-3.108271657711546,-8.465116500854492,1.0,777.0,591.75,0.0,1546.0,0.0,1500.0,-9.461652788876559e-09
1781701474943968059,10.601324767,-1.8024270439857535,-0.1408273491176074,0.0,36.04854087971507,-3.108271657711546,-8.465116500854492,1.0,777.0,591.75,0.0,1546.0,0.0,1500.0,-9.461652788876559e-09
1781701474943976054,10.601332762,-1.8024270439857535,-0.1408273491176074,0.0,36.04854087971507,-3.108271657711546,-8.465116500854492,1.0,777.0,591.75,0.0,1546.0,0.0,1500.0,-9.461652788876559e-09
1781701474943982506,10.601339214,-1.8024270439857535,-0.1408273491176074,0.0,36.04854087971507,-3.108271657711546,-8.465116500854492,1.0,777.0,591.75,0.0,1546.0,0.0,1500.0,-9.461652788876559e-09
1781701474943990942,10.60134765,-1.8024270439857535,-0.1408273491176074,0.0,36.04854087971507,-3.108271657711546,-8.465116500854492,1.0,777.0,591.75,0.0,1546.0,0.0,1500.0,-6.150074312769764e-09
1781701474944012483,10.601369191,-1.8024270439857535,-0.1408273491176074,0.0,36.04854087971507,-3.108271657711546,-8.465116500854492,1.0,777.0,591.75,0.0,1546.0,0.0,1500.0,-6.150074312769764e-09
1781701474944072326,10.601429034,-1.8024270439857535,-0.1408273491176074,0.0,36.04854087971507,-3.108271657711546,-8.465116500854492,1.0,777.0,591.75,0.0,1546.0,0.0,1500.0,-6.150074312769764e-09
1781701474944080181,10.601436889,-1.8024270439857535,-0.1408273491176074,0.0,36.04854087971507,-3.108271657711546,-8.465116500854492,1.0,777.0,591.75,0.0,1546.0,0.0,1500.0,-6.150074312769764e-09
1781701474944106120,10.601462828,-1.8024270439857535,-0.1408273491176074,0.0,36.04854087971507,-3.108271657711546,-8.465116500854492,1.0,777.0,591.75,0.0,1546.0,0.0,1500.0,-6.150074312769764e-09
1781701474944129774,10.601486482,-1.8024270439857535,-0.1408273491176074,0.0,36.04854087971507,-3.108271657711546,-8.465116500854492,1.0,777.0,591.75,0.0,1546.0,0.0,1500.0,-6.150074312769764e-09
1781701474991200300,10.648557008,-1.8024270439857535,-0.1408273491176074,0.0,36.04854087971507,-3.108271657711546,-8.465116500854492,1.0,777.0,591.75,0.0,1546.0,0.0,1500.0,-6.150074312769764e-09
1781701474991238913,10.648595621,-1.8024270439857535,-0.1408273491176074,0.0,36.04854087971507,-3.108271657711546,-8.465116500854492,1.0,777.0,591.75,0.0,1546.0,0.0,1500.0,-6.150074312769764e-09
1781701474991243221,10.648599929,-1.8024270439857535,-0.1408273491176074,0.0,36.04854087971507,-3.108271657711546,-8.465116500854492,1.0,777.0,591.75,0.0,1546.0,0.0,1500.0,-6.150074312769764e-09
1781701474991246838,10.648603546,-1.8024270439857535,-0.1408273491176074,0.0,36.04854087971507,-3.108271657711546,-8.465116500854492,1.0,777.0,591.75,0.0,1546.0,0.0,1500.0,-6.150074312769764e-09
1781701474991250405,10.648607113,-1.8024270439857535,-0.1408273491176074,0.0,36.04854087971507,-3.108271657711546,-8.465116500854492,1.0,777.0,591.75,0.0,1546.0,0.0,1500.0,-6.150074312769764e-09
1781701474991252719,10.648609427,-1.8024270439857535,-0.1408273491176074,0.0,36.04854087971507,-3.108271657711546,-8.465116500854492,1.0,777.0,591.75,0.0,1546.0,0.0,1500.0,-6.150074312769764e-09
1781701474991260353,10.648617061,-1.8024270439857535,-0.1408273491176074,0.0,36.04854087971507,-3.108271657711546,-8.465116500854492,1.0,777.0,591.75,0.0,1546.0,0.0,1500.0,-6.150074312769764e-09
1781701474991270423,10.648627131,-1.8024270439857535,-0.1408273491176074,0.0,36.04854087971507,-3.108271657711546,-8.465116500854492,1.0,777.0,591.75,0.0,1546.0,0.0,1500.0,-6.150074312769764e-09
1781701474991287865,10.648644573,-1.8024270439857535,-0.1408273491176074,0.0,36.04854087971507,-3.108271657711546,-8.465116500854492,1.0,777.0,591.75,0.0,1546.0,0.0,1500.0,-3.997548303300347e-09
1781701474991297033,10.648653741,-1.8024270439857535,-0.1408273491176074,0.0,36.04854087971507,-3.108271657711546,-8.465116500854492,1.0,777.0,591.75,0.0,1546.0,0.0,1500.0,-3.997548303300347e-09
1781701474991357046,10.648713754,-1.8024270439857535,-0.1408273491176074,0.0,36.04854087971507,-3.108271657711546,-8.465116500854492,1.0,777.0,591.75,0.0,1546.0,0.0,1500.0,-3.997548303300347e-09
1781701474991367165,10.648723873,-1.8024270439857535,-0.1408273491176074,0.0,36.04854087971507,-3.108271657711546,-8.465116500854492,1.0,777.0,591.75,0.0,1546.0,0.0,1500.0,-3.997548303300347e-09
1781701474991376403,10.648733111,-1.8024270439857535,-0.1408273491176074,0.0,36.04854087971507,-3.108271657711546,-8.465116500854492,1.0,777.0,591.75,0.0,1546.0,0.0,1500.0,-3.997548303300347e-09
1781701474991422350,10.648779058,-1.8024270439857535,-0.1408273491176074,0.0,36.04854087971507,-3.108271657711546,-8.465116500854492,1.0,777.0,591.75,0.0,1546.0,0.0,1500.0,-3.997548303300347e-09
1781701475032180801,10.689537509,-1.8024270439857535,-0.1408273491176074,0.0,36.04854087971507,-3.108271657711546,-8.465116500854492,1.0,777.0,591.75,0.0,1546.0,0.0,1500.0,-3.997548303300347e-09
1781701475032274698,10.689631406,-1.8024270439857535,-0.1408273491176074,0.0,36.04854087971507,-3.108271657711546,-8.465116500854492,1.0,777.0,591.75,0.0,1546.0,0.0,1500.0,-3.997548303300347e-09
1781701475032282693,10.689639401,-1.8024270439857535,-0.1408273491176074,0.0,36.04854087971507,-3.108271657711546,-8.465116500854492,1.0,777.0,591.75,0.0,1546.0,0.0,1500.0,-3.997548303300347e-09
1781701475032287402,10.68964411,-1.8024270439857535,-0.1408273491176074,0.0,36.04854087971507,-3.108271657711546,-8.465116500854492,1.0,777.0,591.75,0.0,1546.0,0.0,1500.0,-3.997548303300347e-09
1781701475032294095,10.689650803,-1.8024270439857535,-0.1408273491176074,0.0,36.04854087971507,-3.108271657711546,-8.465116500854492,1.0,777.0,591.75,0.0,1546.0,0.0,1500.0,-3.997548303300347e-09
1781701475032297802,10.68965451,-1.8024270439857535,-0.1408273491176074,0.0,36.04854087971507,-3.108271657711546,-8.465116500854492,1.0,777.0,591.75,0.0,1546.0,0.0,1500.0,-3.997548303300347e-09
1781701475032301068,10.689657776,-1.8024270439857535,-0.1408273491176074,0.0,36.04854087971507,-3.108271657711546,-8.465116500854492,1.0,777.0,591.75,0.0,1546.0,0.0,1500.0,-3.997548303300347e-09
1781701475032311237,10.689667945,-1.8024270439857535,-0.1408273491176074,0.0,36.04854087971507,-3.108271657711546,-8.465116500854492,1.0,777.0,591.75,0.0,1546.0,0.0,1500.0,-2.5984063971452256e-09
1781701475032315074,10.689671782,-1.8024270439857535,-0.1408273491176074,0.0,36.04854087971507,-3.108271657711546,-8.465116500854492,1.0,777.0,591.75,0.0,1546.0,0.0,1500.0,-2.5984063971452256e-09
1781701475032318271,10.689674979,-1.8024270439857535,-0.1408273491176074,0.0,36.04854087971507,-3.108271657711546,-8.465116500854492,1.0,777.0,591.75,0.0,1546.0,0.0,1500.0,-2.5984063971452256e-09
1781701475032383995,10.689740703,-1.8024270439857535,-0.1408273491176074,0.0,36.04854087971507,-3.108271657711546,-8.465116500854492,1.0,777.0,591.75,0.0,1546.0,0.0,1500.0,-2.5984063971452256e-09
1781701475032395376,10.689752084,-1.8024270439857535,-0.1408273491176074,0.0,36.04854087971507,-3.108271657711546,-8.465116500854492,1.0,777.0,591.75,0.0,1546.0,0.0,1500.0,-2.5984063971452256e-09
1781701475032405435,10.689762143,-1.8024270439857535,-0.1408273491176074,0.0,36.04854087971507,-3.108271657711546,-8.465116500854492,1.0,777.0,591.75,0.0,1546.0,0.0,1500.0,-2.5984063971452256e-09
1781701475032473905,10.689830613,-1.8024270439857535,-0.1408273491176074,0.0,36.04854087971507,-3.108271657711546,-8.465116500854492,1.0,777.0,591.75,0.0,1546.0,0.0,1500.0,-2.5984063971452256e-09
1781701475073029953,10.730386661,-1.8024270439857535,-0.1408273491176074,0.0,36.04854087971507,-3.108271657711546,-8.465116500854492,1.0,777.0,591.75,0.0,1546.0,0.0,1500.0,-2.5984063971452256e-09
1781701475073071742,10.73042845,-1.8024270439857535,-0.1408273491176074,0.0,36.04854087971507,-3.108271657711546,-8.465116500854492,1.0,777.0,591.75,0.0,1546.0,0.0,1500.0,-2.5984063971452256e-09
1781701475073076201,10.730432909,-1.8024270439857535,-0.1408273491176074,0.0,36.04854087971507,-3.108271657711546,-8.465116500854492,1.0,777.0,591.75,0.0,1546.0,0.0,1500.0,-2.5984063971452256e-09
1781701475073079737,10.730436445,-1.8024270439857535,-0.1408273491176074,0.0,36.04854087971507,-3.108271657711546,-8.465116500854492,1.0,777.0,591.75,0.0,1546.0,0.0,1500.0,-2.5984063971452256e-09
1781701475073083094,10.730439802,-1.8024270439857535,-0.1408273491176074,0.0,36.04854087971507,-3.108271657711546,-8.465116500854492,1.0,777.0,591.75,0.0,1546.0,0.0,1500.0,-2.5984063971452256e-09
1781701475073085869,10.730442577,-1.8024270439857535,-0.1408273491176074,0.0,36.04854087971507,-3.108271657711546,-8.465116500854492,1.0,777.0,591.75,0.0,1546.0,0.0,1500.0,-2.5984063971452256e-09
1781701475073094085,10.730450793,-1.8024270439857535,-0.1408273491176074,0.0,36.04854087971507,-3.108271657711546,-8.465116500854492,1.0,777.0,591.75,0.0,1546.0,0.0,1500.0,-2.5984063971452256e-09
1781701475073097491,10.730454199,-1.8024270439857535,-0.1408273491176074,0.0,36.04854087971507,-3.108271657711546,-8.465116500854492,1.0,777.0,591.75,0.0,1546.0,0.0,1500.0,-2.5984063971452256e-09
1781701475073109965,10.730466673,-1.8024270439857535,-0.1408273491176074,0.0,36.04854087971507,-3.108271657711546,-8.465116500854492,1.0,777.0,591.75,0.0,1546.0,0.0,1500.0,-1.6889641581443967e-09
1781701475073129381,10.730486089,-1.8024270439857535,-0.1408273491176074,0.0,36.04854087971507,-3.108271657711546,-8.465116500854492,1.0,777.0,591.75,0.0,1546.0,0.0,1500.0,-1.6889641581443967e-09
1781701475073198692,10.7305554,-1.8024270439857535,-0.1408273491176074,0.0,36.04854087971507,-3.108271657711546,-8.465116500854492,1.0,777.0,591.75,0.0,1546.0,0.0,1500.0,-1.6889641581443967e-09
1781701475073210324,10.730567032,-1.8024270439857535,-0.1408273491176074,0.0,36.04854087971507,-3.108271657711546,-8.465116500854492,1.0,777.0,591.75,0.0,1546.0,0.0,1500.0,-1.6889641581443967e-09
1781701475073220443,10.730577151,-1.8024270439857535,-0.1408273491176074,0.0,36.04854087971507,-3.108271657711546,-8.465116500854492,1.0,777.0,591.75,0.0,1546.0,0.0,1500.0,-1.6889641581443967e-09
1781701475073249889,10.730606597,-1.8024270439857535,-0.1408273491176074,0.0,36.04854087971507,-3.108271657711546,-8.465116500854492,1.0,777.0,591.75,0.0,1546.0,0.0,1500.0,-1.6889641581443967e-09
1781701475121125776,10.778482484,-1.8024270439857535,-0.1408273491176074,0.0,36.04854087971507,-3.108271657711546,-8.465116500854492,1.0,777.0,591.75,0.0,1546.0,0.0,1500.0,-1.6889641581443967e-09
1781701475121162085,10.778518793,-1.8024270439857535,-0.1408273491176074,0.0,36.04854087971507,-3.108271657711546,-8.465116500854492,1.0,777.0,591.75,0.0,1546.0,0.0,1500.0,-1.6889641581443967e-09
1781701475121167395,10.778524103,-1.8024270439857535,-0.1408273491176074,0.0,36.04854087971507,-3.108271657711546,-8.465116500854492,1.0,777.0,591.75,0.0,1546.0,0.0,1500.0,-1.6889641581443967e-09
1781701475121171292,10.778528,-1.8024270439857535,-0.1408273491176074,0.0,36.04854087971507,-3.108271657711546,-8.465116500854492,1.0,777.0,591.75,0.0,1546.0,0.0,1500.0,-1.6889641581443967e-09
1781701475121174428,10.778531136,-1.8024270439857535,-0.1408273491176074,0.0,36.04854087971507,-3.108271657711546,-8.465116500854492,1.0,777.0,591.75,0.0,1546.0,0.0,1500.0,-1.6889641581443967e-09
1781701475121176853,10.778533561,-1.8024270439857535,-0.1408273491176074,0.0,36.04854087971507,-3.108271657711546,-8.465116500854492,1.0,777.0,591.75,0.0,1546.0,0.0,1500.0,-1.6889641581443967e-09
1781701475121184277,10.778540985,-1.8024270439857535,-0.1408273491176074,0.0,36.04854087971507,-3.108271657711546,-8.465116500854492,1.0,777.0,591.75,0.0,1546.0,0.0,1500.0,-1.6889641581443967e-09
1781701475121190799,10.778547507,-1.8024270439857535,-0.1408273491176074,0.0,36.04854087971507,-3.108271657711546,-8.465116500854492,1.0,777.0,591.75,0.0,1546.0,0.0,1500.0,-1.6889641581443967e-09
1781701475121209765,10.778566473,-1.8024270439857535,-0.1408273491176074,0.0,36.04854087971507,-3.108271657711546,-8.465116500854492,1.0,777.0,591.75,0.0,1546.0,0.0,1500.0,-1.0978267027938578e-09
1781701475121216678,10.778573386,-1.8024270439857535,-0.1408273491176074,0.0,36.04854087971507,-3.108271657711546,-8.465116500854492,1.0,777.0,591.75,0.0,1546.0,0.0,1500.0,-1.0978267027938578e-09
1781701475121282833,10.778639541,-1.8024270439857535,-0.1408273491176074,0.0,36.04854087971507,-3.108271657711546,-8.465116500854492,1.0,777.0,591.75,0.0,1546.0,0.0,1500.0,-1.0978267027938578e-09
1781701475121298402,10.77865511,-1.8024270439857535,-0.1408273491176074,0.0,36.04854087971507,-3.108271657711546,-8.465116500854492,1.0,777.0,591.75,0.0,1546.0,0.0,1500.0,-1.0978267027938578e-09
1781701475121320845,10.778677553,-1.8024270439857535,-0.1408273491176074,0.0,36.04854087971507,-3.108271657711546,-8.465116500854492,1.0,777.0,591.75,0.0,1546.0,0.0,1500.0,-1.0978267027938578e-09
1781701475121356242,10.77871295,-1.8024270439857535,-0.1408273491176074,0.0,36.04854087971507,-3.108271657711546,-8.465116500854492,1.0,777.0,591.75,0.0,1546.0,0.0,1500.0,-1.0978267027938578e-09
1781701475171660848,10.829017556,-1.8024270439857535,-0.1408273491176074,0.0,36.04854087971507,-3.108271657711546,-8.465116500854492,1.0,777.0,591.75,0.0,1546.0,0.0,1500.0,-1.0978267027938578e-09
1781701475171713096,10.829069804,-1.8024270439857535,-0.1408273491176074,0.0,36.04854087971507,-3.108271657711546,-8.465116500854492,1.0,777.0,591.75,0.0,1546.0,0.0,1500.0,-1.0978267027938578e-09
1781701475171718867,10.829075575,-1.8024270439857535,-0.1408273491176074,0.0,36.04854087971507,-3.108271657711546,-8.465116500854492,1.0,777.0,591.75,0.0,1546.0,0.0,1500.0,-1.0978267027938578e-09
1781701475171721893,10.829078601,-1.8024270439857535,-0.1408273491176074,0.0,36.04854087971507,-3.108271657711546,-8.465116500854492,1.0,777.0,591.75,0.0,1546.0,0.0,1500.0,-1.0978267027938578e-09
1781701475171726311,10.829083019,-1.8024270439857535,-0.1408273491176074,0.0,36.04854087971507,-3.108271657711546,-8.465116500854492,1.0,777.0,591.75,0.0,1546.0,0.0,1500.0,-1.0978267027938578e-09
1781701475171730118,10.829086826,-1.8024270439857535,-0.1408273491176074,0.0,36.04854087971507,-3.108271657711546,-8.465116500854492,1.0,777.0,591.75,0.0,1546.0,0.0,1500.0,-1.0978267027938578e-09
1781701475171733896,10.829090604,-1.8024270439857535,-0.1408273491176074,0.0,36.04854087971507,-3.108271657711546,-8.465116500854492,1.0,777.0,591.75,0.0,1546.0,0.0,1500.0,-1.0978267027938578e-09
1781701475171741570,10.829098278,-1.8024270439857535,-0.1408273491176074,0.0,36.04854087971507,-3.108271657711546,-8.465116500854492,1.0,777.0,591.75,0.0,1546.0,0.0,1500.0,-7.135873568160076e-10
1781701475171745257,10.829101965,-1.8024270439857535,-0.1408273491176074,0.0,36.04854087971507,-3.108271657711546,-8.465116500854492,1.0,777.0,591.75,0.0,1546.0,0.0,1500.0,-7.135873568160076e-10
1781701475171747772,10.82910448,-1.8024270439857535,-0.1408273491176074,0.0,36.04854087971507,-3.108271657711546,-8.465116500854492,1.0,777.0,591.75,0.0,1546.0,0.0,1500.0,-7.135873568160076e-10
1781701475171815650,10.829172358,-1.8024270439857535,-0.1408273491176074,0.0,36.04854087971507,-3.108271657711546,-8.465116500854492,1.0,777.0,591.75,0.0,1546.0,0.0,1500.0,-7.135873568160076e-10
1781701475171822874,10.829179582,-1.8024270439857535,-0.1408273491176074,0.0,36.04854087971507,-3.108271657711546,-8.465116500854492,1.0,777.0,591.75,0.0,1546.0,0.0,1500.0,-7.135873568160076e-10
1781701475171837732,10.82919444,-1.8024270439857535,-0.1408273491176074,0.0,36.04854087971507,-3.108271657711546,-8.465116500854492,1.0,777.0,591.75,0.0,1546.0,0.0,1500.0,-7.135873568160076e-10
1781701475171863631,10.829220339,-1.8024270439857535,-0.1408273491176074,0.0,36.04854087971507,-3.108271657711546,-8.465116500854492,1.0,777.0,591.75,0.0,1546.0,0.0,1500.0,-7.135873568160076e-10
1781701475209980081,10.867336789,-1.8024270439857535,-0.1408273491176074,0.0,36.04854087971507,-3.108271657711546,-8.465116500854492,1.0,777.0,591.75,0.0,1546.0,0.0,1500.0,-7.135873568160076e-10
1781701475210015307,10.867372015,-1.8024270439857535,-0.1408273491176074,0.0,36.04854087971507,-3.108271657711546,-8.465116500854492,1.0,777.0,591.75,0.0,1546.0,0.0,1500.0,-7.135873568160076e-10
1781701475210018543,10.867375251,-1.8024270439857535,-0.1408273491176074,0.0,36.04854087971507,-3.108271657711546,-8.465116500854492,1.0,777.0,591.75,0.0,1546.0,0.0,1500.0,-7.135873568160076e-10
1781701475210021800,10.867378508,-1.8024270439857535,-0.1408273491176074,0.0,36.04854087971507,-3.108271657711546,-8.465116500854492,1.0,777.0,591.75,0.0,1546.0,0.0,1500.0,-7.135873568160076e-10
1781701475210024475,10.867381183,-1.8024270439857535,-0.1408273491176074,0.0,36.04854087971507,-3.108271657711546,-8.465116500854492,1.0,777.0,591.75,0.0,1546.0,0.0,1500.0,-7.135873568160076e-10
1781701475210032289,10.867388997,-1.8024270439857535,-0.1408273491176074,0.0,36.04854087971507,-3.108271657711546,-8.465116500854492,1.0,777.0,591.75,0.0,1546.0,0.0,1500.0,-7.135873568160076e-10
1781701475210038852,10.86739556,-1.8024270439857535,-0.1408273491176074,0.0,36.04854087971507,-3.108271657711546,-8.465116500854492,1.0,777.0,591.75,0.0,1546.0,0.0,1500.0,-7.135873568160076e-10
1781701475210049412,10.86740612,-1.8024270439857535,-0.1408273491176074,0.0,36.04854087971507,-3.108271657711546,-8.465116500854492,1.0,777.0,591.75,0.0,1546.0,0.0,1500.0,-7.135873568160076e-10
1781701475210066324,10.867423032,-1.8024270439857535,-0.1408273491176074,0.0,36.04854087971507,-3.108271657711546,-8.465116500854492,1.0,777.0,591.75,0.0,1546.0,0.0,1500.0,-4.63831781930405e-10
1781701475210104897,10.867461605,-1.8024270439857535,-0.1408273491176074,0.0,36.04854087971507,-3.108271657711546,-8.465116500854492,1.0,777.0,591.75,0.0,1546.0,0.0,1500.0,-4.63831781930405e-10
1781701475210144541,10.867501249,-1.8024270439857535,-0.1408273491176074,0.0,36.04854087971507,-3.108271657711546,-8.465116500854492,1.0,777.0,591.75,0.0,1546.0,0.0,1500.0,-4.63831781930405e-10
1781701475210150443,10.867507151,-1.8024270439857535,-0.1408273491176074,0.0,36.04854087971507,-3.108271657711546,-8.465116500854492,1.0,777.0,591.75,0.0,1546.0,0.0,1500.0,-4.63831781930405e-10
1781701475210170751,10.867527459,-1.8024270439857535,-0.1408273491176074,0.0,36.04854087971507,-3.108271657711546,-8.465116500854492,1.0,777.0,591.75,0.0,1546.0,0.0,1500.0,-4.63831781930405e-10
1781701475210196830,10.867553538,-1.8024270439857535,-0.1408273491176074,0.0,36.04854087971507,-3.108271657711546,-8.465116500854492,1.0,777.0,591.75,0.0,1546.0,0.0,1500.0,-4.63831781930405e-10
1781701475246327148,10.903683856,-1.8024270439857535,-0.1408273491176074,0.0,36.04854087971507,-3.108271657711546,-8.465116500854492,1.0,777.0,591.75,0.0,1546.0,0.0,1500.0,-4.63831781930405e-10
1781701475246372684,10.903729392,-1.8024270439857535,-0.1408273491176074,0.0,36.04854087971507,-3.108271657711546,-8.465116500854492,1.0,777.0,591.75,0.0,1546.0,0.0,1500.0,-4.63831781930405e-10
1781701475246375850,10.903732558,-1.8024270439857535,-0.1408273491176074,0.0,36.04854087971507,-3.108271657711546,-8.465116500854492,1.0,777.0,591.75,0.0,1546.0,0.0,1500.0,-4.63831781930405e-10
1781701475246379457,10.903736165,-1.8024270439857535,-0.1408273491176074,0.0,36.04854087971507,-3.108271657711546,-8.465116500854492,1.0,777.0,591.75,0.0,1546.0,0.0,1500.0,-4.63831781930405e-10
1781701475246382893,10.903739601,-1.8024270439857535,-0.1408273491176074,0.0,36.04854087971507,-3.108271657711546,-8.465116500854492,1.0,777.0,591.75,0.0,1546.0,0.0,1500.0,-4.63831781930405e-10
1781701475246385839,10.903742547,-1.8024270439857535,-0.1408273491176074,0.0,36.04854087971507,-3.108271657711546,-8.465116500854492,1.0,777.0,591.75,0.0,1546.0,0.0,1500.0,-4.63831781930405e-10
1781701475246393714,10.903750422,-1.8024270439857535,-0.1408273491176074,0.0,36.04854087971507,-3.108271657711546,-8.465116500854492,1.0,777.0,591.75,0.0,1546.0,0.0,1500.0,-4.63831781930405e-10
1781701475246422568,10.903779276,-1.8024270439857535,-0.1408273491176074,0.0,36.04854087971507,-3.108271657711546,-8.465116500854492,1.0,777.0,591.75,0.0,1546.0,0.0,1500.0,-4.63831781930405e-10
1781701475246445592,10.9038023,-1.8024270439857535,-0.1408273491176074,0.0,36.04854087971507,-3.108271657711546,-8.465116500854492,1.0,777.0,591.75,0.0,1546.0,0.0,1500.0,-3.0149065825476327e-10
1781701475246468274,10.903824982,-1.8024270439857535,-0.1408273491176074,0.0,36.04854087971507,-3.108271657711546,-8.465116500854492,1.0,777.0,591.75,0.0,1546.0,0.0,1500.0,-3.0149065825476327e-10
1781701475246573473,10.903930181,-1.8024270439857535,-0.1408273491176074,0.0,36.04854087971507,-3.108271657711546,-8.465116500854492,1.0,777.0,591.75,0.0,1546.0,0.0,1500.0,-3.0149065825476327e-10
1781701475246591838,10.903948546,-1.8024270439857535,-0.1408273491176074,0.0,36.04854087971507,-3.108271657711546,-8.465116500854492,1.0,777.0,591.75,0.0,1546.0,0.0,1500.0,-3.0149065825476327e-10
1781701475246625001,10.903981709,-1.8024270439857535,-0.1408273491176074,0.0,36.04854087971507,-3.108271657711546,-8.465116500854492,1.0,777.0,591.75,0.0,1546.0,0.0,1500.0,-3.0149065825476327e-10
1781701475246680636,10.904037344,-1.8024270439857535,-0.1408273491176074,0.0,36.04854087971507,-3.108271657711546,-8.465116500854492,1.0,777.0,591.75,0.0,1546.0,0.0,1500.0,-3.0149065825476327e-10
1781701475291886709,10.949243417,-1.8024270439857535,-0.1408273491176074,0.0,36.04854087971507,-3.108271657711546,-8.465116500854492,1.0,777.0,591.75,0.0,1546.0,0.0,1500.0,-3.0149065825476327e-10
1781701475291940691,10.949297399,-1.8024270439857535,-0.1408273491176074,0.0,36.04854087971507,-3.108271657711546,-8.465116500854492,1.0,777.0,591.75,0.0,1546.0,0.0,1500.0,-3.0149065825476327e-10
1781701475291949618,10.949306326,-1.8024270439857535,-0.1408273491176074,0.0,36.04854087971507,-3.108271657711546,-8.465116500854492,1.0,777.0,591.75,0.0,1546.0,0.0,1500.0,-3.0149065825476327e-10
1781701475291954568,10.949311276,-1.8024270439857535,-0.1408273491176074,0.0,36.04854087971507,-3.108271657711546,-8.465116500854492,1.0,777.0,591.75,0.0,1546.0,0.0,1500.0,-3.0149065825476327e-10
1781701475291959878,10.949316586,-1.8024270439857535,-0.1408273491176074,0.0,36.04854087971507,-3.108271657711546,-8.465116500854492,1.0,777.0,591.75,0.0,1546.0,0.0,1500.0,-3.0149065825476327e-10
1781701475291964506,10.949321214,-1.8024270439857535,-0.1408273491176074,0.0,36.04854087971507,-3.108271657711546,-8.465116500854492,1.0,777.0,591.75,0.0,1546.0,0.0,1500.0,-3.0149065825476327e-10
1781701475291977932,10.94933464,-1.8024270439857535,-0.1408273491176074,0.0,36.04854087971507,-3.108271657711546,-8.465116500854492,1.0,777.0,591.75,0.0,1546.0,0.0,1500.0,-3.0149065825476327e-10
1781701475291982671,10.949339379,-1.8024270439857535,-0.1408273491176074,0.0,36.04854087971507,-3.108271657711546,-8.465116500854492,1.0,777.0,591.75,0.0,1546.0,0.0,1500.0,-3.0149065825476327e-10
1781701475291994904,10.949351612,-1.8024270439857535,-0.1408273491176074,0.0,36.04854087971507,-3.108271657711546,-8.465116500854492,1.0,777.0,591.75,0.0,1546.0,0.0,1500.0,-1.9596892786559612e-10
1781701475292002618,10.949359326,-1.8024270439857535,-0.1408273491176074,0.0,36.04854087971507,-3.108271657711546,-8.465116500854492,1.0,777.0,591.75,0.0,1546.0,0.0,1500.0,-1.9596892786559612e-10
1781701475292060908,10.949417616,-1.8024270439857535,-0.1408273491176074,0.0,36.04854087971507,-3.108271657711546,-8.465116500854492,1.0,777.0,591.75,0.0,1546.0,0.0,1500.0,-1.9596892786559612e-10
1781701475292072581,10.949429289,-1.8024270439857535,-0.1408273491176074,0.0,36.04854087971507,-3.108271657711546,-8.465116500854492,1.0,777.0,591.75,0.0,1546.0,0.0,1500.0,-1.9596892786559612e-10
1781701475292089773,10.949446481,-1.8024270439857535,-0.1408273491176074,0.0,36.04854087971507,-3.108271657711546,-8.465116500854492,1.0,777.0,591.75,0.0,1546.0,0.0,1500.0,-1.9596892786559612e-10
1781701475292120782,10.94947749,-1.8024270439857535,-0.1408273491176074,0.0,36.04854087971507,-3.108271657711546,-8.465116500854492,1.0,777.0,591.75,0.0,1546.0,0.0,1500.0,-1.9596892786559612e-10
1781701475370313534,11.027670242,-1.8024270439857535,-0.1408273491176074,0.0,36.04854087971507,-3.108271657711546,-8.465116500854492,1.0,777.0,591.75,0.0,1546.0,0.0,1500.0,-1.9596892786559612e-10
1781701475370363629,11.027720337,-1.8024270439857535,-0.1408273491176074,0.0,36.04854087971507,-3.108271657711546,-8.465116500854492,1.0,777.0,591.75,0.0,1546.0,0.0,1500.0,-1.9596892786559612e-10
1781701475370370131,11.027726839,-1.8024270439857535,-0.1408273491176074,0.0,36.04854087971507,-3.108271657711546,-8.465116500854492,1.0,777.0,591.75,0.0,1546.0,0.0,1500.0,-1.9596892786559612e-10
1781701475370374229,11.027730937,-1.8024270439857535,-0.1408273491176074,0.0,36.04854087971507,-3.108271657711546,-8.465116500854492,1.0,777.0,591.75,0.0,1546.0,0.0,1500.0,-1.9596892786559612e-10
1781701475370380551,11.027737259,-1.8024270439857535,-0.1408273491176074,0.0,36.04854087971507,-3.108271657711546,-8.465116500854492,1.0,777.0,591.75,0.0,1546.0,0.0,1500.0,-1.9596892786559612e-10
1781701475370385229,11.027741937,-1.8024270439857535,-0.1408273491176074,0.0,36.04854087971507,-3.108271657711546,-8.465116500854492,1.0,777.0,591.75,0.0,1546.0,0.0,1500.0,-1.9596892786559612e-10
1781701475370391101,11.027747809,-1.8024270439857535,-0.1408273491176074,0.0,36.04854087971507,-3.108271657711546,-8.465116500854492,1.0,777.0,591.75,0.0,1546.0,0.0,1500.0,-1.9596892786559612e-10
1781701475370403294,11.027760002,-1.8024270439857535,-0.1408273491176074,0.0,36.04854087971507,-3.108271657711546,-8.465116500854492,1.0,777.0,591.75,0.0,1546.0,0.0,1500.0,-1.273798031126375e-10
1781701475370408013,11.027764721,-1.8024270439857535,-0.1408273491176074,0.0,36.04854087971507,-3.108271657711546,-8.465116500854492,1.0,777.0,591.75,0.0,1546.0,0.0,1500.0,-1.273798031126375e-10
1781701475370414705,11.027771413,-1.8024270439857535,-0.1408273491176074,0.0,36.04854087971507,-3.108271657711546,-8.465116500854492,1.0,777.0,591.75,0.0,1546.0,0.0,1500.0,-1.273798031126375e-10
1781701475370474147,11.027830855,-1.8024270439857535,-0.1408273491176074,0.0,36.04854087971507,-3.108271657711546,-8.465116500854492,1.0,777.0,591.75,0.0,1546.0,0.0,1500.0,-1.273798031126375e-10
1781701475370484487,11.027841195,-1.8024270439857535,-0.1408273491176074,0.0,36.04854087971507,-3.108271657711546,-8.465116500854492,1.0,777.0,591.75,0.0,1546.0,0.0,1500.0,-1.273798031126375e-10
1781701475370502431,11.027859139,-1.8024270439857535,-0.1408273491176074,0.0,36.04854087971507,-3.108271657711546,-8.465116500854492,1.0,777.0,591.75,0.0,1546.0,0.0,1500.0,-1.273798031126375e-10
1781701475370545653,11.027902361,-1.8024270439857535,-0.1408273491176074,0.0,36.04854087971507,-3.108271657711546,-8.465116500854492,1.0,777.0,591.75,0.0,1546.0,0.0,1500.0,-1.273798031126375e-10
1781701475422040938,11.079397646,-1.8024270439857535,-0.1408273491176074,0.0,36.04854087971507,-3.108271657711546,-8.465116500854492,1.0,777.0,591.75,0.0,1546.0,0.0,1500.0,-1.273798031126375e-10
1781701475422092014,11.079448722,-1.8024270439857535,-0.1408273491176074,0.0,36.04854087971507,-3.108271657711546,-8.465116500854492,1.0,777.0,591.75,0.0,1546.0,0.0,1500.0,-1.273798031126375e-10
1781701475422099909,11.079456617,-1.8024270439857535,-0.1408273491176074,0.0,36.04854087971507,-3.108271657711546,-8.465116500854492,1.0,777.0,591.75,0.0,1546.0,0.0,1500.0,-1.273798031126375e-10
1781701475422104268,11.079460976,-1.8024270439857535,-0.1408273491176074,0.0,36.04854087971507,-3.108271657711546,-8.465116500854492,1.0,777.0,591.75,0.0,1546.0,0.0,1500.0,-1.273798031126375e-10
1781701475422110840,11.079467548,-1.8024270439857535,-0.1408273491176074,0.0,36.04854087971507,-3.108271657711546,-8.465116500854492,1.0,777.0,591.75,0.0,1546.0,0.0,1500.0,-1.273798031126375e-10
1781701475422115218,11.079471926,-1.8024270439857535,-0.1408273491176074,0.0,36.04854087971507,-3.108271657711546,-8.465116500854492,1.0,777.0,591.75,0.0,1546.0,0.0,1500.0,-1.273798031126375e-10
1781701475422120077,11.079476785,-1.8024270439857535,-0.1408273491176074,0.0,36.04854087971507,-3.108271657711546,-8.465116500854492,1.0,777.0,591.75,0.0,1546.0,0.0,1500.0,-1.273798031126375e-10
1781701475422131429,11.079488137,-1.8024270439857535,-0.1408273491176074,0.0,36.04854087971507,-3.108271657711546,-8.465116500854492,1.0,777.0,591.75,0.0,1546.0,0.0,1500.0,-8.279687202321438e-11
1781701475422133843,11.079490551,-1.8024270439857535,-0.1408273491176074,0.0,36.04854087971507,-3.108271657711546,-8.465116500854492,1.0,777.0,591.75,0.0,1546.0,0.0,1500.0,-8.279687202321438e-11
1781701475422136248,11.079492956,-1.8024270439857535,-0.1408273491176074,0.0,36.04854087971507,-3.108271657711546,-8.465116500854492,1.0,777.0,591.75,0.0,1546.0,0.0,1500.0,-8.279687202321438e-11
1781701475422189799,11.079546507,-1.8024270439857535,-0.1408273491176074,0.0,36.04854087971507,-3.108271657711546,-8.465116500854492,1.0,777.0,591.75,0.0,1546.0,0.0,1500.0,-8.279687202321438e-11
1781701475422199387,11.079556095,-1.8024270439857535,-0.1408273491176074,0.0,36.04854087971507,-3.108271657711546,-8.465116500854492,1.0,777.0,591.75,0.0,1546.0,0.0,1500.0,-8.279687202321438e-11
1781701475422213083,11.079569791,-1.8024270439857535,-0.1408273491176074,0.0,36.04854087971507,-3.108271657711546,-8.465116500854492,1.0,777.0,591.75,0.0,1546.0,0.0,1500.0,-8.279687202321438e-11
1781701475422242238,11.079598946,-1.8024270439857535,-0.1408273491176074,0.0,36.04854087971507,-3.108271657711546,-8.465116500854492,1.0,777.0,591.75,0.0,1546.0,0.0,1500.0,-8.279687202321438e-11
1781701475473495296,11.130852004,-1.8024270439857535,-0.1408273491176074,0.0,36.04854087971507,-3.108271657711546,-8.465116500854492,1.0,777.0,591.75,0.0,1546.0,0.0,1500.0,-8.279687202321438e-11
1781701475473577902,11.13093461,-1.8024270439857535,-0.1408273491176074,0.0,36.04854087971507,-3.108271657711546,-8.465116500854492,1.0,777.0,591.75,0.0,1546.0,0.0,1500.0,-8.279687202321438e-11
1781701475473584524,11.130941232,-1.8024270439857535,-0.1408273491176074,0.0,36.04854087971507,-3.108271657711546,-8.465116500854492,1.0,777.0,591.75,0.0,1546.0,0.0,1500.0,-5.381796681508935e-11
1781701475473589514,11.130946222,-1.8024270439857535,-0.1408273491176074,0.0,36.04854087971507,-3.108271657711546,-8.465116500854492,1.0,777.0,591.75,0.0,1546.0,0.0,1500.0,-5.381796681508935e-11
1781701475473592520,11.130949228,-1.8024270439857535,-0.1408273491176074,0.0,36.04854087971507,-3.108271657711546,-8.465116500854492,1.0,777.0,591.75,0.0,1546.0,0.0,1500.0,-5.381796681508935e-11
1781701475473595676,11.130952384,-1.8024270439857535,-0.1408273491176074,0.0,36.04854087971507,-3.108271657711546,-8.465116500854492,1.0,777.0,591.75,0.0,1546.0,0.0,1500.0,-5.381796681508935e-11
1781701475473600194,11.130956902,-1.8024270439857535,-0.1408273491176074,0.0,36.04854087971507,-3.108271657711546,-8.465116500854492,1.0,777.0,591.75,0.0,1546.0,0.0,1500.0,-5.381796681508935e-11
1781701475473604192,11.1309609,-1.8024270439857535,-0.1408273491176074,0.0,36.04854087971507,-3.108271657711546,-8.465116500854492,1.0,777.0,591.75,0.0,1546.0,0.0,1500.0,-5.381796681508935e-11
1781701475473607388,11.130964096,-1.8024270439857535,-0.1408273491176074,0.0,36.04854087971507,-3.108271657711546,-8.465116500854492,1.0,777.0,591.75,0.0,1546.0,0.0,1500.0,-5.381796681508935e-11
1781701475473615002,11.13097171,-1.8024270439857535,-0.1408273491176074,0.0,36.04854087971507,-3.108271657711546,-8.465116500854492,1.0,777.0,591.75,0.0,1546.0,0.0,1500.0,-5.381796681508935e-11
1781701475473659386,11.131016094,-1.8024270439857535,-0.1408273491176074,0.0,36.04854087971507,-3.108271657711546,-8.465116500854492,1.0,777.0,591.75,0.0,1546.0,0.0,1500.0,-5.381796681508935e-11
1781701475473671429,11.131028137,-1.8024270439857535,-0.1408273491176074,0.0,36.04854087971507,-3.108271657711546,-8.465116500854492,1.0,777.0,591.75,0.0,1546.0,0.0,1500.0,-5.381796681508935e-11
1781701475473688932,11.13104564,-1.8024270439857535,-0.1408273491176074,0.0,36.04854087971507,-3.108271657711546,-8.465116500854492,1.0,777.0,591.75,0.0,1546.0,0.0,1500.0,-5.381796681508935e-11
1781701475473721303,11.131078011,-1.8024270439857535,-0.1408273491176074,0.0,36.04854087971507,-3.108271657711546,-8.465116500854492,1.0,777.0,591.75,0.0,1546.0,0.0,1500.0,-5.381796681508935e-11
1781701475505897130,11.163253838,-1.8024270439857535,-0.1408273491176074,0.0,36.04854087971507,-3.108271657711546,-8.465116500854492,1.0,777.0,591.75,0.0,1546.0,0.0,1500.0,-5.381796681508935e-11
1781701475505926135,11.163282843,-1.8024270439857535,-0.1408273491176074,0.0,36.04854087971507,-3.108271657711546,-8.465116500854492,1.0,777.0,591.75,0.0,1546.0,0.0,1500.0,-5.381796681508935e-11
1781701475505960299,11.163317007,-1.8024270439857535,-0.1408273491176074,0.0,36.04854087971507,-3.108271657711546,-8.465116500854492,1.0,777.0,591.75,0.0,1546.0,0.0,1500.0,-5.381796681508935e-11
1781701475505966431,11.163323139,-1.8024270439857535,-0.1408273491176074,0.0,36.04854087971507,-3.108271657711546,-8.465116500854492,1.0,777.0,591.75,0.0,1546.0,0.0,1500.0,-5.381796681508935e-11
1781701475505971520,11.163328228,-1.8024270439857535,-0.1408273491176074,0.0,36.04854087971507,-3.108271657711546,-8.465116500854492,1.0,777.0,591.75,0.0,1546.0,0.0,1500.0,-5.381796681508935e-11
1781701475505976490,11.163333198,-1.8024270439857535,-0.1408273491176074,0.0,36.04854087971507,-3.108271657711546,-8.465116500854492,1.0,777.0,591.75,0.0,1546.0,0.0,1500.0,-5.381796681508935e-11
1781701475505987911,11.163344619,-1.8024270439857535,-0.1408273491176074,0.0,36.04854087971507,-3.108271657711546,-8.465116500854492,1.0,777.0,591.75,0.0,1546.0,0.0,1500.0,-5.381796681508935e-11
1781701475506024170,11.163380878,-1.8024270439857535,-0.1408273491176074,0.0,36.04854087971507,-3.108271657711546,-8.465116500854492,1.0,777.0,591.75,0.0,1546.0,0.0,1500.0,-5.381796681508935e-11
1781701475506052784,11.163409492,-1.8024270439857535,-0.1408273491176074,0.0,36.04854087971507,-3.108271657711546,-8.465116500854492,1.0,777.0,591.75,0.0,1546.0,0.0,1500.0,-3.498167842980808e-11
1781701475506116354,11.163473062,-1.8024270439857535,-0.1408273491176074,0.0,36.04854087971507,-3.108271657711546,-8.465116500854492,1.0,777.0,591.75,0.0,1546.0,0.0,1500.0,-3.498167842980808e-11
1781701475506198529,11.163555237,-1.8024270439857535,-0.1408273491176074,0.0,36.04854087971507,-3.108271657711546,-8.465116500854492,1.0,777.0,591.75,0.0,1546.0,0.0,1500.0,-3.498167842980808e-11
1781701475506218637,11.163575345,-1.8024270439857535,-0.1408273491176074,0.0,36.04854087971507,-3.108271657711546,-8.465116500854492,1.0,777.0,591.75,0.0,1546.0,0.0,1500.0,-3.498167842980808e-11
1781701475506232994,11.163589702,-1.8024270439857535,-0.1408273491176074,0.0,36.04854087971507,-3.108271657711546,-8.465116500854492,1.0,777.0,591.75,0.0,1546.0,0.0,1500.0,-3.498167842980808e-11
1781701475506265055,11.163621763,-1.8024270439857535,-0.1408273491176074,0.0,36.04854087971507,-3.108271657711546,-8.465116500854492,1.0,777.0,591.75,0.0,1546.0,0.0,1500.0,-3.498167842980808e-11
1781701475552943721,11.210300429,-1.8024270439857535,-0.1408273491176074,0.0,36.04854087971507,-3.108271657711546,-8.465116500854492,1.0,777.0,591.75,0.0,1546.0,0.0,1500.0,-3.498167842980808e-11
1781701475552990289,11.210346997,-1.8024270439857535,-0.1408273491176074,0.0,36.04854087971507,-3.108271657711546,-8.465116500854492,1.0,777.0,591.75,0.0,1546.0,0.0,1500.0,-3.498167842980808e-11
1781701475552995508,11.210352216,-1.8024270439857535,-0.1408273491176074,0.0,36.04854087971507,-3.108271657711546,-8.465116500854492,1.0,777.0,591.75,0.0,1546.0,0.0,1500.0,-3.498167842980808e-11
1781701475553001620,11.210358328,-1.8024270439857535,-0.1408273491176074,0.0,36.04854087971507,-3.108271657711546,-8.465116500854492,1.0,777.0,591.75,0.0,1546.0,0.0,1500.0,-3.498167842980808e-11
1781701475553006790,11.210363498,-1.8024270439857535,-0.1408273491176074,0.0,36.04854087971507,-3.108271657711546,-8.465116500854492,1.0,777.0,591.75,0.0,1546.0,0.0,1500.0,-3.498167842980808e-11
1781701475553010547,11.210367255,-1.8024270439857535,-0.1408273491176074,0.0,36.04854087971507,-3.108271657711546,-8.465116500854492,1.0,777.0,591.75,0.0,1546.0,0.0,1500.0,-3.498167842980808e-11
1781701475553022600,11.210379308,-1.8024270439857535,-0.1408273491176074,0.0,36.04854087971507,-3.108271657711546,-8.465116500854492,1.0,777.0,591.75,0.0,1546.0,0.0,1500.0,-3.498167842980808e-11
1781701475553027839,11.210384547,-1.8024270439857535,-0.1408273491176074,0.0,36.04854087971507,-3.108271657711546,-8.465116500854492,1.0,777.0,591.75,0.0,1546.0,0.0,1500.0,-2.273809097937525e-11
1781701475553031817,11.210388525,-1.8024270439857535,-0.1408273491176074,0.0,36.04854087971507,-3.108271657711546,-8.465116500854492,1.0,777.0,591.75,0.0,1546.0,0.0,1500.0,-2.273809097937525e-11
1781701475553040033,11.210396741,-1.8024270439857535,-0.1408273491176074,0.0,36.04854087971507,-3.108271657711546,-8.465116500854492,1.0,777.0,591.75,0.0,1546.0,0.0,1500.0,-2.273809097937525e-11
1781701475553095998,11.210452706,-1.8024270439857535,-0.1408273491176074,0.0,36.04854087971507,-3.108271657711546,-8.465116500854492,1.0,777.0,591.75,0.0,1546.0,0.0,1500.0,-2.273809097937525e-11
1781701475553106288,11.210462996,-1.8024270439857535,-0.1408273491176074,0.0,36.04854087971507,-3.108271657711546,-8.465116500854492,1.0,777.0,591.75,0.0,1546.0,0.0,1500.0,-2.273809097937525e-11
1781701475553128840,11.210485548,-1.8024270439857535,-0.1408273491176074,0.0,36.04854087971507,-3.108271657711546,-8.465116500854492,1.0,777.0,591.75,0.0,1546.0,0.0,1500.0,-2.273809097937525e-11
1781701475553163335,11.210520043,-1.8024270439857535,-0.1408273491176074,0.0,36.04854087971507,-3.108271657711546,-8.465116500854492,1.0,777.0,591.75,0.0,1546.0,0.0,1500.0,-2.273809097937525e-11
1781701475585961819,11.243318527,-1.8024270439857535,-0.1408273491176074,0.0,36.04854087971507,-3.108271657711546,-8.465116500854492,1.0,777.0,591.75,0.0,1546.0,0.0,1500.0,-2.273809097937525e-11
1781701475586009699,11.243366407,-1.8024270439857535,-0.1408273491176074,0.0,36.04854087971507,-3.108271657711546,-8.465116500854492,1.0,777.0,591.75,0.0,1546.0,0.0,1500.0,-2.273809097937525e-11
1781701475586016201,11.243372909,-1.8024270439857535,-0.1408273491176074,0.0,36.04854087971507,-3.108271657711546,-8.465116500854492,1.0,777.0,591.75,0.0,1546.0,0.0,1500.0,-2.273809097937525e-11
1781701475586021191,11.243377899,-1.8024270439857535,-0.1408273491176074,0.0,36.04854087971507,-3.108271657711546,-8.465116500854492,1.0,777.0,591.75,0.0,1546.0,0.0,1500.0,-2.273809097937525e-11
1781701475586024988,11.243381696,-1.8024270439857535,-0.1408273491176074,0.0,36.04854087971507,-3.108271657711546,-8.465116500854492,1.0,777.0,591.75,0.0,1546.0,0.0,1500.0,-2.273809097937525e-11
1781701475586027533,11.243384241,-1.8024270439857535,-0.1408273491176074,0.0,36.04854087971507,-3.108271657711546,-8.465116500854492,1.0,777.0,591.75,0.0,1546.0,0.0,1500.0,-2.273809097937525e-11
1781701475586035879,11.243392587,-1.8024270439857535,-0.1408273491176074,0.0,36.04854087971507,-3.108271657711546,-8.465116500854492,1.0,777.0,591.75,0.0,1546.0,0.0,1500.0,-2.273809097937525e-11
1781701475586049725,11.243406433,-1.8024270439857535,-0.1408273491176074,0.0,36.04854087971507,-3.108271657711546,-8.465116500854492,1.0,777.0,591.75,0.0,1546.0,0.0,1500.0,-2.273809097937525e-11
1781701475586063761,11.243420469,-1.8024270439857535,-0.1408273491176074,0.0,36.04854087971507,-3.108271657711546,-8.465116500854492,1.0,777.0,591.75,0.0,1546.0,0.0,1500.0,-1.4779759136593914e-11
1781701475586084480,11.243441188,-1.8024270439857535,-0.1408273491176074,0.0,36.04854087971507,-3.108271657711546,-8.465116500854492,1.0,777.0,591.75,0.0,1546.0,0.0,1500.0,-1.4779759136593914e-11
1781701475586148762,11.24350547,-1.8024270439857535,-0.1408273491176074,0.0,36.04854087971507,-3.108271657711546,-8.465116500854492,1.0,777.0,591.75,0.0,1546.0,0.0,1500.0,-1.4779759136593914e-11
1781701475586169551,11.243526259,-1.8024270439857535,-0.1408273491176074,0.0,36.04854087971507,-3.108271657711546,-8.465116500854492,1.0,777.0,591.75,0.0,1546.0,0.0,1500.0,-1.4779759136593914e-11
1781701475586194528,11.243551236,-1.8024270439857535,-0.1408273491176074,0.0,36.04854087971507,-3.108271657711546,-8.465116500854492,1.0,777.0,591.75,0.0,1546.0,0.0,1500.0,-1.4779759136593914e-11
1781701475586237720,11.243594428,-1.8024270439857535,-0.1408273491176074,0.0,36.04854087971507,-3.108271657711546,-8.465116500854492,1.0,777.0,591.75,0.0,1546.0,0.0,1500.0,-1.4779759136593914e-11
1781701475642946344,11.300303052,-1.8024270439857535,-0.1408273491176074,0.0,36.04854087971507,-3.108271657711546,-8.465116500854492,1.0,777.0,591.75,0.0,1546.0,0.0,1500.0,-1.4779759136593914e-11
1781701475643015846,11.300372554,-1.8024270439857535,-0.1408273491176074,0.0,36.04854087971507,-3.108271657711546,-8.465116500854492,1.0,777.0,591.75,0.0,1546.0,0.0,1500.0,-1.4779759136593914e-11
1781701475643025835,11.300382543,-1.8024270439857535,-0.1408273491176074,0.0,36.04854087971507,-3.108271657711546,-8.465116500854492,1.0,777.0,591.75,0.0,1546.0,0.0,1500.0,-1.4779759136593914e-11
1781701475643031245,11.300387953,-1.8024270439857535,-0.1408273491176074,0.0,36.04854087971507,-3.108271657711546,-8.465116500854492,1.0,777.0,591.75,0.0,1546.0,0.0,1500.0,-1.4779759136593914e-11
1781701475643037517,11.300394225,-1.8024270439857535,-0.1408273491176074,0.0,36.04854087971507,-3.108271657711546,-8.465116500854492,1.0,777.0,591.75,0.0,1546.0,0.0,1500.0,-1.4779759136593914e-11
1781701475643041264,11.300397972,-1.8024270439857535,-0.1408273491176074,0.0,36.04854087971507,-3.108271657711546,-8.465116500854492,1.0,777.0,591.75,0.0,1546.0,0.0,1500.0,-1.4779759136593914e-11
1781701475643046453,11.300403161,-1.8024270439857535,-0.1408273491176074,0.0,36.04854087971507,-3.108271657711546,-8.465116500854492,1.0,777.0,591.75,0.0,1546.0,0.0,1500.0,-1.4779759136593914e-11
1781701475643049529,11.300406237,-1.8024270439857535,-0.1408273491176074,0.0,36.04854087971507,-3.108271657711546,-8.465116500854492,1.0,777.0,591.75,0.0,1546.0,0.0,1500.0,-1.4779759136593914e-11
1781701475643059127,11.300415835,-1.8024270439857535,-0.1408273491176074,0.0,36.04854087971507,-3.108271657711546,-8.465116500854492,1.0,777.0,591.75,0.0,1546.0,0.0,1500.0,-9.606843438786045e-12
1781701475643061853,11.300418561,-1.8024270439857535,-0.1408273491176074,0.0,36.04854087971507,-3.108271657711546,-8.465116500854492,1.0,777.0,591.75,0.0,1546.0,0.0,1500.0,-9.606843438786045e-12
1781701475643130462,11.30048717,-1.8024270439857535,-0.1408273491176074,0.0,36.04854087971507,-3.108271657711546,-8.465116500854492,1.0,777.0,591.75,0.0,1546.0,0.0,1500.0,-9.606843438786045e-12
1781701475643147955,11.300504663,-1.8024270439857535,-0.1408273491176074,0.0,36.04854087971507,-3.108271657711546,-8.465116500854492,1.0,777.0,591.75,0.0,1546.0,0.0,1500.0,-9.606843438786045e-12
1781701475643152594,11.300509302,-1.8024270439857535,-0.1408273491176074,0.0,36.04854087971507,-3.108271657711546,-8.465116500854492,1.0,777.0,591.75,0.0,1546.0,0.0,1500.0,-9.606843438786045e-12
1781701475643181759,11.300538467,-1.8024270439857535,-0.1408273491176074,0.0,36.04854087971507,-3.108271657711546,-8.465116500854492,1.0,777.0,591.75,0.0,1546.0,0.0,1500.0,-9.606843438786045e-12
1781701475683674589,11.341031297,-1.8024270439857535,-0.1408273491176074,0.0,36.04854087971507,-3.108271657711546,-8.465116500854492,1.0,777.0,591.75,0.0,1546.0,0.0,1500.0,-9.606843438786045e-12
1781701475683714654,11.341071362,-1.8024270439857535,-0.1408273491176074,0.0,36.04854087971507,-3.108271657711546,-8.465116500854492,1.0,777.0,591.75,0.0,1546.0,0.0,1500.0,-9.606843438786045e-12
1781701475683718021,11.341074729,-1.8024270439857535,-0.1408273491176074,0.0,36.04854087971507,-3.108271657711546,-8.465116500854492,1.0,777.0,591.75,0.0,1546.0,0.0,1500.0,-9.606843438786045e-12
1781701475683721126,11.341077834,-1.8024270439857535,-0.1408273491176074,0.0,36.04854087971507,-3.108271657711546,-8.465116500854492,1.0,777.0,591.75,0.0,1546.0,0.0,1500.0,-9.606843438786045e-12
1781701475683724623,11.341081331,-1.8024270439857535,-0.1408273491176074,0.0,36.04854087971507,-3.108271657711546,-8.465116500854492,1.0,777.0,591.75,0.0,1546.0,0.0,1500.0,-9.606843438786045e-12
1781701475683727098,11.341083806,-1.8024270439857535,-0.1408273491176074,0.0,36.04854087971507,-3.108271657711546,-8.465116500854492,1.0,777.0,591.75,0.0,1546.0,0.0,1500.0,-9.606843438786045e-12
1781701475683733901,11.341090609,-1.8024270439857535,-0.1408273491176074,0.0,36.04854087971507,-3.108271657711546,-8.465116500854492,1.0,777.0,591.75,0.0,1546.0,0.0,1500.0,-9.606843438786045e-12
1781701475683736475,11.341093183,-1.8024270439857535,-0.1408273491176074,0.0,36.04854087971507,-3.108271657711546,-8.465116500854492,1.0,777.0,591.75,0.0,1546.0,0.0,1500.0,-9.606843438786045e-12
1781701475683746324,11.341103032,-1.8024270439857535,-0.1408273491176074,0.0,36.04854087971507,-3.108271657711546,-8.465116500854492,1.0,777.0,591.75,0.0,1546.0,0.0,1500.0,-6.244448235210929e-12
1781701475683768947,11.341125655,-1.8024270439857535,-0.1408273491176074,0.0,36.04854087971507,-3.108271657711546,-8.465116500854492,1.0,777.0,591.75,0.0,1546.0,0.0,1500.0,-6.244448235210929e-12
1781701475683827387,11.341184095,-1.8024270439857535,-0.1408273491176074,0.0,36.04854087971507,-3.108271657711546,-8.465116500854492,1.0,777.0,591.75,0.0,1546.0,0.0,1500.0,-6.244448235210929e-12
1781701475683833549,11.341190257,-1.8024270439857535,-0.1408273491176074,0.0,36.04854087971507,-3.108271657711546,-8.465116500854492,1.0,777.0,591.75,0.0,1546.0,0.0,1500.0,-6.244448235210929e-12
1781701475683852445,11.341209153,-1.8024270439857535,-0.1408273491176074,0.0,36.04854087971507,-3.108271657711546,-8.465116500854492,1.0,777.0,591.75,0.0,1546.0,0.0,1500.0,-6.244448235210929e-12
1781701475683890547,11.341247255,-1.8024270439857535,-0.1408273491176074,0.0,36.04854087971507,-3.108271657711546,-8.465116500854492,1.0,777.0,591.75,0.0,1546.0,0.0,1500.0,-6.244448235210929e-12
1781701475723467165,11.380823873,-1.8024270439857535,-0.1408273491176074,0.0,36.04854087971507,-3.108271657711546,-8.465116500854492,1.0,777.0,591.75,0.0,1546.0,0.0,1500.0,-6.244448235210929e-12
1781701475723503133,11.380859841,-1.8024270439857535,-0.1408273491176074,0.0,36.04854087971507,-3.108271657711546,-8.465116500854492,1.0,777.0,591.75,0.0,1546.0,0.0,1500.0,-6.244448235210929e-12
1781701475723507381,11.380864089,-1.8024270439857535,-0.1408273491176074,0.0,36.04854087971507,-3.108271657711546,-8.465116500854492,1.0,777.0,591.75,0.0,1546.0,0.0,1500.0,-6.244448235210929e-12
1781701475723510557,11.380867265,-1.8024270439857535,-0.1408273491176074,0.0,36.04854087971507,-3.108271657711546,-8.465116500854492,1.0,777.0,591.75,0.0,1546.0,0.0,1500.0,-6.244448235210929e-12
1781701475723513302,11.38087001,-1.8024270439857535,-0.1408273491176074,0.0,36.04854087971507,-3.108271657711546,-8.465116500854492,1.0,777.0,591.75,0.0,1546.0,0.0,1500.0,-6.244448235210929e-12
1781701475723515496,11.380872204,-1.8024270439857535,-0.1408273491176074,0.0,36.04854087971507,-3.108271657711546,-8.465116500854492,1.0,777.0,591.75,0.0,1546.0,0.0,1500.0,-6.244448235210929e-12
1781701475723521618,11.380878326,-1.8024270439857535,-0.1408273491176074,0.0,36.04854087971507,-3.108271657711546,-8.465116500854492,1.0,777.0,591.75,0.0,1546.0,0.0,1500.0,-6.244448235210929e-12
1781701475723539412,11.38089612,-1.8024270439857535,-0.1408273491176074,0.0,36.04854087971507,-3.108271657711546,-8.465116500854492,1.0,777.0,591.75,0.0,1546.0,0.0,1500.0,-6.244448235210929e-12
1781701475723552606,11.380909314,-1.8024270439857535,-0.1408273491176074,0.0,36.04854087971507,-3.108271657711546,-8.465116500854492,1.0,777.0,591.75,0.0,1546.0,0.0,1500.0,-4.058891352887104e-12
1781701475723568006,11.380924714,-1.8024270439857535,-0.1408273491176074,0.0,36.04854087971507,-3.108271657711546,-8.465116500854492,1.0,777.0,591.75,0.0,1546.0,0.0,1500.0,-4.058891352887104e-12
1781701475723621897,11.380978605,-1.8024270439857535,-0.1408273491176074,0.0,36.04854087971507,-3.108271657711546,-8.465116500854492,1.0,777.0,591.75,0.0,1546.0,0.0,1500.0,-4.058891352887104e-12
1781701475723640162,11.38099687,-1.8024270439857535,-0.1408273491176074,0.0,36.04854087971507,-3.108271657711546,-8.465116500854492,1.0,777.0,591.75,0.0,1546.0,0.0,1500.0,-4.058891352887104e-12
1781701475723658166,11.381014874,-1.8024270439857535,-0.1408273491176074,0.0,36.04854087971507,-3.108271657711546,-8.465116500854492,1.0,777.0,591.75,0.0,1546.0,0.0,1500.0,-4.058891352887104e-12
1781701475723696759,11.381053467,-1.8024270439857535,-0.1408273491176074,0.0,36.04854087971507,-3.108271657711546,-8.465116500854492,1.0,777.0,591.75,0.0,1546.0,0.0,1500.0,-4.058891352887104e-12
1781701475769214090,11.426570798,-1.8024270439857535,-0.1408273491176074,0.0,36.04854087971507,-3.108271657711546,-8.465116500854492,1.0,777.0,591.75,0.0,1546.0,0.0,1500.0,-4.058891352887104e-12
1781701475769249297,11.426606005,-1.8024270439857535,-0.1408273491176074,0.0,36.04854087971507,-3.108271657711546,-8.465116500854492,1.0,777.0,591.75,0.0,1546.0,0.0,1500.0,-4.058891352887104e-12
1781701475769254046,11.426610754,-1.8024270439857535,-0.1408273491176074,0.0,36.04854087971507,-3.108271657711546,-8.465116500854492,1.0,777.0,591.75,0.0,1546.0,0.0,1500.0,-4.058891352887104e-12
1781701475769257522,11.42661423,-1.8024270439857535,-0.1408273491176074,0.0,36.04854087971507,-3.108271657711546,-8.465116500854492,1.0,777.0,591.75,0.0,1546.0,0.0,1500.0,-4.058891352887104e-12
1781701475769260017,11.426616725,-1.8024270439857535,-0.1408273491176074,0.0,36.04854087971507,-3.108271657711546,-8.465116500854492,1.0,777.0,591.75,0.0,1546.0,0.0,1500.0,-4.058891352887104e-12
1781701475769267091,11.426623799,-1.8024270439857535,-0.1408273491176074,0.0,36.04854087971507,-3.108271657711546,-8.465116500854492,1.0,777.0,591.75,0.0,1546.0,0.0,1500.0,-4.058891352887104e-12
1781701475769292128,11.426648836,-1.8024270439857535,-0.1408273491176074,0.0,36.04854087971507,-3.108271657711546,-8.465116500854492,1.0,777.0,591.75,0.0,1546.0,0.0,1500.0,-4.058891352887104e-12
1781701475769302618,11.426659326,-1.8024270439857535,-0.1408273491176074,0.0,36.04854087971507,-3.108271657711546,-8.465116500854492,1.0,777.0,591.75,0.0,1546.0,0.0,1500.0,-4.058891352887104e-12
1781701475769322285,11.426678993,-1.8024270439857535,-0.1408273491176074,0.0,36.04854087971507,-3.108271657711546,-8.465116500854492,1.0,777.0,591.75,0.0,1546.0,0.0,1500.0,-2.638279379376618e-12
1781701475769338175,11.426694883,-1.8024270439857535,-0.1408273491176074,0.0,36.04854087971507,-3.108271657711546,-8.465116500854492,1.0,777.0,591.75,0.0,1546.0,0.0,1500.0,-2.638279379376618e-12
1781701475769429718,11.426786426,-1.8024270439857535,-0.1408273491176074,0.0,36.04854087971507,-3.108271657711546,-8.465116500854492,1.0,777.0,591.75,0.0,1546.0,0.0,1500.0,-2.638279379376618e-12
1781701475769456398,11.426813106,-1.8024270439857535,-0.1408273491176074,0.0,36.04854087971507,-3.108271657711546,-8.465116500854492,1.0,777.0,591.75,0.0,1546.0,0.0,1500.0,-2.638279379376618e-12
1781701475769487216,11.426843924,-1.8024270439857535,-0.1408273491176074,0.0,36.04854087971507,-3.108271657711546,-8.465116500854492,1.0,777.0,591.75,0.0,1546.0,0.0,1500.0,-2.638279379376618e-12
1781701475769543463,11.426900171,-1.8024270439857535,-0.1408273491176074,0.0,36.04854087971507,-3.108271657711546,-8.465116500854492,1.0,777.0,591.75,0.0,1546.0,0.0,1500.0,-2.638279379376618e-12
1781701475811239686,11.468596394,-1.8024270439857535,-0.1408273491176074,0.0,36.04854087971507,-3.108271657711546,-8.465116500854492,1.0,777.0,591.75,0.0,1546.0,0.0,1500.0,-2.638279379376618e-12
1781701475811274622,11.46863133,-1.8024270439857535,-0.1408273491176074,0.0,36.04854087971507,-3.108271657711546,-8.465116500854492,1.0,777.0,591.75,0.0,1546.0,0.0,1500.0,-2.638279379376618e-12
1781701475811278128,11.468634836,-1.8024270439857535,-0.1408273491176074,0.0,36.04854087971507,-3.108271657711546,-8.465116500854492,1.0,777.0,591.75,0.0,1546.0,0.0,1500.0,-2.638279379376618e-12
1781701475811281635,11.468638343,-1.8024270439857535,-0.1408273491176074,0.0,36.04854087971507,-3.108271657711546,-8.465116500854492,1.0,777.0,591.75,0.0,1546.0,0.0,1500.0,-2.638279379376618e-12
1781701475811284490,11.468641198,-1.8024270439857535,-0.1408273491176074,0.0,36.04854087971507,-3.108271657711546,-8.465116500854492,1.0,777.0,591.75,0.0,1546.0,0.0,1500.0,-2.638279379376618e-12
1781701475811286855,11.468643563,-1.8024270439857535,-0.1408273491176074,0.0,36.04854087971507,-3.108271657711546,-8.465116500854492,1.0,777.0,591.75,0.0,1546.0,0.0,1500.0,-2.638279379376618e-12
1781701475811294169,11.468650877,-1.8024270439857535,-0.1408273491176074,0.0,36.04854087971507,-3.108271657711546,-8.465116500854492,1.0,777.0,591.75,0.0,1546.0,0.0,1500.0,-2.638279379376618e-12
1781701475811304789,11.468661497,-1.8024270439857535,-0.1408273491176074,0.0,36.04854087971507,-3.108271657711546,-8.465116500854492,1.0,777.0,591.75,0.0,1546.0,0.0,1500.0,-2.638279379376618e-12
1781701475811323073,11.468679781,-1.8024270439857535,-0.1408273491176074,0.0,36.04854087971507,-3.108271657711546,-8.465116500854492,1.0,777.0,591.75,0.0,1546.0,0.0,1500.0,-1.7148815965948017e-12
1781701475811334164,11.468690872,-1.8024270439857535,-0.1408273491176074,0.0,36.04854087971507,-3.108271657711546,-8.465116500854492,1.0,777.0,591.75,0.0,1546.0,0.0,1500.0,-1.7148815965948017e-12
1781701475811397043,11.468753751,-1.8024270439857535,-0.1408273491176074,0.0,36.04854087971507,-3.108271657711546,-8.465116500854492,1.0,777.0,591.75,0.0,1546.0,0.0,1500.0,-1.7148815965948017e-12
1781701475811413835,11.468770543,-1.8024270439857535,-0.1408273491176074,0.0,36.04854087971507,-3.108271657711546,-8.465116500854492,1.0,777.0,591.75,0.0,1546.0,0.0,1500.0,-1.7148815965948017e-12
1781701475811438772,11.46879548,-1.8024270439857535,-0.1408273491176074,0.0,36.04854087971507,-3.108271657711546,-8.465116500854492,1.0,777.0,591.75,0.0,1546.0,0.0,1500.0,-1.7148815965948017e-12
1781701475811479168,11.468835876,-1.8024270439857535,-0.1408273491176074,0.0,36.04854087971507,-3.108271657711546,-8.465116500854492,1.0,777.0,591.75,0.0,1546.0,0.0,1500.0,-1.7148815965948017e-12
1781701475881144320,11.538501028,-1.8024270439857535,-0.1408273491176074,0.0,36.04854087971507,-3.108271657711546,-8.465116500854492,1.0,777.0,591.75,0.0,1546.0,0.0,1500.0,-1.7148815965948017e-12
1781701475881201318,11.538558026,-1.8024270439857535,-0.1408273491176074,0.0,36.04854087971507,-3.108271657711546,-8.465116500854492,1.0,777.0,591.75,0.0,1546.0,0.0,1500.0,-1.7148815965948017e-12
1781701475881210275,11.538566983,-1.8024270439857535,-0.1408273491176074,0.0,36.04854087971507,-3.108271657711546,-8.465116500854492,1.0,777.0,591.75,0.0,1546.0,0.0,1500.0,-1.7148815965948017e-12
1781701475881215925,11.538572633,-1.8024270439857535,-0.1408273491176074,0.0,36.04854087971507,-3.108271657711546,-8.465116500854492,1.0,777.0,591.75,0.0,1546.0,0.0,1500.0,-1.7148815965948017e-12
1781701475881222057,11.538578765,-1.8024270439857535,-0.1408273491176074,0.0,36.04854087971507,-3.108271657711546,-8.465116500854492,1.0,777.0,591.75,0.0,1546.0,0.0,1500.0,-1.7148815965948017e-12
1781701475881226165,11.538582873,-1.8024270439857535,-0.1408273491176074,0.0,36.04854087971507,-3.108271657711546,-8.465116500854492,1.0,777.0,591.75,0.0,1546.0,0.0,1500.0,-1.7148815965948017e-12
1781701475881229561,11.538586269,-1.8024270439857535,-0.1408273491176074,0.0,36.04854087971507,-3.108271657711546,-8.465116500854492,1.0,777.0,591.75,0.0,1546.0,0.0,1500.0,-1.7148815965948017e-12
1781701475881232637,11.538589345,-1.8024270439857535,-0.1408273491176074,0.0,36.04854087971507,-3.108271657711546,-8.465116500854492,1.0,777.0,591.75,0.0,1546.0,0.0,1500.0,-1.7148815965948017e-12
1781701475881241033,11.538597741,-1.8024270439857535,-0.1408273491176074,0.0,36.04854087971507,-3.108271657711546,-8.465116500854492,1.0,777.0,591.75,0.0,1546.0,0.0,1500.0,-1.1146730377866212e-12
1781701475881244419,11.538601127,-1.8024270439857535,-0.1408273491176074,0.0,36.04854087971507,-3.108271657711546,-8.465116500854492,1.0,777.0,591.75,0.0,1546.0,0.0,1500.0,-1.1146730377866212e-12
1781701475881293782,11.53865049,-1.8024270439857535,-0.1408273491176074,0.0,36.04854087971507,-3.108271657711546,-8.465116500854492,1.0,777.0,591.75,0.0,1546.0,0.0,1500.0,-1.1146730377866212e-12
1781701475881306987,11.538663695,-1.8024270439857535,-0.1408273491176074,0.0,36.04854087971507,-3.108271657711546,-8.465116500854492,1.0,777.0,591.75,0.0,1546.0,0.0,1500.0,-1.1146730377866212e-12
1781701475881317748,11.538674456,-1.8024270439857535,-0.1408273491176074,0.0,36.04854087971507,-3.108271657711546,-8.465116500854492,1.0,777.0,591.75,0.0,1546.0,0.0,1500.0,-1.1146730377866212e-12
1781701475881355509,11.538712217,-1.8024270439857535,-0.1408273491176074,0.0,36.04854087971507,-3.108271657711546,-8.465116500854492,1.0,777.0,591.75,0.0,1546.0,0.0,1500.0,-1.1146730377866212e-12
1781701475914641593,11.571998301,-1.8024270439857535,-0.1408273491176074,0.0,36.04854087971507,-3.108271657711546,-8.465116500854492,1.0,777.0,591.75,0.0,1546.0,0.0,1500.0,-1.1146730377866212e-12
1781701475914690055,11.572046763,-1.8024270439857535,-0.1408273491176074,0.0,36.04854087971507,-3.108271657711546,-8.465116500854492,1.0,777.0,591.75,0.0,1546.0,0.0,1500.0,-1.1146730377866212e-12
1781701475914696226,11.572052934,-1.8024270439857535,-0.1408273491176074,0.0,36.04854087971507,-3.108271657711546,-8.465116500854492,1.0,777.0,591.75,0.0,1546.0,0.0,1500.0,-1.1146730377866212e-12
1781701475914700284,11.572056992,-1.8024270439857535,-0.1408273491176074,0.0,36.04854087971507,-3.108271657711546,-8.465116500854492,1.0,777.0,591.75,0.0,1546.0,0.0,1500.0,-1.1146730377866212e-12
1781701475914705574,11.572062282,-1.8024270439857535,-0.1408273491176074,0.0,36.04854087971507,-3.108271657711546,-8.465116500854492,1.0,777.0,591.75,0.0,1546.0,0.0,1500.0,-1.1146730377866212e-12
1781701475914710313,11.572067021,-1.8024270439857535,-0.1408273491176074,0.0,36.04854087971507,-3.108271657711546,-8.465116500854492,1.0,777.0,591.75,0.0,1546.0,0.0,1500.0,-1.1146730377866212e-12
1781701475914714962,11.57207167,-1.8024270439857535,-0.1408273491176074,0.0,36.04854087971507,-3.108271657711546,-8.465116500854492,1.0,777.0,591.75,0.0,1546.0,0.0,1500.0,-1.1146730377866212e-12
1781701475914726644,11.572083352,-1.8024270439857535,-0.1408273491176074,0.0,36.04854087971507,-3.108271657711546,-8.465116500854492,1.0,777.0,591.75,0.0,1546.0,0.0,1500.0,-7.245374745613038e-13
1781701475914729419,11.572086127,-1.8024270439857535,-0.1408273491176074,0.0,36.04854087971507,-3.108271657711546,-8.465116500854492,1.0,777.0,591.75,0.0,1546.0,0.0,1500.0,-7.245374745613038e-13
1781701475914736192,11.5720929,-1.8024270439857535,-0.1408273491176074,0.0,36.04854087971507,-3.108271657711546,-8.465116500854492,1.0,777.0,591.75,0.0,1546.0,0.0,1500.0,-7.245374745613038e-13
1781701475914809380,11.572166088,-1.8024270439857535,-0.1408273491176074,0.0,36.04854087971507,-3.108271657711546,-8.465116500854492,1.0,777.0,591.75,0.0,1546.0,0.0,1500.0,-7.245374745613038e-13
1781701475914820652,11.57217736,-1.8024270439857535,-0.1408273491176074,0.0,36.04854087971507,-3.108271657711546,-8.465116500854492,1.0,777.0,591.75,0.0,1546.0,0.0,1500.0,-7.245374745613038e-13
1781701475914836642,11.57219335,-1.8024270439857535,-0.1408273491176074,0.0,36.04854087971507,-3.108271657711546,-8.465116500854492,1.0,777.0,591.75,0.0,1546.0,0.0,1500.0,-7.245374745613038e-13
1781701475914890203,11.572246911,-1.8024270439857535,-0.1408273491176074,0.0,36.04854087971507,-3.108271657711546,-8.465116500854492,1.0,777.0,591.75,0.0,1546.0,0.0,1500.0,-7.245374745613038e-13
1781701475978974191,11.636330899,-1.8024270439857535,-0.1408273491176074,0.0,36.04854087971507,-3.108271657711546,-8.465116500854492,1.0,777.0,591.75,0.0,1546.0,0.0,1500.0,-7.245374745613038e-13
1781701475979023374,11.636380082,-1.8024270439857535,-0.1408273491176074,0.0,36.04854087971507,-3.108271657711546,-8.465116500854492,1.0,777.0,591.75,0.0,1546.0,0.0,1500.0,-7.245374745613038e-13
1781701475979028594,11.636385302,-1.8024270439857535,-0.1408273491176074,0.0,36.04854087971507,-3.108271657711546,-8.465116500854492,1.0,777.0,591.75,0.0,1546.0,0.0,1500.0,-7.245374745613038e-13
1781701475979034074,11.636390782,-1.8024270439857535,-0.1408273491176074,0.0,36.04854087971507,-3.108271657711546,-8.465116500854492,1.0,777.0,591.75,0.0,1546.0,0.0,1500.0,-7.245374745613038e-13
1781701475979041488,11.636398196,-1.8024270439857535,-0.1408273491176074,0.0,36.04854087971507,-3.108271657711546,-8.465116500854492,1.0,777.0,591.75,0.0,1546.0,0.0,1500.0,-7.245374745613038e-13
1781701475979045937,11.636402645,-1.8024270439857535,-0.1408273491176074,0.0,36.04854087971507,-3.108271657711546,-8.465116500854492,1.0,777.0,591.75,0.0,1546.0,0.0,1500.0,-7.245374745613038e-13
1781701475979058009,11.636414717,-1.8024270439857535,-0.1408273491176074,0.0,36.04854087971507,-3.108271657711546,-8.465116500854492,1.0,777.0,591.75,0.0,1546.0,0.0,1500.0,-7.245374745613038e-13
1781701475979061977,11.636418685,-1.8024270439857535,-0.1408273491176074,0.0,36.04854087971507,-3.108271657711546,-8.465116500854492,1.0,777.0,591.75,0.0,1546.0,0.0,1500.0,-4.709493584648474e-13
1781701475979067517,11.636424225,-1.8024270439857535,-0.1408273491176074,0.0,36.04854087971507,-3.108271657711546,-8.465116500854492,1.0,777.0,591.75,0.0,1546.0,0.0,1500.0,-4.709493584648474e-13
1781701475979077486,11.636434194,-1.8024270439857535,-0.1408273491176074,0.0,36.04854087971507,-3.108271657711546,-8.465116500854492,1.0,777.0,591.75,0.0,1546.0,0.0,1500.0,-4.709493584648474e-13
1781701475979141888,11.636498596,-1.8024270439857535,-0.1408273491176074,0.0,36.04854087971507,-3.108271657711546,-8.465116500854492,1.0,777.0,591.75,0.0,1546.0,0.0,1500.0,-4.709493584648474e-13
1781701475979151927,11.636508635,-1.8024270439857535,-0.1408273491176074,0.0,36.04854087971507,-3.108271657711546,-8.465116500854492,1.0,777.0,591.75,0.0,1546.0,0.0,1500.0,-4.709493584648474e-13
1781701475979167586,11.636524294,-1.8024270439857535,-0.1408273491176074,0.0,36.04854087971507,-3.108271657711546,-8.465116500854492,1.0,777.0,591.75,0.0,1546.0,0.0,1500.0,-4.709493584648474e-13
1781701475979211369,11.636568077,-1.8024270439857535,-0.1408273491176074,0.0,36.04854087971507,-3.108271657711546,-8.465116500854492,1.0,777.0,591.75,0.0,1546.0,0.0,1500.0,-4.709493584648474e-13
1781701476027423362,11.68478007,-1.8024270439857535,-0.1408273491176074,0.0,36.04854087971507,-3.108271657711546,-8.465116500854492,1.0,777.0,591.75,0.0,1546.0,0.0,1500.0,-4.709493584648474e-13
1781701476027463428,11.684820136,-1.8024270439857535,-0.1408273491176074,0.0,36.04854087971507,-3.108271657711546,-8.465116500854492,1.0,777.0,591.75,0.0,1546.0,0.0,1500.0,-4.709493584648474e-13
1781701476027469309,11.684826017,-1.8024270439857535,-0.1408273491176074,0.0,36.04854087971507,-3.108271657711546,-8.465116500854492,1.0,777.0,591.75,0.0,1546.0,0.0,1500.0,-4.709493584648474e-13
1781701476027473817,11.684830525,-1.8024270439857535,-0.1408273491176074,0.0,36.04854087971507,-3.108271657711546,-8.465116500854492,1.0,777.0,591.75,0.0,1546.0,0.0,1500.0,-4.709493584648474e-13
1781701476027477424,11.684834132,-1.8024270439857535,-0.1408273491176074,0.0,36.04854087971507,-3.108271657711546,-8.465116500854492,1.0,777.0,591.75,0.0,1546.0,0.0,1500.0,-4.709493584648474e-13
1781701476027486451,11.684843159,-1.8024270439857535,-0.1408273491176074,0.0,36.04854087971507,-3.108271657711546,-8.465116500854492,1.0,777.0,591.75,0.0,1546.0,0.0,1500.0,-4.709493584648474e-13
1781701476027501449,11.684858157,-1.8024270439857535,-0.1408273491176074,0.0,36.04854087971507,-3.108271657711546,-8.465116500854492,1.0,777.0,591.75,0.0,1546.0,0.0,1500.0,-4.709493584648474e-13
1781701476027516768,11.684873476,-1.8024270439857535,-0.1408273491176074,0.0,36.04854087971507,-3.108271657711546,-8.465116500854492,1.0,777.0,591.75,0.0,1546.0,0.0,1500.0,-4.709493584648474e-13
1781701476027532077,11.684888785,-1.8024270439857535,-0.1408273491176074,0.0,36.04854087971507,-3.108271657711546,-8.465116500854492,1.0,777.0,591.75,0.0,1546.0,0.0,1500.0,-3.0611708300215084e-13
1781701476027541926,11.684898634,-1.8024270439857535,-0.1408273491176074,0.0,36.04854087971507,-3.108271657711546,-8.465116500854492,1.0,777.0,591.75,0.0,1546.0,0.0,1500.0,-3.0611708300215084e-13
1781701476027601248,11.684957956,-1.8024270439857535,-0.1408273491176074,0.0,36.04854087971507,-3.108271657711546,-8.465116500854492,1.0,777.0,591.75,0.0,1546.0,0.0,1500.0,-3.0611708300215084e-13
1781701476027624031,11.684980739,-1.8024270439857535,-0.1408273491176074,0.0,36.04854087971507,-3.108271657711546,-8.465116500854492,1.0,777.0,591.75,0.0,1546.0,0.0,1500.0,-3.0611708300215084e-13
1781701476027648938,11.685005646,-1.8024270439857535,-0.1408273491176074,0.0,36.04854087971507,-3.108271657711546,-8.465116500854492,1.0,777.0,591.75,0.0,1546.0,0.0,1500.0,-3.0611708300215084e-13
1781701476027693532,11.68505024,-1.8024270439857535,-0.1408273491176074,0.0,36.04854087971507,-3.108271657711546,-8.465116500854492,1.0,777.0,591.75,0.0,1546.0,0.0,1500.0,-3.0611708300215084e-13
1781701476065603342,11.72296005,-1.8024270439857535,-0.1408273491176074,0.0,36.04854087971507,-3.108271657711546,-8.465116500854492,1.0,777.0,591.75,0.0,1546.0,0.0,1500.0,-3.0611708300215084e-13
1781701476065645051,11.723001759,-1.8024270439857535,-0.1408273491176074,0.0,36.04854087971507,-3.108271657711546,-8.465116500854492,1.0,777.0,591.75,0.0,1546.0,0.0,1500.0,-3.0611708300215084e-13
1781701476065651343,11.723008051,-1.8024270439857535,-0.1408273491176074,0.0,36.04854087971507,-3.108271657711546,-8.465116500854492,1.0,777.0,591.75,0.0,1546.0,0.0,1500.0,-3.0611708300215084e-13
1781701476065656051,11.723012759,-1.8024270439857535,-0.1408273491176074,0.0,36.04854087971507,-3.108271657711546,-8.465116500854492,1.0,777.0,591.75,0.0,1546.0,0.0,1500.0,-3.0611708300215084e-13
1781701476065660530,11.723017238,-1.8024270439857535,-0.1408273491176074,0.0,36.04854087971507,-3.108271657711546,-8.465116500854492,1.0,777.0,591.75,0.0,1546.0,0.0,1500.0,-3.0611708300215084e-13
1781701476065664127,11.723020835,-1.8024270439857535,-0.1408273491176074,0.0,36.04854087971507,-3.108271657711546,-8.465116500854492,1.0,777.0,591.75,0.0,1546.0,0.0,1500.0,-3.0611708300215084e-13
1781701476065676400,11.723033108,-1.8024270439857535,-0.1408273491176074,0.0,36.04854087971507,-3.108271657711546,-8.465116500854492,1.0,777.0,591.75,0.0,1546.0,0.0,1500.0,-3.0611708300215084e-13
1781701476065680538,11.723037246,-1.8024270439857535,-0.1408273491176074,0.0,36.04854087971507,-3.108271657711546,-8.465116500854492,1.0,777.0,591.75,0.0,1546.0,0.0,1500.0,-3.0611708300215084e-13
1781701476065690487,11.723047195,-1.8024270439857535,-0.1408273491176074,0.0,36.04854087971507,-3.108271657711546,-8.465116500854492,1.0,777.0,591.75,0.0,1546.0,0.0,1500.0,-1.9897610395139806e-13
1781701476065698562,11.72305527,-1.8024270439857535,-0.1408273491176074,0.0,36.04854087971507,-3.108271657711546,-8.465116500854492,1.0,777.0,591.75,0.0,1546.0,0.0,1500.0,-1.9897610395139806e-13
1781701476065749708,11.723106416,-1.8024270439857535,-0.1408273491176074,0.0,36.04854087971507,-3.108271657711546,-8.465116500854492,1.0,777.0,591.75,0.0,1546.0,0.0,1500.0,-1.9897610395139806e-13
1781701476065770718,11.723127426,-1.8024270439857535,-0.1408273491176074,0.0,36.04854087971507,-3.108271657711546,-8.465116500854492,1.0,777.0,591.75,0.0,1546.0,0.0,1500.0,-1.9897610395139806e-13
1781701476065798010,11.723154718,-1.8024270439857535,-0.1408273491176074,0.0,36.04854087971507,-3.108271657711546,-8.465116500854492,1.0,777.0,591.75,0.0,1546.0,0.0,1500.0,-1.9897610395139806e-13
1781701476065806396,11.723163104,-1.8024270439857535,-0.1408273491176074,0.0,36.04854087971507,-3.108271657711546,-8.465116500854492,1.0,777.0,591.75,0.0,1546.0,0.0,1500.0,-1.9897610395139806e-13
1781701476145936017,11.803292725,-1.8024270439857535,-0.1408273491176074,0.0,36.04854087971507,-3.108271657711546,-8.465116500854492,1.0,777.0,591.75,0.0,1546.0,0.0,1500.0,-1.9897610395139806e-13
1781701476146021749,11.803378457,-1.8024270439857535,-0.1408273491176074,0.0,36.04854087971507,-3.108271657711546,-8.465116500854492,1.0,777.0,591.75,0.0,1546.0,0.0,1500.0,-1.9897610395139806e-13
1781701476146030025,11.803386733,-1.8024270439857535,-0.1408273491176074,0.0,36.04854087971507,-3.108271657711546,-8.465116500854492,1.0,777.0,591.75,0.0,1546.0,0.0,1500.0,-1.2933446756840874e-13
1781701476146034984,11.803391692,-1.8024270439857535,-0.1408273491176074,0.0,36.04854087971507,-3.108271657711546,-8.465116500854492,1.0,777.0,591.75,0.0,1546.0,0.0,1500.0,-1.2933446756840874e-13
1781701476146039032,11.80339574,-1.8024270439857535,-0.1408273491176074,0.0,36.04854087971507,-3.108271657711546,-8.465116500854492,1.0,777.0,591.75,0.0,1546.0,0.0,1500.0,-1.2933446756840874e-13
1781701476146044452,11.80340116,-1.8024270439857535,-0.1408273491176074,0.0,36.04854087971507,-3.108271657711546,-8.465116500854492,1.0,777.0,591.75,0.0,1546.0,0.0,1500.0,-1.2933446756840874e-13
1781701476146048430,11.803405138,-1.8024270439857535,-0.1408273491176074,0.0,36.04854087971507,-3.108271657711546,-8.465116500854492,1.0,777.0,591.75,0.0,1546.0,0.0,1500.0,-1.2933446756840874e-13
1781701476146052307,11.803409015,-1.8024270439857535,-0.1408273491176074,0.0,36.04854087971507,-3.108271657711546,-8.465116500854492,1.0,777.0,591.75,0.0,1546.0,0.0,1500.0,-1.2933446756840874e-13
1781701476146055573,11.803412281,-1.8024270439857535,-0.1408273491176074,0.0,36.04854087971507,-3.108271657711546,-8.465116500854492,1.0,777.0,591.75,0.0,1546.0,0.0,1500.0,-1.2933446756840874e-13
1781701476146059371,11.803416079,-1.8024270439857535,-0.1408273491176074,0.0,36.04854087971507,-3.108271657711546,-8.465116500854492,1.0,777.0,591.75,0.0,1546.0,0.0,1500.0,-1.2933446756840874e-13
1781701476146100839,11.803457547,-1.8024270439857535,-0.1408273491176074,0.0,36.04854087971507,-3.108271657711546,-8.465116500854492,1.0,777.0,591.75,0.0,1546.0,0.0,1500.0,-1.2933446756840874e-13
1781701476146118302,11.80347501,-1.8024270439857535,-0.1408273491176074,0.0,36.04854087971507,-3.108271657711546,-8.465116500854492,1.0,777.0,591.75,0.0,1546.0,0.0,1500.0,-1.2933446756840874e-13
1781701476146143810,11.803500518,-1.8024270439857535,-0.1408273491176074,0.0,36.04854087971507,-3.108271657711546,-8.465116500854492,1.0,777.0,591.75,0.0,1546.0,0.0,1500.0,-1.2933446756840874e-13
1781701476146180880,11.803537588,-1.8024270439857535,-0.1408273491176074,0.0,36.04854087971507,-3.108271657711546,-8.465116500854492,1.0,777.0,591.75,0.0,1546.0,0.0,1500.0,-1.2933446756840874e-13
1781701476268536686,11.925893394,-1.8024270439857535,-0.1408273491176074,0.0,36.04854087971507,-3.108271657711546,-8.465116500854492,1.0,777.0,591.75,0.0,1546.0,0.0,1500.0,-1.2933446756840874e-13
1781701476268577273,11.925933981,-1.8024270439857535,-0.1408273491176074,0.0,36.04854087971507,-3.108271657711546,-8.465116500854492,1.0,777.0,591.75,0.0,1546.0,0.0,1500.0,-1.2933446756840874e-13
1781701476268582743,11.925939451,-1.8024270439857535,-0.1408273491176074,0.0,36.04854087971507,-3.108271657711546,-8.465116500854492,1.0,777.0,591.75,0.0,1546.0,0.0,1500.0,-1.2933446756840874e-13
1781701476268587563,11.925944271,-1.8024270439857535,-0.1408273491176074,0.0,36.04854087971507,-3.108271657711546,-8.465116500854492,1.0,777.0,591.75,0.0,1546.0,0.0,1500.0,-1.2933446756840874e-13
1781701476268592011,11.925948719,-1.8024270439857535,-0.1408273491176074,0.0,36.04854087971507,-3.108271657711546,-8.465116500854492,1.0,777.0,591.75,0.0,1545.0,0.0,1500.0,-1.2933446756840874e-13
1781701476268595698,11.925952406,-1.8024270439857535,-0.1408273491176074,0.0,36.04854087971507,-3.108271657711546,-8.465116500854492,1.0,777.0,591.75,0.0,1545.0,0.0,1500.0,-1.2933446756840874e-13
1781701476268605066,11.925961774,-1.8024270439857535,-0.1408273491176074,0.0,36.04854087971507,-3.108271657711546,-8.465116500854492,1.0,777.0,591.75,0.0,1545.0,0.0,1500.0,-1.2933446756840874e-13
1781701476268613201,11.925969909,-1.8024270439857535,-0.1408273491176074,0.0,36.04854087971507,-3.108271657711546,-8.465116500854492,1.0,777.0,591.75,0.0,1545.0,0.0,1500.0,-1.2933446756840874e-13
1781701476268638298,11.925995006,-1.8024270439857535,-0.1408273491176074,0.0,36.04854087971507,-3.108271657711546,-8.465116500854492,1.0,777.0,591.75,0.0,1545.0,0.0,1500.0,-8.406740391946568e-14
1781701476268659759,11.926016467,-1.8024270439857535,-0.1408273491176074,0.0,36.04854087971507,-3.108271657711546,-8.465116500854492,1.0,777.0,591.75,0.0,1545.0,0.0,1500.0,-8.406740391946568e-14
1781701476268767212,11.92612392,-1.8024270439857535,-0.1408273491176074,0.0,36.04854087971507,-3.108271657711546,-8.465116500854492,1.0,777.0,591.75,0.0,1545.0,0.0,1500.0,-8.406740391946568e-14
1781701476268788031,11.926144739,-1.8024270439857535,-0.1408273491176074,0.0,36.04854087971507,-3.108271657711546,-8.465116500854492,1.0,777.0,591.75,0.0,1545.0,0.0,1500.0,-8.406740391946568e-14
1781701476268811987,11.926168695,-1.8024270439857535,-0.1408273491176074,0.0,36.04854087971507,-3.108271657711546,-8.465116500854492,1.0,777.0,591.75,0.0,1545.0,0.0,1500.0,-8.406740391946568e-14
1781701476268879033,11.926235741,-1.8024270439857535,-0.1408273491176074,0.0,36.04854087971507,-3.108271657711546,-8.465116500854492,1.0,777.0,591.75,0.0,1545.0,0.0,1500.0,-8.406740391946568e-14
1781701476306978722,11.96433543,-1.8024270439857535,-0.1408273491176074,0.0,36.04854087971507,-3.108271657711546,-8.465116500854492,1.0,777.0,591.75,0.0,1545.0,0.0,1500.0,-8.406740391946568e-14
1781701476307030029,11.964386737,-1.8024270439857535,-0.1408273491176074,0.0,36.04854087971507,-3.108271657711546,-8.465116500854492,1.0,777.0,591.75,0.0,1545.0,0.0,1500.0,-8.406740391946568e-14
1781701476307037984,11.964394692,-1.8024270439857535,-0.1408273491176074,0.0,36.04854087971507,-3.108271657711546,-8.465116500854492,1.0,777.0,591.75,0.0,1545.0,0.0,1500.0,-8.406740391946568e-14
1781701476307042282,11.96439899,-1.8024270439857535,-0.1408273491176074,0.0,36.04854087971507,-3.108271657711546,-8.465116500854492,1.0,777.0,591.75,0.0,1545.0,0.0,1500.0,-8.406740391946568e-14
1781701476307046961,11.964403669,-1.8024270439857535,-0.1408273491176074,0.0,36.04854087971507,-3.108271657711546,-8.465116500854492,1.0,777.0,591.75,0.0,1545.0,0.0,1500.0,-8.406740391946568e-14
1781701476307051349,11.964408057,-1.8024270439857535,-0.1408273491176074,0.0,36.04854087971507,-3.108271657711546,-8.465116500854492,1.0,777.0,591.75,0.0,1545.0,0.0,1500.0,-8.406740391946568e-14
1781701476307056999,11.964413707,-1.8024270439857535,-0.1408273491176074,0.0,36.04854087971507,-3.108271657711546,-8.465116500854492,1.0,777.0,591.75,0.0,1545.0,0.0,1500.0,-8.406740391946568e-14
1781701476307060706,11.964417414,-1.8024270439857535,-0.1408273491176074,0.0,36.04854087971507,-3.108271657711546,-8.465116500854492,1.0,777.0,591.75,0.0,1545.0,0.0,1500.0,-8.406740391946568e-14
1781701476307068491,11.964425199,-1.8024270439857535,-0.1408273491176074,0.0,36.04854087971507,-3.108271657711546,-8.465116500854492,1.0,777.0,591.75,0.0,1545.0,0.0,1500.0,-5.4643812547652695e-14
1781701476307071086,11.964427794,-1.8024270439857535,-0.1408273491176074,0.0,36.04854087971507,-3.108271657711546,-8.465116500854492,1.0,777.0,591.75,0.0,1545.0,0.0,1500.0,-5.4643812547652695e-14
1781701476307130248,11.964486956,-1.8024270439857535,-0.1408273491176074,0.0,36.04854087971507,-3.108271657711546,-8.465116500854492,1.0,777.0,591.75,0.0,1545.0,0.0,1500.0,-5.4643812547652695e-14
1781701476307141459,11.964498167,-1.8024270439857535,-0.1408273491176074,0.0,36.04854087971507,-3.108271657711546,-8.465116500854492,1.0,777.0,591.75,0.0,1545.0,0.0,1500.0,-5.4643812547652695e-14
1781701476307146619,11.964503327,-1.8024270439857535,-0.1408273491176074,0.0,36.04854087971507,-3.108271657711546,-8.465116500854492,1.0,777.0,591.75,0.0,1545.0,0.0,1500.0,-5.4643812547652695e-14
1781701476307162409,11.964519117,-1.8024270439857535,-0.1408273491176074,0.0,36.04854087971507,-3.108271657711546,-8.465116500854492,1.0,777.0,591.75,0.0,1545.0,0.0,1500.0,-5.4643812547652695e-14
1781701476384214056,12.041570764,-1.8024270439857535,-0.1408273491176074,0.0,36.04854087971507,-3.108271657711546,-8.465116500854492,1.0,777.0,591.75,0.0,1545.0,0.0,1500.0,-5.4643812547652695e-14
1781701476384253891,12.041610599,-1.8024270439857535,-0.1408273491176074,0.0,36.04854087971507,-3.108271657711546,-8.465116500854492,1.0,777.0,591.75,0.0,1545.0,0.0,1500.0,-5.4643812547652695e-14
1781701476384257177,12.041613885,-1.8024270439857535,-0.1408273491176074,0.0,36.04854087971507,-3.108271657711546,-8.465116500854492,1.0,777.0,591.75,0.0,1545.0,0.0,1500.0,-5.4643812547652695e-14
1781701476384261265,12.041617973,-1.8024270439857535,-0.1408273491176074,0.0,36.04854087971507,-3.108271657711546,-8.465116500854492,1.0,777.0,591.75,0.0,1545.0,0.0,1500.0,-5.4643812547652695e-14
1781701476384265212,12.04162192,-1.8024270439857535,-0.1408273491176074,0.0,36.04854087971507,-3.108271657711546,-8.465116500854492,1.0,777.0,591.75,0.0,1545.0,0.0,1500.0,-5.4643812547652695e-14
1781701476384268108,12.041624816,-1.8024270439857535,-0.1408273491176074,0.0,36.04854087971507,-3.108271657711546,-8.465116500854492,1.0,777.0,591.75,0.0,1545.0,0.0,1500.0,-5.4643812547652695e-14
1781701476384275592,12.0416323,-1.8024270439857535,-0.1408273491176074,0.0,36.04854087971507,-3.108271657711546,-8.465116500854492,1.0,777.0,591.75,0.0,1545.0,0.0,1500.0,-5.4643812547652695e-14
1781701476384278027,12.041634735,-1.8024270439857535,-0.1408273491176074,0.0,36.04854087971507,-3.108271657711546,-8.465116500854492,1.0,777.0,591.75,0.0,1545.0,0.0,1500.0,-5.4643812547652695e-14
1781701476384284058,12.041640766,-1.8024270439857535,-0.1408273491176074,0.0,36.04854087971507,-3.108271657711546,-8.465116500854492,1.0,777.0,591.75,0.0,1545.0,0.0,1500.0,-3.551847815597425e-14
1781701476384303014,12.041659722,-1.8024270439857535,-0.1408273491176074,0.0,36.04854087971507,-3.108271657711546,-8.465116500854492,1.0,777.0,591.75,0.0,1545.0,0.0,1500.0,-3.551847815597425e-14
1781701476384356234,12.041712942,-1.8024270439857535,-0.1408273491176074,0.0,36.04854087971507,-3.108271657711546,-8.465116500854492,1.0,777.0,591.75,0.0,1545.0,0.0,1500.0,-3.551847815597425e-14
1781701476384363939,12.041720647,-1.8024270439857535,-0.1408273491176074,0.0,36.04854087971507,-3.108271657711546,-8.465116500854492,1.0,777.0,591.75,0.0,1545.0,0.0,1500.0,-3.551847815597425e-14
1781701476384382243,12.041738951,-1.8024270439857535,-0.1408273491176074,0.0,36.04854087971507,-3.108271657711546,-8.465116500854492,1.0,777.0,591.75,0.0,1545.0,0.0,1500.0,-3.551847815597425e-14
1781701476384411018,12.041767726,-1.8024270439857535,-0.1408273491176074,0.0,36.04854087971507,-3.108271657711546,-8.465116500854492,1.0,777.0,591.75,0.0,1545.0,0.0,1500.0,-3.551847815597425e-14
1781701476426810419,12.084167127,-1.8024270439857535,-0.1408273491176074,0.0,36.04854087971507,-3.108271657711546,-8.465116500854492,1.0,777.0,591.75,0.0,1545.0,0.0,1500.0,-3.551847815597425e-14
1781701476426863900,12.084220608,-1.8024270439857535,-0.1408273491176074,0.0,36.04854087971507,-3.108271657711546,-8.465116500854492,1.0,777.0,591.75,0.0,1545.0,0.0,1500.0,-3.551847815597425e-14
1781701476426869782,12.08422649,-1.8024270439857535,-0.1408273491176074,0.0,36.04854087971507,-3.108271657711546,-8.465116500854492,1.0,777.0,591.75,0.0,1545.0,0.0,1500.0,-3.551847815597425e-14
1781701476426873428,12.084230136,-1.8024270439857535,-0.1408273491176074,0.0,36.04854087971507,-3.108271657711546,-8.465116500854492,1.0,777.0,591.75,0.0,1545.0,0.0,1500.0,-3.551847815597425e-14
1781701476426878147,12.084234855,-1.8024270439857535,-0.1408273491176074,0.0,36.04854087971507,-3.108271657711546,-8.465116500854492,1.0,777.0,591.75,0.0,1545.0,0.0,1500.0,-3.551847815597425e-14
1781701476426882586,12.084239294,-1.8024270439857535,-0.1408273491176074,0.0,36.04854087971507,-3.108271657711546,-8.465116500854492,1.0,777.0,591.75,0.0,1545.0,0.0,1500.0,-3.551847815597425e-14
1781701476426885441,12.084242149,-1.8024270439857535,-0.1408273491176074,0.0,36.04854087971507,-3.108271657711546,-8.465116500854492,1.0,777.0,591.75,0.0,1545.0,0.0,1500.0,-3.551847815597425e-14
1781701476426888036,12.084244744,-1.8024270439857535,-0.1408273491176074,0.0,36.04854087971507,-3.108271657711546,-8.465116500854492,1.0,777.0,591.75,0.0,1545.0,0.0,1500.0,-3.551847815597425e-14
1781701476426896232,12.08425294,-1.8024270439857535,-0.1408273491176074,0.0,36.04854087971507,-3.108271657711546,-8.465116500854492,1.0,777.0,591.75,0.0,1545.0,0.0,1500.0,-2.3087010801383266e-14
1781701476426903776,12.084260484,-1.8024270439857535,-0.1408273491176074,0.0,36.04854087971507,-3.108271657711546,-8.465116500854492,1.0,777.0,591.75,0.0,1545.0,0.0,1500.0,-2.3087010801383266e-14
1781701476426996120,12.084352828,-1.8024270439857535,-0.1408273491176074,0.0,36.04854087971507,-3.108271657711546,-8.465116500854492,1.0,777.0,591.75,0.0,1545.0,0.0,1500.0,-2.3087010801383266e-14
1781701476427019945,12.084376653,-1.8024270439857535,-0.1408273491176074,0.0,36.04854087971507,-3.108271657711546,-8.465116500854492,1.0,777.0,591.75,0.0,1545.0,0.0,1500.0,-2.3087010801383266e-14
1781701476427044341,12.084401049,-1.8024270439857535,-0.1408273491176074,0.0,36.04854087971507,-3.108271657711546,-8.465116500854492,1.0,777.0,591.75,0.0,1545.0,0.0,1500.0,-2.3087010801383266e-14
1781701476427115355,12.084472063,-1.8024270439857535,-0.1408273491176074,0.0,36.04854087971507,-3.108271657711546,-8.465116500854492,1.0,777.0,591.75,0.0,1545.0,0.0,1500.0,-2.3087010801383266e-14
1781701476454805428,12.112162136,-1.8024270439857535,-0.1408273491176074,0.0,36.04854087971507,-3.108271657711546,-8.465116500854492,1.0,777.0,591.75,0.0,1545.0,0.0,1500.0,-2.3087010801383266e-14
1781701476454864920,12.112221628,-1.8024270439857535,-0.1408273491176074,0.0,36.04854087971507,-3.108271657711546,-8.465116500854492,1.0,777.0,591.75,0.0,1545.0,0.0,1500.0,-2.3087010801383266e-14
1781701476454873557,12.112230265,-1.8024270439857535,-0.1408273491176074,0.0,36.04854087971507,-3.108271657711546,-8.465116500854492,1.0,777.0,591.75,0.0,1545.0,0.0,1500.0,-2.3087010801383266e-14
1781701476454877184,12.112233892,-1.8024270439857535,-0.1408273491176074,0.0,36.04854087971507,-3.108271657711546,-8.465116500854492,1.0,777.0,591.75,0.0,1545.0,0.0,1500.0,-2.3087010801383266e-14
1781701476454882694,12.112239402,-1.8024270439857535,-0.1408273491176074,0.0,36.04854087971507,-3.108271657711546,-8.465116500854492,1.0,777.0,591.75,0.0,1545.0,0.0,1500.0,-2.3087010801383266e-14
1781701476454887393,12.112244101,-1.8024270439857535,-0.1408273491176074,0.0,36.04854087971507,-3.108271657711546,-8.465116500854492,1.0,777.0,591.75,0.0,1545.0,0.0,1500.0,-2.3087010801383266e-14
1781701476454890589,12.112247297,-1.8024270439857535,-0.1408273491176074,0.0,36.04854087971507,-3.108271657711546,-8.465116500854492,1.0,777.0,591.75,0.0,1545.0,0.0,1500.0,-2.3087010801383266e-14
1781701476454897983,12.112254691,-1.8024270439857535,-0.1408273491176074,0.0,36.04854087971507,-3.108271657711546,-8.465116500854492,1.0,777.0,591.75,0.0,1545.0,0.0,1500.0,-1.5006557020899124e-14
1781701476454901550,12.112258258,-1.8024270439857535,-0.1408273491176074,0.0,36.04854087971507,-3.108271657711546,-8.465116500854492,1.0,777.0,591.75,0.0,1545.0,0.0,1500.0,-1.5006557020899124e-14
1781701476454913903,12.112270611,-1.8024270439857535,-0.1408273491176074,0.0,36.04854087971507,-3.108271657711546,-8.465116500854492,1.0,777.0,591.75,0.0,1545.0,0.0,1500.0,-1.5006557020899124e-14
1781701476454996629,12.112353337,-1.8024270439857535,-0.1408273491176074,0.0,36.04854087971507,-3.108271657711546,-8.465116500854492,1.0,777.0,591.75,0.0,1545.0,0.0,1500.0,-1.5006557020899124e-14
1781701476455006448,12.112363156,-1.8024270439857535,-0.1408273491176074,0.0,36.04854087971507,-3.108271657711546,-8.465116500854492,1.0,777.0,591.75,0.0,1545.0,0.0,1500.0,-1.5006557020899124e-14
1781701476455027878,12.112384586,-1.8024270439857535,-0.1408273491176074,0.0,36.04854087971507,-3.108271657711546,-8.465116500854492,1.0,777.0,591.75,0.0,1545.0,0.0,1500.0,-1.5006557020899124e-14
1781701476455059598,12.112416306,-1.8024270439857535,-0.1408273491176074,0.0,36.04854087971507,-3.108271657711546,-8.465116500854492,1.0,777.0,591.75,0.0,1545.0,0.0,1500.0,-1.5006557020899124e-14
1781701476501387201,12.158743909,-1.8024270439857535,-0.1408273491176074,0.0,36.04854087971507,-3.108271657711546,-8.465116500854492,1.0,777.0,591.75,0.0,1545.0,0.0,1500.0,-1.5006557020899124e-14
1781701476501426305,12.158783013,-1.8024270439857535,-0.1408273491176074,0.0,36.04854087971507,-3.108271657711546,-8.465116500854492,1.0,777.0,591.75,0.0,1545.0,0.0,1500.0,-1.5006557020899124e-14
1781701476501429691,12.158786399,-1.8024270439857535,-0.1408273491176074,0.0,36.04854087971507,-3.108271657711546,-8.465116500854492,1.0,777.0,591.75,0.0,1545.0,0.0,1500.0,-1.5006557020899124e-14
1781701476501432076,12.158788784,-1.8024270439857535,-0.1408273491176074,0.0,36.04854087971507,-3.108271657711546,-8.465116500854492,1.0,777.0,591.75,0.0,1545.0,0.0,1500.0,-1.5006557020899124e-14
1781701476501437286,12.158793994,-1.8024270439857535,-0.1408273491176074,0.0,36.04854087971507,-3.108271657711546,-8.465116500854492,1.0,777.0,591.75,0.0,1545.0,0.0,1500.0,-1.5006557020899124e-14
1781701476501440271,12.158796979,-1.8024270439857535,-0.1408273491176074,0.0,36.04854087971507,-3.108271657711546,-8.465116500854492,1.0,777.0,591.75,0.0,1545.0,0.0,1500.0,-1.5006557020899124e-14
1781701476501442385,12.158799093,-1.8024270439857535,-0.1408273491176074,0.0,36.04854087971507,-3.108271657711546,-8.465116500854492,1.0,777.0,591.75,0.0,1545.0,0.0,1500.0,-1.5006557020899124e-14
1781701476501449278,12.158805986,-1.8024270439857535,-0.1408273491176074,0.0,36.04854087971507,-3.108271657711546,-8.465116500854492,1.0,777.0,591.75,0.0,1545.0,0.0,1500.0,-1.5006557020899124e-14
1781701476501455851,12.158812559,-1.8024270439857535,-0.1408273491176074,0.0,36.04854087971507,-3.108271657711546,-8.465116500854492,1.0,777.0,591.75,0.0,1545.0,0.0,1500.0,-9.754262063584431e-15
1781701476501465268,12.158821976,-1.8024270439857535,-0.1408273491176074,0.0,36.04854087971507,-3.108271657711546,-8.465116500854492,1.0,777.0,591.75,0.0,1545.0,0.0,1500.0,-9.754262063584431e-15
1781701476501521014,12.158877722,-1.8024270439857535,-0.1408273491176074,0.0,36.04854087971507,-3.108271657711546,-8.465116500854492,1.0,777.0,591.75,0.0,1545.0,0.0,1500.0,-9.754262063584431e-15
1781701476501527476,12.158884184,-1.8024270439857535,-0.1408273491176074,0.0,36.04854087971507,-3.108271657711546,-8.465116500854492,1.0,777.0,591.75,0.0,1545.0,0.0,1500.0,-9.754262063584431e-15
1781701476501544698,12.158901406,-1.8024270439857535,-0.1408273491176074,0.0,36.04854087971507,-3.108271657711546,-8.465116500854492,1.0,777.0,591.75,0.0,1545.0,0.0,1500.0,-9.754262063584431e-15
1781701476501593411,12.158950119,-1.8024270439857535,-0.1408273491176074,0.0,36.04854087971507,-3.108271657711546,-8.465116500854492,1.0,777.0,591.75,0.0,1545.0,0.0,1500.0,-9.754262063584431e-15
1781701476543411313,12.200768021,-1.8024270439857535,-0.1408273491176074,0.0,36.04854087971507,-3.108271657711546,-8.465116500854492,1.0,777.0,591.75,0.0,1545.0,0.0,1500.0,-9.754262063584431e-15
1781701476543464073,12.200820781,-1.8024270439857535,-0.1408273491176074,0.0,36.04854087971507,-3.108271657711546,-8.465116500854492,1.0,777.0,591.75,0.0,1545.0,0.0,1500.0,-9.754262063584431e-15
1781701476543470565,12.200827273,-1.8024270439857535,-0.1408273491176074,0.0,36.04854087971507,-3.108271657711546,-8.465116500854492,1.0,777.0,591.75,0.0,1545.0,0.0,1500.0,-9.754262063584431e-15
1781701476543475054,12.200831762,-1.8024270439857535,-0.1408273491176074,0.0,36.04854087971507,-3.108271657711546,-8.465116500854492,1.0,777.0,591.75,0.0,1545.0,0.0,1500.0,-9.754262063584431e-15
1781701476543480995,12.200837703,-1.8024270439857535,-0.1408273491176074,0.0,36.04854087971507,-3.108271657711546,-8.465116500854492,1.0,777.0,591.75,0.0,1545.0,0.0,1500.0,-9.754262063584431e-15
1781701476543485964,12.200842672,-1.8024270439857535,-0.1408273491176074,0.0,36.04854087971507,-3.108271657711546,-8.465116500854492,1.0,777.0,591.75,0.0,1545.0,0.0,1500.0,-9.754262063584431e-15
1781701476543489651,12.200846359,-1.8024270439857535,-0.1408273491176074,0.0,36.04854087971507,-3.108271657711546,-8.465116500854492,1.0,777.0,591.75,0.0,1545.0,0.0,1500.0,-9.754262063584431e-15
1781701476543501374,12.200858082,-1.8024270439857535,-0.1408273491176074,0.0,36.04854087971507,-3.108271657711546,-8.465116500854492,1.0,777.0,591.75,0.0,1545.0,0.0,1500.0,-6.3402703413298806e-15
1781701476543504950,12.200861658,-1.8024270439857535,-0.1408273491176074,0.0,36.04854087971507,-3.108271657711546,-8.465116500854492,1.0,777.0,591.75,0.0,1545.0,0.0,1500.0,-6.3402703413298806e-15
1781701476543507736,12.200864444,-1.8024270439857535,-0.1408273491176074,0.0,36.04854087971507,-3.108271657711546,-8.465116500854492,1.0,777.0,591.75,0.0,1545.0,0.0,1500.0,-6.3402703413298806e-15
1781701476543554213,12.200910921,-1.8024270439857535,-0.1408273491176074,0.0,36.04854087971507,-3.108271657711546,-8.465116500854492,1.0,777.0,591.75,0.0,1545.0,0.0,1500.0,-6.3402703413298806e-15
1781701476543564873,12.200921581,-1.8024270439857535,-0.1408273491176074,0.0,36.04854087971507,-3.108271657711546,-8.465116500854492,1.0,777.0,591.75,0.0,1545.0,0.0,1500.0,-6.3402703413298806e-15
1781701476543575023,12.200931731,-1.8024270439857535,-0.1408273491176074,0.0,36.04854087971507,-3.108271657711546,-8.465116500854492,1.0,777.0,591.75,0.0,1545.0,0.0,1500.0,-6.3402703413298806e-15
1781701476543603226,12.200959934,-1.8024270439857535,-0.1408273491176074,0.0,36.04854087971507,-3.108271657711546,-8.465116500854492,1.0,777.0,591.75,0.0,1545.0,0.0,1500.0,-6.3402703413298806e-15
1781701476578936638,12.236293346,-1.8024270439857535,-0.1408273491176074,0.0,36.04854087971507,-3.108271657711546,-8.465116500854492,1.0,777.0,591.75,0.0,1545.0,0.0,1500.0,-6.3402703413298806e-15
1781701476578997283,12.236353991,-1.8024270439857535,-0.1408273491176074,0.0,36.04854087971507,-3.108271657711546,-8.465116500854492,1.0,777.0,591.75,0.0,1545.0,0.0,1500.0,-6.3402703413298806e-15
1781701476579002503,12.236359211,-1.8024270439857535,-0.1408273491176074,0.0,36.04854087971507,-3.108271657711546,-8.465116500854492,1.0,777.0,591.75,0.0,1545.0,0.0,1500.0,-6.3402703413298806e-15
1781701476579005268,12.236361976,-1.8024270439857535,-0.1408273491176074,0.0,36.04854087971507,-3.108271657711546,-8.465116500854492,1.0,777.0,591.75,0.0,1545.0,0.0,1500.0,-6.3402703413298806e-15
1781701476579009686,12.236366394,-1.8024270439857535,-0.1408273491176074,0.0,36.04854087971507,-3.108271657711546,-8.465116500854492,1.0,777.0,591.75,0.0,1545.0,0.0,1500.0,-6.3402703413298806e-15
1781701476579014095,12.236370803,-1.8024270439857535,-0.1408273491176074,0.0,36.04854087971507,-3.108271657711546,-8.465116500854492,1.0,777.0,591.75,0.0,1545.0,0.0,1500.0,-6.3402703413298806e-15
1781701476579019455,12.236376163,-1.8024270439857535,-0.1408273491176074,0.0,36.04854087971507,-3.108271657711546,-8.465116500854492,1.0,777.0,591.75,0.0,1545.0,0.0,1500.0,-6.3402703413298806e-15
1781701476579024124,12.236380832,-1.8024270439857535,-0.1408273491176074,0.0,36.04854087971507,-3.108271657711546,-8.465116500854492,1.0,777.0,591.75,0.0,1545.0,0.0,1500.0,-6.3402703413298806e-15
1781701476579037128,12.236393836,-1.8024270439857535,-0.1408273491176074,0.0,36.04854087971507,-3.108271657711546,-8.465116500854492,1.0,777.0,591.75,0.0,1545.0,0.0,1500.0,-4.121175721864423e-15
1781701476579047217,12.236403925,-1.8024270439857535,-0.1408273491176074,0.0,36.04854087971507,-3.108271657711546,-8.465116500854492,1.0,777.0,591.75,0.0,1545.0,0.0,1500.0,-4.121175721864423e-15
1781701476579114514,12.236471222,-1.8024270439857535,-0.1408273491176074,0.0,36.04854087971507,-3.108271657711546,-8.465116500854492,1.0,777.0,591.75,0.0,1545.0,0.0,1500.0,-4.121175721864423e-15
1781701476579128170,12.236484878,-1.8024270439857535,-0.1408273491176074,0.0,36.04854087971507,-3.108271657711546,-8.465116500854492,1.0,777.0,591.75,0.0,1545.0,0.0,1500.0,-4.121175721864423e-15
1781701476579139592,12.2364963,-1.8024270439857535,-0.1408273491176074,0.0,36.04854087971507,-3.108271657711546,-8.465116500854492,1.0,777.0,591.75,0.0,1545.0,0.0,1500.0,-4.121175721864423e-15
1781701476579181862,12.23653857,-1.8024270439857535,-0.1408273491176074,0.0,36.04854087971507,-3.108271657711546,-8.465116500854492,1.0,777.0,591.75,0.0,1545.0,0.0,1500.0,-4.121175721864423e-15
1781701476621490402,12.27884711,-1.8024270439857535,-0.1408273491176074,0.0,36.04854087971507,-3.108271657711546,-8.465116500854492,1.0,777.0,591.75,0.0,1545.0,0.0,1500.0,-4.121175721864423e-15
1781701476621541027,12.278897735,-1.8024270439857535,-0.1408273491176074,0.0,36.04854087971507,-3.108271657711546,-8.465116500854492,1.0,777.0,591.75,0.0,1545.0,0.0,1500.0,-4.121175721864423e-15
1781701476621546988,12.278903696,-1.8024270439857535,-0.1408273491176074,0.0,36.04854087971507,-3.108271657711546,-8.465116500854492,1.0,777.0,591.75,0.0,1545.0,0.0,1500.0,-4.121175721864423e-15
1781701476621551156,12.278907864,-1.8024270439857535,-0.1408273491176074,0.0,36.04854087971507,-3.108271657711546,-8.465116500854492,1.0,777.0,591.75,0.0,1545.0,0.0,1500.0,-4.121175721864423e-15
1781701476621556486,12.278913194,-1.8024270439857535,-0.1408273491176074,0.0,36.04854087971507,-3.108271657711546,-8.465116500854492,1.0,777.0,591.75,0.0,1545.0,0.0,1500.0,-4.121175721864423e-15
1781701476621561676,12.278918384,-1.8024270439857535,-0.1408273491176074,0.0,36.04854087971507,-3.108271657711546,-8.465116500854492,1.0,777.0,591.75,0.0,1545.0,0.0,1500.0,-4.121175721864423e-15
1781701476621565794,12.278922502,-1.8024270439857535,-0.1408273491176074,0.0,36.04854087971507,-3.108271657711546,-8.465116500854492,1.0,777.0,591.75,0.0,1545.0,0.0,1500.0,-4.121175721864423e-15
1781701476621577686,12.278934394,-1.8024270439857535,-0.1408273491176074,0.0,36.04854087971507,-3.108271657711546,-8.465116500854492,1.0,777.0,591.75,0.0,1545.0,0.0,1500.0,-2.678764219211875e-15
1781701476621580572,12.27893728,-1.8024270439857535,-0.1408273491176074,0.0,36.04854087971507,-3.108271657711546,-8.465116500854492,1.0,777.0,591.75,0.0,1545.0,0.0,1500.0,-2.678764219211875e-15
1781701476621583197,12.278939905,-1.8024270439857535,-0.1408273491176074,0.0,36.04854087971507,-3.108271657711546,-8.465116500854492,1.0,777.0,591.75,0.0,1545.0,0.0,1500.0,-2.678764219211875e-15
1781701476621639443,12.278996151,-1.8024270439857535,-0.1408273491176074,0.0,36.04854087971507,-3.108271657711546,-8.465116500854492,1.0,777.0,591.75,0.0,1545.0,0.0,1500.0,-2.678764219211875e-15
1781701476621653019,12.279009727,-1.8024270439857535,-0.1408273491176074,0.0,36.04854087971507,-3.108271657711546,-8.465116500854492,1.0,777.0,591.75,0.0,1545.0,0.0,1500.0,-2.678764219211875e-15
1781701476621661214,12.279017922,-1.8024270439857535,-0.1408273491176074,0.0,36.04854087971507,-3.108271657711546,-8.465116500854492,1.0,777.0,591.75,0.0,1545.0,0.0,1500.0,-2.678764219211875e-15
1781701476621690339,12.279047047,-1.8024270439857535,-0.1408273491176074,0.0,36.04854087971507,-3.108271657711546,-8.465116500854492,1.0,777.0,591.75,0.0,1545.0,0.0,1500.0,-2.678764219211875e-15
1781701476662931673,12.320288381,-1.8024270439857535,-0.1408273491176074,0.0,36.04854087971507,-3.108271657711546,-8.465116500854492,1.0,777.0,591.75,0.0,1545.0,0.0,1500.0,-2.678764219211875e-15
1781701476662988280,12.320344988,-1.8024270439857535,-0.1408273491176074,0.0,36.04854087971507,-3.108271657711546,-8.465116500854492,1.0,777.0,591.75,0.0,1545.0,0.0,1500.0,-2.678764219211875e-15
1781701476662996516,12.320353224,-1.8024270439857535,-0.1408273491176074,0.0,36.04854087971507,-3.108271657711546,-8.465116500854492,1.0,777.0,591.75,0.0,1545.0,0.0,1500.0,-2.678764219211875e-15
1781701476663000914,12.320357622,-1.8024270439857535,-0.1408273491176074,0.0,36.04854087971507,-3.108271657711546,-8.465116500854492,1.0,777.0,591.75,0.0,1545.0,0.0,1500.0,-2.678764219211875e-15
1781701476663006084,12.320362792,-1.8024270439857535,-0.1408273491176074,0.0,36.04854087971507,-3.108271657711546,-8.465116500854492,1.0,777.0,591.75,0.0,1545.0,0.0,1500.0,-2.678764219211875e-15
1781701476663011714,12.320368422,-1.8024270439857535,-0.1408273491176074,0.0,36.04854087971507,-3.108271657711546,-8.465116500854492,1.0,777.0,591.75,0.0,1545.0,0.0,1500.0,-2.678764219211875e-15
1781701476663015361,12.320372069,-1.8024270439857535,-0.1408273491176074,0.0,36.04854087971507,-3.108271657711546,-8.465116500854492,1.0,777.0,591.75,0.0,1546.0,0.0,1500.0,-2.678764219211875e-15
1781701476663018086,12.320374794,-1.8024270439857535,-0.1408273491176074,0.0,36.04854087971507,-3.108271657711546,-8.465116500854492,1.0,777.0,591.75,0.0,1546.0,0.0,1500.0,-2.678764219211875e-15
1781701476663025981,12.320382689,-1.8024270439857535,-0.1408273491176074,0.0,36.04854087971507,-3.108271657711546,-8.465116500854492,1.0,777.0,591.75,0.0,1546.0,0.0,1500.0,-1.7411967424877188e-15
1781701476663029017,12.320385725,-1.8024270439857535,-0.1408273491176074,0.0,36.04854087971507,-3.108271657711546,-8.465116500854492,1.0,777.0,591.75,0.0,1546.0,0.0,1500.0,-1.7411967424877188e-15
1781701476663086415,12.320443123,-1.8024270439857535,-0.1408273491176074,0.0,36.04854087971507,-3.108271657711546,-8.465116500854492,1.0,777.0,591.75,0.0,1546.0,0.0,1500.0,-1.7411967424877188e-15
1781701476663098769,12.320455477,-1.8024270439857535,-0.1408273491176074,0.0,36.04854087971507,-3.108271657711546,-8.465116500854492,1.0,777.0,591.75,0.0,1546.0,0.0,1500.0,-1.7411967424877188e-15
1781701476663108347,12.320465055,-1.8024270439857535,-0.1408273491176074,0.0,36.04854087971507,-3.108271657711546,-8.465116500854492,1.0,777.0,591.75,0.0,1546.0,0.0,1500.0,-1.7411967424877188e-15
1781701476663138925,12.320495633,-1.8024270439857535,-0.1408273491176074,0.0,36.04854087971507,-3.108271657711546,-8.465116500854492,1.0,777.0,591.75,0.0,1546.0,0.0,1500.0,-1.7411967424877188e-15
1781701476699965418,12.357322126,-1.8024270439857535,-0.1408273491176074,0.0,36.04854087971507,-3.108271657711546,-8.465116500854492,1.0,777.0,591.75,0.0,1546.0,0.0,1500.0,-1.7411967424877188e-15
1781701476700012176,12.357368884,-1.8024270439857535,-0.1408273491176074,0.0,36.04854087971507,-3.108271657711546,-8.465116500854492,1.0,777.0,591.75,0.0,1546.0,0.0,1500.0,-1.7411967424877188e-15
1781701476700016003,12.357372711,-1.8024270439857535,-0.1408273491176074,0.0,36.04854087971507,-3.108271657711546,-8.465116500854492,1.0,777.0,591.75,0.0,1546.0,0.0,1500.0,-1.7411967424877188e-15
1781701476700019460,12.357376168,-1.8024270439857535,-0.1408273491176074,0.0,36.04854087971507,-3.108271657711546,-8.465116500854492,1.0,777.0,591.75,0.0,1546.0,0.0,1500.0,-1.7411967424877188e-15
1781701476700021924,12.357378632,-1.8024270439857535,-0.1408273491176074,0.0,36.04854087971507,-3.108271657711546,-8.465116500854492,1.0,777.0,591.75,0.0,1546.0,0.0,1500.0,-1.7411967424877188e-15
1781701476700033586,12.357390294,-1.8024270439857535,-0.1408273491176074,0.0,36.04854087971507,-3.108271657711546,-8.465116500854492,1.0,777.0,591.75,0.0,1546.0,0.0,1500.0,-1.7411967424877188e-15
1781701476700072139,12.357428847,-1.8024270439857535,-0.1408273491176074,0.0,36.04854087971507,-3.108271657711546,-8.465116500854492,1.0,777.0,591.75,0.0,1546.0,0.0,1500.0,-1.7411967424877188e-15
1781701476700097447,12.357454155,-1.8024270439857535,-0.1408273491176074,0.0,36.04854087971507,-3.108271657711546,-8.465116500854492,1.0,777.0,591.75,0.0,1546.0,0.0,1500.0,-1.7411967424877188e-15
1781701476700139156,12.357495864,-1.8024270439857535,-0.1408273491176074,0.0,36.04854087971507,-3.108271657711546,-8.465116500854492,1.0,777.0,591.75,0.0,1546.0,0.0,1500.0,-1.1317778826170173e-15
1781701476700155737,12.357512445,-1.8024270439857535,-0.1408273491176074,0.0,36.04854087971507,-3.108271657711546,-8.465116500854492,1.0,777.0,591.75,0.0,1546.0,0.0,1500.0,-1.1317778826170173e-15
1781701476700222944,12.357579652,-1.8024270439857535,-0.1408273491176074,0.0,36.04854087971507,-3.108271657711546,-8.465116500854492,1.0,777.0,591.75,0.0,1546.0,0.0,1500.0,-1.1317778826170173e-15
1781701476700245697,12.357602405,-1.8024270439857535,-0.1408273491176074,0.0,36.04854087971507,-3.108271657711546,-8.465116500854492,1.0,777.0,591.75,0.0,1546.0,0.0,1500.0,-1.1317778826170173e-15
1781701476700277487,12.357634195,-1.8024270439857535,-0.1408273491176074,0.0,36.04854087971507,-3.108271657711546,-8.465116500854492,1.0,777.0,591.75,0.0,1546.0,0.0,1500.0,-1.1317778826170173e-15
1781701476700314537,12.357671245,-1.8024270439857535,-0.1408273491176074,0.0,36.04854087971507,-3.108271657711546,-8.465116500854492,1.0,777.0,591.75,0.0,1546.0,0.0,1500.0,-1.1317778826170173e-15
1781701476747688557,12.405045265,-1.8024270439857535,-0.1408273491176074,0.0,36.04854087971507,-3.108271657711546,-8.465116500854492,1.0,777.0,591.75,0.0,1546.0,0.0,1500.0,-1.1317778826170173e-15
1781701476747733832,12.40509054,-1.8024270439857535,-0.1408273491176074,0.0,36.04854087971507,-3.108271657711546,-8.465116500854492,1.0,777.0,591.75,0.0,1546.0,0.0,1500.0,-1.1317778826170173e-15
1781701476747739373,12.405096081,-1.8024270439857535,-0.1408273491176074,0.0,36.04854087971507,-3.108271657711546,-8.465116500854492,1.0,777.0,591.75,0.0,1546.0,0.0,1500.0,-1.1317778826170173e-15
1781701476747743501,12.405100209,-1.8024270439857535,-0.1408273491176074,0.0,36.04854087971507,-3.108271657711546,-8.465116500854492,1.0,777.0,591.75,0.0,1546.0,0.0,1500.0,-1.1317778826170173e-15
1781701476747748961,12.405105669,-1.8024270439857535,-0.1408273491176074,0.0,36.04854087971507,-3.108271657711546,-8.465116500854492,1.0,777.0,591.75,0.0,1546.0,0.0,1500.0,-1.1317778826170173e-15
1781701476747759541,12.405116249,-1.8024270439857535,-0.1408273491176074,0.0,36.04854087971507,-3.108271657711546,-8.465116500854492,1.0,777.0,591.75,0.0,1546.0,0.0,1500.0,-1.1317778826170173e-15
1781701476747764029,12.405120737,-1.8024270439857535,-0.1408273491176074,0.0,36.04854087971507,-3.108271657711546,-8.465116500854492,1.0,777.0,591.75,0.0,1546.0,0.0,1500.0,-1.1317778826170173e-15
1781701476747775932,12.40513264,-1.8024270439857535,-0.1408273491176074,0.0,36.04854087971507,-3.108271657711546,-8.465116500854492,1.0,777.0,591.75,0.0,1546.0,0.0,1500.0,-7.356556237010612e-16
1781701476747779248,12.405135956,-1.8024270439857535,-0.1408273491176074,0.0,36.04854087971507,-3.108271657711546,-8.465116500854492,1.0,777.0,591.75,0.0,1546.0,0.0,1500.0,-7.356556237010612e-16
1781701476747789127,12.405145835,-1.8024270439857535,-0.1408273491176074,0.0,36.04854087971507,-3.108271657711546,-8.465116500854492,1.0,777.0,591.75,0.0,1546.0,0.0,1500.0,-7.356556237010612e-16
1781701476747844642,12.40520135,-1.8024270439857535,-0.1408273491176074,0.0,36.04854087971507,-3.108271657711546,-8.465116500854492,1.0,777.0,591.75,0.0,1546.0,0.0,1500.0,-7.356556237010612e-16
1781701476747855312,12.40521202,-1.8024270439857535,-0.1408273491176074,0.0,36.04854087971507,-3.108271657711546,-8.465116500854492,1.0,777.0,591.75,0.0,1546.0,0.0,1500.0,-7.356556237010612e-16
1781701476747863688,12.405220396,-1.8024270439857535,-0.1408273491176074,0.0,36.04854087971507,-3.108271657711546,-8.465116500854492,1.0,777.0,591.75,0.0,1546.0,0.0,1500.0,-7.356556237010612e-16
1781701476747895498,12.405252206,-1.8024270439857535,-0.1408273491176074,0.0,36.04854087971507,-3.108271657711546,-8.465116500854492,1.0,777.0,591.75,0.0,1546.0,0.0,1500.0,-7.356556237010612e-16
1781701476787495911,12.444852619,-1.8024270439857535,-0.1408273491176074,0.0,36.04854087971507,-3.108271657711546,-8.465116500854492,1.0,777.0,591.75,0.0,1546.0,0.0,1500.0,-7.356556237010612e-16
1781701476787545796,12.444902504,-1.8024270439857535,-0.1408273491176074,0.0,36.04854087971507,-3.108271657711546,-8.465116500854492,1.0,777.0,591.75,0.0,1546.0,0.0,1500.0,-7.356556237010612e-16
1781701476787551597,12.444908305,-1.8024270439857535,-0.1408273491176074,0.0,36.04854087971507,-3.108271657711546,-8.465116500854492,1.0,777.0,591.75,0.0,1546.0,0.0,1500.0,-7.356556237010612e-16
1781701476787555193,12.444911901,-1.8024270439857535,-0.1408273491176074,0.0,36.04854087971507,-3.108271657711546,-8.465116500854492,1.0,777.0,591.75,0.0,1546.0,0.0,1500.0,-7.356556237010612e-16
1781701476787559512,12.44491622,-1.8024270439857535,-0.1408273491176074,0.0,36.04854087971507,-3.108271657711546,-8.465116500854492,1.0,777.0,591.75,0.0,1546.0,0.0,1500.0,-7.356556237010612e-16
1781701476787563900,12.444920608,-1.8024270439857535,-0.1408273491176074,0.0,36.04854087971507,-3.108271657711546,-8.465116500854492,1.0,777.0,591.75,0.0,1546.0,0.0,1500.0,-7.356556237010612e-16
1781701476787567907,12.444924615,-1.8024270439857535,-0.1408273491176074,0.0,36.04854087971507,-3.108271657711546,-8.465116500854492,1.0,777.0,591.75,0.0,1546.0,0.0,1500.0,-7.356556237010612e-16
1781701476787577215,12.444933923,-1.8024270439857535,-0.1408273491176074,0.0,36.04854087971507,-3.108271657711546,-8.465116500854492,1.0,777.0,591.75,0.0,1546.0,0.0,1500.0,-4.781761554056898e-16
1781701476787581353,12.444938061,-1.8024270439857535,-0.1408273491176074,0.0,36.04854087971507,-3.108271657711546,-8.465116500854492,1.0,777.0,591.75,0.0,1546.0,0.0,1500.0,-4.781761554056898e-16
1781701476787585030,12.444941738,-1.8024270439857535,-0.1408273491176074,0.0,36.04854087971507,-3.108271657711546,-8.465116500854492,1.0,777.0,591.75,0.0,1546.0,0.0,1500.0,-4.781761554056898e-16
1781701476787634203,12.444990911,-1.8024270439857535,-0.1408273491176074,0.0,36.04854087971507,-3.108271657711546,-8.465116500854492,1.0,777.0,591.75,0.0,1546.0,0.0,1500.0,-4.781761554056898e-16
1781701476787644422,12.44500113,-1.8024270439857535,-0.1408273491176074,0.0,36.04854087971507,-3.108271657711546,-8.465116500854492,1.0,777.0,591.75,0.0,1546.0,0.0,1500.0,-4.781761554056898e-16
1781701476787652728,12.445009436,-1.8024270439857535,-0.1408273491176074,0.0,36.04854087971507,-3.108271657711546,-8.465116500854492,1.0,777.0,591.75,0.0,1546.0,0.0,1500.0,-4.781761554056898e-16
1781701476787685319,12.445042027,-1.8024270439857535,-0.1408273491176074,0.0,36.04854087971507,-3.108271657711546,-8.465116500854492,1.0,777.0,591.75,0.0,1546.0,0.0,1500.0,-4.781761554056898e-16
1781701476834357593,12.491714301,-1.8024270439857535,-0.1408273491176074,0.0,36.04854087971507,-3.108271657711546,-8.465116500854492,1.0,777.0,591.75,0.0,1546.0,0.0,1500.0,-4.781761554056898e-16
1781701476834404201,12.491760909,-1.8024270439857535,-0.1408273491176074,0.0,36.04854087971507,-3.108271657711546,-8.465116500854492,1.0,777.0,591.75,0.0,1546.0,0.0,1500.0,-4.781761554056898e-16
1781701476834409081,12.491765789,-1.8024270439857535,-0.1408273491176074,0.0,36.04854087971507,-3.108271657711546,-8.465116500854492,1.0,777.0,591.75,0.0,1546.0,0.0,1500.0,-4.781761554056898e-16
1781701476834414000,12.491770708,-1.8024270439857535,-0.1408273491176074,0.0,36.04854087971507,-3.108271657711546,-8.465116500854492,1.0,777.0,591.75,0.0,1546.0,0.0,1500.0,-4.781761554056898e-16
1781701476834417627,12.491774335,-1.8024270439857535,-0.1408273491176074,0.0,36.04854087971507,-3.108271657711546,-8.465116500854492,1.0,777.0,591.75,0.0,1546.0,0.0,1500.0,-4.781761554056898e-16
1781701476834421995,12.491778703,-1.8024270439857535,-0.1408273491176074,0.0,36.04854087971507,-3.108271657711546,-8.465116500854492,1.0,777.0,591.75,0.0,1546.0,0.0,1500.0,-4.781761554056898e-16
1781701476834433917,12.491790625,-1.8024270439857535,-0.1408273491176074,0.0,36.04854087971507,-3.108271657711546,-8.465116500854492,1.0,777.0,591.75,0.0,1546.0,0.0,1500.0,-4.781761554056898e-16
1781701476834437504,12.491794212,-1.8024270439857535,-0.1408273491176074,0.0,36.04854087971507,-3.108271657711546,-8.465116500854492,1.0,777.0,591.75,0.0,1546.0,0.0,1500.0,-4.781761554056898e-16
1781701476834447353,12.491804061,-1.8024270439857535,-0.1408273491176074,0.0,36.04854087971507,-3.108271657711546,-8.465116500854492,1.0,777.0,591.75,0.0,1546.0,0.0,1500.0,-3.108145010136984e-16
1781701476834462632,12.49181934,-1.8024270439857535,-0.1408273491176074,0.0,36.04854087971507,-3.108271657711546,-8.465116500854492,1.0,777.0,591.75,0.0,1546.0,0.0,1500.0,-3.108145010136984e-16
1781701476834529087,12.491885795,-1.8024270439857535,-0.1408273491176074,0.0,36.04854087971507,-3.108271657711546,-8.465116500854492,1.0,777.0,591.75,0.0,1546.0,0.0,1500.0,-3.108145010136984e-16
1781701476834539828,12.491896536,-1.8024270439857535,-0.1408273491176074,0.0,36.04854087971507,-3.108271657711546,-8.465116500854492,1.0,777.0,591.75,0.0,1546.0,0.0,1500.0,-3.108145010136984e-16
1781701476834555527,12.491912235,-1.8024270439857535,-0.1408273491176074,0.0,36.04854087971507,-3.108271657711546,-8.465116500854492,1.0,777.0,591.75,0.0,1546.0,0.0,1500.0,-3.108145010136984e-16
1781701476834592377,12.491949085,-1.8024270439857535,-0.1408273491176074,0.0,36.04854087971507,-3.108271657711546,-8.465116500854492,1.0,777.0,591.75,0.0,1546.0,0.0,1500.0,-3.108145010136984e-16
1781701476873726149,12.531082857,-1.8024270439857535,-0.1408273491176074,0.0,36.04854087971507,-3.108271657711546,-8.465116500854492,1.0,777.0,591.75,0.0,1546.0,0.0,1500.0,-3.108145010136984e-16
1781701476873782125,12.531138833,-1.8024270439857535,-0.1408273491176074,0.0,36.04854087971507,-3.108271657711546,-8.465116500854492,1.0,777.0,591.75,0.0,1546.0,0.0,1500.0,-3.108145010136984e-16
1781701476873788437,12.531145145,-1.8024270439857535,-0.1408273491176074,0.0,36.04854087971507,-3.108271657711546,-8.465116500854492,1.0,777.0,591.75,0.0,1546.0,0.0,1500.0,-3.108145010136984e-16
1781701476873791853,12.531148561,-1.8024270439857535,-0.1408273491176074,0.0,36.04854087971507,-3.108271657711546,-8.465116500854492,1.0,777.0,591.75,0.0,1546.0,0.0,1500.0,-3.108145010136984e-16
1781701476873796692,12.5311534,-1.8024270439857535,-0.1408273491176074,0.0,36.04854087971507,-3.108271657711546,-8.465116500854492,1.0,777.0,591.75,0.0,1546.0,0.0,1500.0,-3.108145010136984e-16
1781701476873799758,12.531156466,-1.8024270439857535,-0.1408273491176074,0.0,36.04854087971507,-3.108271657711546,-8.465116500854492,1.0,777.0,591.75,0.0,1546.0,0.0,1500.0,-3.108145010136984e-16
1781701476873803285,12.531159993,-1.8024270439857535,-0.1408273491176074,0.0,36.04854087971507,-3.108271657711546,-8.465116500854492,1.0,777.0,591.75,0.0,1546.0,0.0,1500.0,-3.108145010136984e-16
1781701476873813404,12.531170112,-1.8024270439857535,-0.1408273491176074,0.0,36.04854087971507,-3.108271657711546,-8.465116500854492,1.0,777.0,591.75,0.0,1546.0,0.0,1500.0,-3.108145010136984e-16
1781701476873821890,12.531178598,-1.8024270439857535,-0.1408273491176074,0.0,36.04854087971507,-3.108271657711546,-8.465116500854492,1.0,777.0,591.75,0.0,1546.0,0.0,1500.0,-2.0202942565890397e-16
1781701476873830556,12.531187264,-1.8024270439857535,-0.1408273491176074,0.0,36.04854087971507,-3.108271657711546,-8.465116500854492,1.0,777.0,591.75,0.0,1546.0,0.0,1500.0,-2.0202942565890397e-16
1781701476873900488,12.531257196,-1.8024270439857535,-0.1408273491176074,0.0,36.04854087971507,-3.108271657711546,-8.465116500854492,1.0,777.0,591.75,0.0,1546.0,0.0,1500.0,-2.0202942565890397e-16
1781701476873910277,12.531266985,-1.8024270439857535,-0.1408273491176074,0.0,36.04854087971507,-3.108271657711546,-8.465116500854492,1.0,777.0,591.75,0.0,1546.0,0.0,1500.0,-2.0202942565890397e-16
1781701476873917571,12.531274279,-1.8024270439857535,-0.1408273491176074,0.0,36.04854087971507,-3.108271657711546,-8.465116500854492,1.0,777.0,591.75,0.0,1546.0,0.0,1500.0,-2.0202942565890397e-16
1781701476873948309,12.531305017,-1.8024270439857535,-0.1408273491176074,0.0,36.04854087971507,-3.108271657711546,-8.465116500854492,1.0,777.0,591.75,0.0,1546.0,0.0,1500.0,-2.0202942565890397e-16
1781701476944322801,12.601679509,-1.8024270439857535,-0.1408273491176074,0.0,36.04854087971507,-3.108271657711546,-8.465116500854492,1.0,777.0,591.75,0.0,1546.0,0.0,1500.0,-2.0202942565890397e-16
1781701476944369780,12.601726488,-1.8024270439857535,-0.1408273491176074,0.0,36.04854087971507,-3.108271657711546,-8.465116500854492,1.0,777.0,591.75,0.0,1546.0,0.0,1500.0,-2.0202942565890397e-16
1781701476944378086,12.601734794,-1.8024270439857535,-0.1408273491176074,0.0,36.04854087971507,-3.108271657711546,-8.465116500854492,1.0,777.0,591.75,0.0,1546.0,0.0,1500.0,-2.0202942565890397e-16
1781701476944381752,12.60173846,-1.8024270439857535,-0.1408273491176074,0.0,36.04854087971507,-3.108271657711546,-8.465116500854492,1.0,777.0,591.75,0.0,1546.0,0.0,1500.0,-2.0202942565890397e-16
1781701476944386732,12.60174344,-1.8024270439857535,-0.1408273491176074,0.0,36.04854087971507,-3.108271657711546,-8.465116500854492,1.0,777.0,591.75,0.0,1546.0,0.0,1500.0,-2.0202942565890397e-16
1781701476944390439,12.601747147,-1.8024270439857535,-0.1408273491176074,0.0,36.04854087971507,-3.108271657711546,-8.465116500854492,1.0,777.0,591.75,0.0,1546.0,0.0,1500.0,-2.0202942565890397e-16
1781701476944394226,12.601750934,-1.8024270439857535,-0.1408273491176074,0.0,36.04854087971507,-3.108271657711546,-8.465116500854492,1.0,777.0,591.75,0.0,1546.0,0.0,1500.0,-2.0202942565890397e-16
1781701476944405507,12.601762215,-1.8024270439857535,-0.1408273491176074,0.0,36.04854087971507,-3.108271657711546,-8.465116500854492,1.0,777.0,591.75,0.0,1546.0,0.0,1500.0,-1.313191266782876e-16
1781701476944410978,12.601767686,-1.8024270439857535,-0.1408273491176074,0.0,36.04854087971507,-3.108271657711546,-8.465116500854492,1.0,777.0,591.75,0.0,1546.0,0.0,1500.0,-1.313191266782876e-16
1781701476944415376,12.601772084,-1.8024270439857535,-0.1408273491176074,0.0,36.04854087971507,-3.108271657711546,-8.465116500854492,1.0,777.0,591.75,0.0,1546.0,0.0,1500.0,-1.313191266782876e-16
1781701476944470149,12.601826857,-1.8024270439857535,-0.1408273491176074,0.0,36.04854087971507,-3.108271657711546,-8.465116500854492,1.0,777.0,591.75,0.0,1546.0,0.0,1500.0,-1.313191266782876e-16
1781701476944481351,12.601838059,-1.8024270439857535,-0.1408273491176074,0.0,36.04854087971507,-3.108271657711546,-8.465116500854492,1.0,777.0,591.75,0.0,1546.0,0.0,1500.0,-1.313191266782876e-16
1781701476944495547,12.601852255,-1.8024270439857535,-0.1408273491176074,0.0,36.04854087971507,-3.108271657711546,-8.465116500854492,1.0,777.0,591.75,0.0,1546.0,0.0,1500.0,-1.313191266782876e-16
1781701476944523961,12.601880669,-1.8024270439857535,-0.1408273491176074,0.0,36.04854087971507,-3.108271657711546,-8.465116500854492,1.0,777.0,591.75,0.0,1546.0,0.0,1500.0,-1.313191266782876e-16
1781701476989567137,12.646923845,-1.8024270439857535,-0.1408273491176074,0.0,36.04854087971507,-3.108271657711546,-8.465116500854492,1.0,777.0,591.75,0.0,1546.0,0.0,1500.0,-1.313191266782876e-16
1781701476989612403,12.646969111,-1.8024270439857535,-0.1408273491176074,0.0,36.04854087971507,-3.108271657711546,-8.465116500854492,1.0,777.0,591.75,0.0,1546.0,0.0,1500.0,-1.313191266782876e-16
1781701476989617422,12.64697413,-1.8024270439857535,-0.1408273491176074,0.0,36.04854087971507,-3.108271657711546,-8.465116500854492,1.0,777.0,591.75,0.0,1546.0,0.0,1500.0,-1.313191266782876e-16
1781701476989622061,12.646978769,-1.8024270439857535,-0.1408273491176074,0.0,36.04854087971507,-3.108271657711546,-8.465116500854492,1.0,777.0,591.75,0.0,1546.0,0.0,1500.0,-1.313191266782876e-16
1781701476989625488,12.646982196,-1.8024270439857535,-0.1408273491176074,0.0,36.04854087971507,-3.108271657711546,-8.465116500854492,1.0,777.0,591.75,0.0,1546.0,0.0,1500.0,-1.313191266782876e-16
1781701476989628724,12.646985432,-1.8024270439857535,-0.1408273491176074,0.0,36.04854087971507,-3.108271657711546,-8.465116500854492,1.0,777.0,591.75,0.0,1546.0,0.0,1500.0,-1.313191266782876e-16
1781701476989637029,12.646993737,-1.8024270439857535,-0.1408273491176074,0.0,36.04854087971507,-3.108271657711546,-8.465116500854492,1.0,777.0,591.75,0.0,1546.0,0.0,1500.0,-1.313191266782876e-16
1781701476989645155,12.647001863,-1.8024270439857535,-0.1408273491176074,0.0,36.04854087971507,-3.108271657711546,-8.465116500854492,1.0,777.0,591.75,0.0,1546.0,0.0,1500.0,-1.313191266782876e-16
1781701476989682876,12.647039584,-1.8024270439857535,-0.1408273491176074,0.0,36.04854087971507,-3.108271657711546,-8.465116500854492,1.0,777.0,591.75,0.0,1546.0,0.0,1500.0,-8.535743234088694e-17
1781701476989693947,12.647050655,-1.8024270439857535,-0.1408273491176074,0.0,36.04854087971507,-3.108271657711546,-8.465116500854492,1.0,777.0,591.75,0.0,1546.0,0.0,1500.0,-8.535743234088694e-17
1781701476989813152,12.64716986,-1.8024270439857535,-0.1408273491176074,0.0,36.04854087971507,-3.108271657711546,-8.465116500854492,1.0,777.0,591.75,0.0,1546.0,0.0,1500.0,-8.535743234088694e-17
1781701476989823622,12.64718033,-1.8024270439857535,-0.1408273491176074,0.0,36.04854087971507,-3.108271657711546,-8.465116500854492,1.0,777.0,591.75,0.0,1546.0,0.0,1500.0,-8.535743234088694e-17
1781701476989855783,12.647212491,-1.8024270439857535,-0.1408273491176074,0.0,36.04854087971507,-3.108271657711546,-8.465116500854492,1.0,777.0,591.75,0.0,1546.0,0.0,1500.0,-8.535743234088694e-17
1781701476989881772,12.64723848,-1.8024270439857535,-0.1408273491176074,0.0,36.04854087971507,-3.108271657711546,-8.465116500854492,1.0,777.0,591.75,0.0,1546.0,0.0,1500.0,-8.535743234088694e-17
1781701477031911124,12.689267832,-1.8024270439857535,-0.1408273491176074,0.0,36.04854087971507,-3.108271657711546,-8.465116500854492,1.0,777.0,591.75,0.0,1546.0,0.0,1500.0,-8.535743234088694e-17
1781701477031979133,12.689335841,-1.8024270439857535,-0.1408273491176074,0.0,36.04854087971507,-3.108271657711546,-8.465116500854492,1.0,777.0,591.75,0.0,1546.0,0.0,1500.0,-8.535743234088694e-17
1781701477031986106,12.689342814,-1.8024270439857535,-0.1408273491176074,0.0,36.04854087971507,-3.108271657711546,-8.465116500854492,1.0,777.0,591.75,0.0,1546.0,0.0,1500.0,-8.535743234088694e-17
1781701477031991025,12.689347733,-1.8024270439857535,-0.1408273491176074,0.0,36.04854087971507,-3.108271657711546,-8.465116500854492,1.0,777.0,591.75,0.0,1546.0,0.0,1500.0,-8.535743234088694e-17
1781701477032019729,12.689376437,-1.8024270439857535,-0.1408273491176074,0.0,36.04854087971507,-3.108271657711546,-8.465116500854492,1.0,777.0,591.75,0.0,1546.0,0.0,1500.0,-8.535743234088694e-17
1781701477032072890,12.689429598,-1.8024270439857535,-0.1408273491176074,0.0,36.04854087971507,-3.108271657711546,-8.465116500854492,1.0,777.0,591.75,0.0,1546.0,0.0,1500.0,-8.535743234088694e-17
1781701477032126902,12.68948361,-1.8024270439857535,-0.1408273491176074,0.0,36.04854087971507,-3.108271657711546,-8.465116500854492,1.0,777.0,591.75,0.0,1546.0,0.0,1500.0,-8.535743234088694e-17
1781701477032143373,12.689500081,-1.8024270439857535,-0.1408273491176074,0.0,36.04854087971507,-3.108271657711546,-8.465116500854492,1.0,777.0,591.75,0.0,1546.0,0.0,1500.0,-8.535743234088694e-17
1781701477032184270,12.689540978,-1.8024270439857535,-0.1408273491176074,0.0,36.04854087971507,-3.108271657711546,-8.465116500854492,1.0,777.0,591.75,0.0,1546.0,0.0,1500.0,-5.5482331021576515e-17
1781701477032209167,12.689565875,-1.8024270439857535,-0.1408273491176074,0.0,36.04854087971507,-3.108271657711546,-8.465116500854492,1.0,777.0,591.75,0.0,1546.0,0.0,1500.0,-5.5482331021576515e-17
1781701477032308074,12.689664782,-1.8024270439857535,-0.1408273491176074,0.0,36.04854087971507,-3.108271657711546,-8.465116500854492,1.0,777.0,591.75,0.0,1546.0,0.0,1500.0,-5.5482331021576515e-17
1781701477032325367,12.689682075,-1.8024270439857535,-0.1408273491176074,0.0,36.04854087971507,-3.108271657711546,-8.465116500854492,1.0,777.0,591.75,0.0,1546.0,0.0,1500.0,-5.5482331021576515e-17
1781701477032362697,12.689719405,-1.8024270439857535,-0.1408273491176074,0.0,36.04854087971507,-3.108271657711546,-8.465116500854492,1.0,777.0,591.75,0.0,1546.0,0.0,1500.0,-5.5482331021576515e-17
1781701477032410007,12.689766715,-1.8024270439857535,-0.1408273491176074,0.0,36.04854087971507,-3.108271657711546,-8.465116500854492,1.0,777.0,591.75,0.0,1546.0,0.0,1500.0,-5.5482331021576515e-17
1781701477067591342,12.72494805,-1.8024270439857535,-0.1408273491176074,0.0,36.04854087971507,-3.108271657711546,-8.465116500854492,1.0,777.0,591.75,0.0,1546.0,0.0,1500.0,-5.5482331021576515e-17
1781701477067644913,12.725001621,-1.8024270439857535,-0.1408273491176074,0.0,36.04854087971507,-3.108271657711546,-8.465116500854492,1.0,777.0,591.75,0.0,1546.0,0.0,1500.0,-5.5482331021576515e-17
1781701477067652067,12.725008775,-1.8024270439857535,-0.1408273491176074,0.0,36.04854087971507,-3.108271657711546,-8.465116500854492,1.0,777.0,591.75,0.0,1546.0,0.0,1500.0,-5.5482331021576515e-17
1781701477067657467,12.725014175,-1.8024270439857535,-0.1408273491176074,0.0,36.04854087971507,-3.108271657711546,-8.465116500854492,1.0,777.0,591.75,0.0,1546.0,0.0,1500.0,-5.5482331021576515e-17
1781701477067669770,12.725026478,-1.8024270439857535,-0.1408273491176074,0.0,36.04854087971507,-3.108271657711546,-8.465116500854492,1.0,777.0,591.75,0.0,1546.0,0.0,1500.0,-5.5482331021576515e-17
1781701477067704155,12.725060863,-1.8024270439857535,-0.1408273491176074,0.0,36.04854087971507,-3.108271657711546,-8.465116500854492,1.0,777.0,591.75,0.0,1546.0,0.0,1500.0,-5.5482331021576515e-17
1781701477067764780,12.725121488,-1.8024270439857535,-0.1408273491176074,0.0,36.04854087971507,-3.108271657711546,-8.465116500854492,1.0,777.0,591.75,0.0,1546.0,0.0,1500.0,-5.5482331021576515e-17
1781701477067779868,12.725136576,-1.8024270439857535,-0.1408273491176074,0.0,36.04854087971507,-3.108271657711546,-8.465116500854492,1.0,777.0,591.75,0.0,1546.0,0.0,1500.0,-5.5482331021576515e-17
1781701477067819202,12.72517591,-1.8024270439857535,-0.1408273491176074,0.0,36.04854087971507,-3.108271657711546,-8.465116500854492,1.0,777.0,591.75,0.0,1546.0,0.0,1500.0,-3.606351516402474e-17
1781701477067854149,12.725210857,-1.8024270439857535,-0.1408273491176074,0.0,36.04854087971507,-3.108271657711546,-8.465116500854492,1.0,777.0,591.75,0.0,1546.0,0.0,1500.0,-3.606351516402474e-17
1781701477067980758,12.725337466,-1.8024270439857535,-0.1408273491176074,0.0,36.04854087971507,-3.108271657711546,-8.465116500854492,1.0,777.0,591.75,0.0,1546.0,0.0,1500.0,-3.606351516402474e-17
1781701477068011766,12.725368474,-1.8024270439857535,-0.1408273491176074,0.0,36.04854087971507,-3.108271657711546,-8.465116500854492,1.0,777.0,591.75,0.0,1546.0,0.0,1500.0,-3.606351516402474e-17
1781701477068047504,12.725404212,-1.8024270439857535,-0.1408273491176074,0.0,36.04854087971507,-3.108271657711546,-8.465116500854492,1.0,777.0,591.75,0.0,1546.0,0.0,1500.0,-3.606351516402474e-17
1781701477068104642,12.72546135,-1.8024270439857535,-0.1408273491176074,0.0,36.04854087971507,-3.108271657711546,-8.465116500854492,1.0,777.0,591.75,0.0,1546.0,0.0,1500.0,-3.606351516402474e-17
1781701477103586375,12.760943083,-1.8024270439857535,-0.1408273491176074,0.0,36.04854087971507,-3.108271657711546,-8.465116500854492,1.0,777.0,591.75,0.0,1546.0,0.0,1500.0,-3.606351516402474e-17
1781701477103631800,12.760988508,-1.8024270439857535,-0.1408273491176074,0.0,36.04854087971507,-3.108271657711546,-8.465116500854492,1.0,777.0,591.75,0.0,1546.0,0.0,1500.0,-3.606351516402474e-17
1781701477103636479,12.760993187,-1.8024270439857535,-0.1408273491176074,0.0,36.04854087971507,-3.108271657711546,-8.465116500854492,1.0,777.0,591.75,0.0,1546.0,0.0,1500.0,-3.606351516402474e-17
1781701477103640797,12.760997505,-1.8024270439857535,-0.1408273491176074,0.0,36.04854087971507,-3.108271657711546,-8.465116500854492,1.0,777.0,591.75,0.0,1546.0,0.0,1500.0,-3.606351516402474e-17
1781701477103643953,12.761000661,-1.8024270439857535,-0.1408273491176074,0.0,36.04854087971507,-3.108271657711546,-8.465116500854492,1.0,777.0,591.75,0.0,1546.0,0.0,1500.0,-3.606351516402474e-17
1781701477103646538,12.761003246,-1.8024270439857535,-0.1408273491176074,0.0,36.04854087971507,-3.108271657711546,-8.465116500854492,1.0,777.0,591.75,0.0,1546.0,0.0,1500.0,-3.606351516402474e-17
1781701477103655976,12.761012684,-1.8024270439857535,-0.1408273491176074,0.0,36.04854087971507,-3.108271657711546,-8.465116500854492,1.0,777.0,591.75,0.0,1546.0,0.0,1500.0,-3.606351516402474e-17
1781701477103659372,12.76101608,-1.8024270439857535,-0.1408273491176074,0.0,36.04854087971507,-3.108271657711546,-8.465116500854492,1.0,777.0,591.75,0.0,1546.0,0.0,1500.0,-3.606351516402474e-17
1781701477103665314,12.761022022,-1.8024270439857535,-0.1408273491176074,0.0,36.04854087971507,-3.108271657711546,-8.465116500854492,1.0,777.0,591.75,0.0,1546.0,0.0,1500.0,-2.344128485661608e-17
1781701477103682085,12.761038793,-1.8024270439857535,-0.1408273491176074,0.0,36.04854087971507,-3.108271657711546,-8.465116500854492,1.0,777.0,591.75,0.0,1546.0,0.0,1500.0,-2.344128485661608e-17
1781701477103737911,12.761094619,-1.8024270439857535,-0.1408273491176074,0.0,36.04854087971507,-3.108271657711546,-8.465116500854492,1.0,777.0,591.75,0.0,1546.0,0.0,1500.0,-2.344128485661608e-17
1781701477103743712,12.76110042,-1.8024270439857535,-0.1408273491176074,0.0,36.04854087971507,-3.108271657711546,-8.465116500854492,1.0,777.0,591.75,0.0,1546.0,0.0,1500.0,-2.344128485661608e-17
1781701477103791622,12.76114833,-1.8024270439857535,-0.1408273491176074,0.0,36.04854087971507,-3.108271657711546,-8.465116500854492,1.0,777.0,591.75,0.0,1546.0,0.0,1500.0,-2.344128485661608e-17
1781701477103816870,12.761173578,-1.8024270439857535,-0.1408273491176074,0.0,36.04854087971507,-3.108271657711546,-8.465116500854492,1.0,777.0,591.75,0.0,1546.0,0.0,1500.0,-2.344128485661608e-17
1781701477135733888,12.793090596,-1.8024270439857535,-0.1408273491176074,0.0,36.04854087971507,-3.108271657711546,-8.465116500854492,1.0,777.0,591.75,0.0,1546.0,0.0,1500.0,-2.344128485661608e-17
1781701477135786588,12.793143296,-1.8024270439857535,-0.1408273491176074,0.0,36.04854087971507,-3.108271657711546,-8.465116500854492,1.0,777.0,591.75,0.0,1546.0,0.0,1500.0,-2.344128485661608e-17
1781701477135790996,12.793147704,-1.8024270439857535,-0.1408273491176074,0.0,36.04854087971507,-3.108271657711546,-8.465116500854492,1.0,777.0,591.75,0.0,1546.0,0.0,1500.0,-2.344128485661608e-17
1781701477135794763,12.793151471,-1.8024270439857535,-0.1408273491176074,0.0,36.04854087971507,-3.108271657711546,-8.465116500854492,1.0,777.0,591.75,0.0,1546.0,0.0,1500.0,-2.344128485661608e-17
1781701477135805904,12.793162612,-1.8024270439857535,-0.1408273491176074,0.0,36.04854087971507,-3.108271657711546,-8.465116500854492,1.0,777.0,591.75,0.0,1546.0,0.0,1500.0,-2.344128485661608e-17
1781701477135851440,12.793208148,-1.8024270439857535,-0.1408273491176074,0.0,36.04854087971507,-3.108271657711546,-8.465116500854492,1.0,777.0,591.75,0.0,1546.0,0.0,1500.0,-2.344128485661608e-17
1781701477135888490,12.793245198,-1.8024270439857535,-0.1408273491176074,0.0,36.04854087971507,-3.108271657711546,-8.465116500854492,1.0,777.0,591.75,0.0,1546.0,0.0,1500.0,-2.344128485661608e-17
1781701477135917635,12.793274343,-1.8024270439857535,-0.1408273491176074,0.0,36.04854087971507,-3.108271657711546,-8.465116500854492,1.0,777.0,591.75,0.0,1546.0,0.0,1500.0,-2.344128485661608e-17
1781701477135949846,12.793306554,-1.8024270439857535,-0.1408273491176074,0.0,36.04854087971507,-3.108271657711546,-8.465116500854492,1.0,777.0,591.75,0.0,1546.0,0.0,1500.0,-1.523683515680045e-17
1781701477135978811,12.793335519,-1.8024270439857535,-0.1408273491176074,0.0,36.04854087971507,-3.108271657711546,-8.465116500854492,1.0,777.0,591.75,0.0,1546.0,0.0,1500.0,-1.523683515680045e-17
1781701477136055446,12.793412154,-1.8024270439857535,-0.1408273491176074,0.0,36.04854087971507,-3.108271657711546,-8.465116500854492,1.0,777.0,591.75,0.0,1546.0,0.0,1500.0,-1.523683515680045e-17
1781701477136081515,12.793438223,-1.8024270439857535,-0.1408273491176074,0.0,36.04854087971507,-3.108271657711546,-8.465116500854492,1.0,777.0,591.75,0.0,1546.0,0.0,1500.0,-1.523683515680045e-17
1781701477136108215,12.793464923,-1.8024270439857535,-0.1408273491176074,0.0,36.04854087971507,-3.108271657711546,-8.465116500854492,1.0,777.0,591.75,0.0,1546.0,0.0,1500.0,-1.523683515680045e-17
1781701477136152860,12.793509568,-1.8024270439857535,-0.1408273491176074,0.0,36.04854087971507,-3.108271657711546,-8.465116500854492,1.0,777.0,591.75,0.0,1546.0,0.0,1500.0,-1.523683515680045e-17
1781701477198508022,12.85586473,-1.8024270439857535,-0.1408273491176074,0.0,36.04854087971507,-3.108271657711546,-8.465116500854492,1.0,777.0,591.75,0.0,1546.0,0.0,1500.0,-1.523683515680045e-17
1781701477198547307,12.855904015,-1.8024270439857535,-0.1408273491176074,0.0,36.04854087971507,-3.108271657711546,-8.465116500854492,1.0,777.0,591.75,0.0,1546.0,0.0,1500.0,-1.523683515680045e-17
1781701477198551915,12.855908623,-1.8024270439857535,-0.1408273491176074,0.0,36.04854087971507,-3.108271657711546,-8.465116500854492,1.0,777.0,591.75,0.0,1546.0,0.0,1500.0,-1.523683515680045e-17
1781701477198555622,12.85591233,-1.8024270439857535,-0.1408273491176074,0.0,36.04854087971507,-3.108271657711546,-8.465116500854492,1.0,777.0,591.75,0.0,1546.0,0.0,1500.0,-1.523683515680045e-17
1781701477198559640,12.855916348,-1.8024270439857535,-0.1408273491176074,0.0,36.04854087971507,-3.108271657711546,-8.465116500854492,1.0,777.0,591.75,0.0,1546.0,0.0,1500.0,-1.523683515680045e-17
1781701477198562065,12.855918773,-1.8024270439857535,-0.1408273491176074,0.0,36.04854087971507,-3.108271657711546,-8.465116500854492,1.0,777.0,591.75,0.0,1546.0,0.0,1500.0,-1.523683515680045e-17
1781701477198569539,12.855926247,-1.8024270439857535,-0.1408273491176074,0.0,36.04854087971507,-3.108271657711546,-8.465116500854492,1.0,777.0,591.75,0.0,1546.0,0.0,1500.0,-1.523683515680045e-17
1781701477198575430,12.855932138,-1.8024270439857535,-0.1408273491176074,0.0,36.04854087971507,-3.108271657711546,-8.465116500854492,1.0,777.0,591.75,0.0,1546.0,0.0,1500.0,-1.523683515680045e-17
1781701477198592081,12.855948789,-1.8024270439857535,-0.1408273491176074,0.0,36.04854087971507,-3.108271657711546,-8.465116500854492,1.0,777.0,591.75,0.0,1546.0,0.0,1500.0,-9.903942851920293e-18
1781701477198601509,12.855958217,-1.8024270439857535,-0.1408273491176074,0.0,36.04854087971507,-3.108271657711546,-8.465116500854492,1.0,777.0,591.75,0.0,1546.0,0.0,1500.0,-9.903942851920293e-18
1781701477198664889,12.856021597,-1.8024270439857535,-0.1408273491176074,0.0,36.04854087971507,-3.108271657711546,-8.465116500854492,1.0,777.0,591.75,0.0,1546.0,0.0,1500.0,-9.903942851920293e-18
1781701477198674607,12.856031315,-1.8024270439857535,-0.1408273491176074,0.0,36.04854087971507,-3.108271657711546,-8.465116500854492,1.0,777.0,591.75,0.0,1546.0,0.0,1500.0,-9.903942851920293e-18
1781701477198689004,12.856045712,-1.8024270439857535,-0.1408273491176074,0.0,36.04854087971507,-3.108271657711546,-8.465116500854492,1.0,777.0,591.75,0.0,1546.0,0.0,1500.0,-9.903942851920293e-18
1781701477198717448,12.856074156,-1.8024270439857535,-0.1408273491176074,0.0,36.04854087971507,-3.108271657711546,-8.465116500854492,1.0,777.0,591.75,0.0,1546.0,0.0,1500.0,-9.903942851920293e-18
1781701477241297752,12.89865446,-1.8024270439857535,-0.1408273491176074,0.0,36.04854087971507,-3.108271657711546,-8.465116500854492,1.0,777.0,591.75,0.0,1546.0,0.0,1500.0,-9.903942851920293e-18
1781701477241331325,12.898688033,-1.8024270439857535,-0.1408273491176074,0.0,36.04854087971507,-3.108271657711546,-8.465116500854492,1.0,777.0,591.75,0.0,1546.0,0.0,1500.0,-9.903942851920293e-18
1781701477241335713,12.898692421,-1.8024270439857535,-0.1408273491176074,0.0,36.04854087971507,-3.108271657711546,-8.465116500854492,1.0,777.0,591.75,0.0,1546.0,0.0,1500.0,-9.903942851920293e-18
1781701477241338068,12.898694776,-1.8024270439857535,-0.1408273491176074,0.0,36.04854087971507,-3.108271657711546,-8.465116500854492,1.0,777.0,591.75,0.0,1546.0,0.0,1500.0,-9.903942851920293e-18
1781701477241347155,12.898703863,-1.8024270439857535,-0.1408273491176074,0.0,36.04854087971507,-3.108271657711546,-8.465116500854492,1.0,777.0,591.75,0.0,1546.0,0.0,1500.0,-9.903942851920293e-18
1781701477241384796,12.898741504,-1.8024270439857535,-0.1408273491176074,0.0,36.04854087971507,-3.108271657711546,-8.465116500854492,1.0,777.0,591.75,0.0,1546.0,0.0,1500.0,-9.903942851920293e-18
1781701477241417127,12.898773835,-1.8024270439857535,-0.1408273491176074,0.0,36.04854087971507,-3.108271657711546,-8.465116500854492,1.0,777.0,591.75,0.0,1546.0,0.0,1500.0,-9.903942851920293e-18
1781701477241459597,12.898816305,-1.8024270439857535,-0.1408273491176074,0.0,36.04854087971507,-3.108271657711546,-8.465116500854492,1.0,777.0,591.75,0.0,1546.0,0.0,1500.0,-9.903942851920293e-18
1781701477241477181,12.898833889,-1.8024270439857535,-0.1408273491176074,0.0,36.04854087971507,-3.108271657711546,-8.465116500854492,1.0,777.0,591.75,0.0,1546.0,0.0,1500.0,-6.437562853748191e-18
1781701477241493181,12.898849889,-1.8024270439857535,-0.1408273491176074,0.0,36.04854087971507,-3.108271657711546,-8.465116500854492,1.0,777.0,591.75,0.0,1546.0,0.0,1500.0,-6.437562853748191e-18
1781701477241592258,12.898948966,-1.8024270439857535,-0.1408273491176074,0.0,36.04854087971507,-3.108271657711546,-8.465116500854492,1.0,777.0,591.75,0.0,1546.0,0.0,1500.0,-6.437562853748191e-18
1781701477241610783,12.898967491,-1.8024270439857535,-0.1408273491176074,0.0,36.04854087971507,-3.108271657711546,-8.465116500854492,1.0,777.0,591.75,0.0,1546.0,0.0,1500.0,-6.437562853748191e-18
1781701477241639838,12.898996546,-1.8024270439857535,-0.1408273491176074,0.0,36.04854087971507,-3.108271657711546,-8.465116500854492,1.0,777.0,591.75,0.0,1546.0,0.0,1500.0,-6.437562853748191e-18
1781701477241680415,12.899037123,-1.8024270439857535,-0.1408273491176074,0.0,36.04854087971507,-3.108271657711546,-8.465116500854492,1.0,777.0,591.75,0.0,1546.0,0.0,1500.0,-6.437562853748191e-18
