timestamp_ns,topic,value
1781701464342643292,/dynamic_straight/tuning/marker_seen,1.0
1781701464342701963,/dynamic_straight/tuning/throttle_pwm,1585.0
1781701464342709677,/dynamic_straight/tuning/track_speed_pps,0.0
1781701464342715148,/dynamic_straight/tuning/marker_x_px,174.75
1781701464342728763,/dynamic_straight/tuning/heading_error_rad,-3.141592653589793
1781701464342732250,/dynamic_straight/tuning/raw_track_speed_pps,0.0
1781701464342734685,/dynamic_straight/tuning/lateral_error_px,-37.5
1781701464342737460,/dynamic_straight/tuning/roll_pwm,1850.0
1781701464342739904,/dynamic_straight/tuning/marker_y_px,556.5
1781701464342748601,/dynamic_straight/tuning/target_speed_pps,0.0
1781701464342800619,/dynamic_straight/tuning/cbf_qp_h,0.0
1781701464342814566,/dynamic_straight/tuning/cbf_qp_h_dot,0.0
1781701464342826819,/dynamic_straight/tuning/cbf_qp_h_ddot,0.0
1781701464342862436,/dynamic_straight/tuning/cbf_qp_rhs,0.0
1781701464447765473,/dynamic_straight/tuning/marker_seen,1.0
1781701464447826398,/dynamic_straight/tuning/marker_x_px,174.75
1781701464447834524,/dynamic_straight/tuning/heading_error_rad,-3.141592653589793
1781701464447840415,/dynamic_straight/tuning/lateral_error_px,-37.5
1781701464447843661,/dynamic_straight/tuning/roll_pwm,1850.0
1781701464447847007,/dynamic_straight/tuning/marker_y_px,556.5
1781701464447859902,/dynamic_straight/tuning/throttle_pwm,1585.0
1781701464447879990,/dynamic_straight/tuning/raw_track_speed_pps,0.0
1781701464447899356,/dynamic_straight/tuning/track_speed_pps,0.0
1781701464447912361,/dynamic_straight/tuning/target_speed_pps,0.0
1781701464448017129,/dynamic_straight/tuning/cbf_qp_h,0.0
1781701464448033039,/dynamic_straight/tuning/cbf_qp_h_dot,0.0
1781701464448042306,/dynamic_straight/tuning/cbf_qp_h_ddot,0.0
1781701464448091369,/dynamic_straight/tuning/cbf_qp_rhs,0.0
1781701464481977705,/dynamic_straight/tuning/marker_seen,1.0
1781701464482032359,/dynamic_straight/tuning/throttle_pwm,1585.0
1781701464482037178,/dynamic_straight/tuning/marker_x_px,174.75
1781701464482040434,/dynamic_straight/tuning/heading_error_rad,-3.141592653589793
1781701464482044992,/dynamic_straight/tuning/lateral_error_px,-37.5
1781701464482050924,/dynamic_straight/tuning/roll_pwm,1850.0
1781701464482057696,/dynamic_straight/tuning/marker_y_px,556.5
1781701464482065922,/dynamic_straight/tuning/raw_track_speed_pps,0.0
1781701464482092452,/dynamic_straight/tuning/track_speed_pps,0.0
1781701464482115556,/dynamic_straight/tuning/target_speed_pps,0.0
1781701464482208411,/dynamic_straight/tuning/cbf_qp_h,0.0
1781701464482234581,/dynamic_straight/tuning/cbf_qp_h_dot,0.0
1781701464482253987,/dynamic_straight/tuning/cbf_qp_h_ddot,0.0
1781701464482317086,/dynamic_straight/tuning/cbf_qp_rhs,0.0
1781701464564634657,/dynamic_straight/tuning/marker_seen,1.0
1781701464564697345,/dynamic_straight/tuning/throttle_pwm,1585.0
1781701464564704769,/dynamic_straight/tuning/marker_x_px,174.75
1781701464564709187,/dynamic_straight/tuning/heading_error_rad,-3.141592653589793
1781701464564714387,/dynamic_straight/tuning/raw_track_speed_pps,0.0
1781701464564719988,/dynamic_straight/tuning/lateral_error_px,-37.5
1781701464564724266,/dynamic_straight/tuning/roll_pwm,1850.0
1781701464564728083,/dynamic_straight/tuning/marker_y_px,556.5
1781701464564740697,/dynamic_straight/tuning/track_speed_pps,0.0
1781701464564746578,/dynamic_straight/tuning/target_speed_pps,0.0
1781701464564801171,/dynamic_straight/tuning/cbf_qp_h,0.0
1781701464564812703,/dynamic_straight/tuning/cbf_qp_h_dot,0.0
1781701464564823123,/dynamic_straight/tuning/cbf_qp_h_ddot,0.0
1781701464564854762,/dynamic_straight/tuning/cbf_qp_rhs,0.0
1781701464601610309,/dynamic_straight/tuning/marker_seen,1.0
1781701464601657077,/dynamic_straight/tuning/throttle_pwm,1585.0
1781701464601661857,/dynamic_straight/tuning/marker_x_px,174.75
1781701464601665063,/dynamic_straight/tuning/heading_error_rad,-3.141592653589793
1781701464601669210,/dynamic_straight/tuning/raw_track_speed_pps,0.0
1781701464601674691,/dynamic_straight/tuning/lateral_error_px,-37.5
1781701464601677556,/dynamic_straight/tuning/roll_pwm,1850.0
1781701464601680021,/dynamic_straight/tuning/marker_y_px,556.5
1781701464601687605,/dynamic_straight/tuning/track_speed_pps,0.0
1781701464601690491,/dynamic_straight/tuning/target_speed_pps,0.0
1781701464601739463,/dynamic_straight/tuning/cbf_qp_h,0.0
1781701464601747118,/dynamic_straight/tuning/cbf_qp_h_dot,0.0
1781701464601762968,/dynamic_straight/tuning/cbf_qp_h_ddot,0.0
1781701464601808303,/dynamic_straight/tuning/cbf_qp_rhs,0.0
1781701464641683253,/dynamic_straight/tuning/marker_seen,1.0
1781701464641728448,/dynamic_straight/tuning/marker_x_px,174.75
1781701464641732245,/dynamic_straight/tuning/heading_error_rad,-3.141592653589793
1781701464641737105,/dynamic_straight/tuning/lateral_error_px,-37.5
1781701464641739850,/dynamic_straight/tuning/roll_pwm,1850.0
1781701464641743767,/dynamic_straight/tuning/marker_y_px,556.5
1781701464641759016,/dynamic_straight/tuning/throttle_pwm,1585.0
1781701464641764146,/dynamic_straight/tuning/raw_track_speed_pps,0.0
1781701464641773864,/dynamic_straight/tuning/track_speed_pps,0.0
1781701464641784805,/dynamic_straight/tuning/target_speed_pps,0.0
1781701464641842193,/dynamic_straight/tuning/cbf_qp_h,0.0
1781701464641851601,/dynamic_straight/tuning/cbf_qp_h_dot,0.0
1781701464641888421,/dynamic_straight/tuning/cbf_qp_h_ddot,0.0
1781701464641923346,/dynamic_straight/tuning/cbf_qp_rhs,0.0
1781701464669406737,/dynamic_straight/tuning/marker_seen,1.0
1781701464669445590,/dynamic_straight/tuning/marker_x_px,174.75
1781701464669450239,/dynamic_straight/tuning/heading_error_rad,-3.141592653589793
1781701464669453715,/dynamic_straight/tuning/lateral_error_px,-37.5
1781701464669456631,/dynamic_straight/tuning/roll_pwm,1850.0
1781701464669459516,/dynamic_straight/tuning/marker_y_px,556.5
1781701464669468674,/dynamic_straight/tuning/throttle_pwm,1585.0
1781701464669472361,/dynamic_straight/tuning/raw_track_speed_pps,0.0
1781701464669480286,/dynamic_straight/tuning/track_speed_pps,0.0
1781701464669493270,/dynamic_straight/tuning/target_speed_pps,0.0
1781701464669550037,/dynamic_straight/tuning/cbf_qp_h,0.0
1781701464669562601,/dynamic_straight/tuning/cbf_qp_h_dot,0.0
1781701464669576578,/dynamic_straight/tuning/cbf_qp_h_ddot,0.0
1781701464669617906,/dynamic_straight/tuning/cbf_qp_rhs,0.0
1781701464718244769,/dynamic_straight/tuning/marker_seen,1.0
1781701464718306035,/dynamic_straight/tuning/throttle_pwm,1585.0
1781701464718312928,/dynamic_straight/tuning/marker_x_px,174.75
1781701464718317777,/dynamic_straight/tuning/heading_error_rad,-3.141592653589793
1781701464718324540,/dynamic_straight/tuning/lateral_error_px,-37.5
1781701464718330261,/dynamic_straight/tuning/roll_pwm,1850.0
1781701464718336192,/dynamic_straight/tuning/marker_y_px,556.5
1781701464718347002,/dynamic_straight/tuning/track_speed_pps,0.0
1781701464718351771,/dynamic_straight/tuning/raw_track_speed_pps,0.0
1781701464718362191,/dynamic_straight/tuning/target_speed_pps,0.0
1781701464718450488,/dynamic_straight/tuning/cbf_qp_h,0.0
1781701464718466147,/dynamic_straight/tuning/cbf_qp_h_dot,0.0
1781701464718476256,/dynamic_straight/tuning/cbf_qp_h_ddot,0.0
1781701464718525329,/dynamic_straight/tuning/cbf_qp_rhs,0.0
1781701464753313048,/dynamic_straight/tuning/marker_seen,1.0
1781701464753388040,/dynamic_straight/tuning/throttle_pwm,1585.0
1781701464753396776,/dynamic_straight/tuning/track_speed_pps,0.0
1781701464753403219,/dynamic_straight/tuning/marker_x_px,174.75
1781701464753407507,/dynamic_straight/tuning/heading_error_rad,-3.141592653589793
1781701464753413438,/dynamic_straight/tuning/raw_track_speed_pps,0.0
1781701464753419960,/dynamic_straight/tuning/lateral_error_px,-37.5
1781701464753424729,/dynamic_straight/tuning/roll_pwm,1850.0
1781701464753430079,/dynamic_straight/tuning/marker_y_px,556.5
1781701464753435830,/dynamic_straight/tuning/target_speed_pps,0.0
1781701464753447061,/dynamic_straight/tuning/cbf_qp_h,0.0
1781701464753458142,/dynamic_straight/tuning/cbf_qp_h_dot,0.0
1781701464753474804,/dynamic_straight/tuning/cbf_qp_h_ddot,0.0
1781701464753512184,/dynamic_straight/tuning/cbf_qp_rhs,0.0
1781701464796032141,/dynamic_straight/tuning/marker_seen,1.0
1781701464796076585,/dynamic_straight/tuning/marker_x_px,173.25
1781701464796080683,/dynamic_straight/tuning/heading_error_rad,3.107123552590285
1781701464796085311,/dynamic_straight/tuning/lateral_error_px,-10.99020767211914
1781701464796088738,/dynamic_straight/tuning/marker_y_px,555.75
1781701464796099057,/dynamic_straight/tuning/roll_pwm,1150.0
1781701464797090500,/dynamic_straight/tuning/throttle_pwm,1585.0
1781701464797129003,/dynamic_straight/tuning/track_speed_pps,-1.7796866331107335
1781701464797135105,/dynamic_straight/tuning/raw_track_speed_pps,-5.084818951744953
1781701464799817041,/dynamic_straight/tuning/target_speed_pps,0.0
1781701464799835546,/dynamic_straight/tuning/cbf_qp_h,0.0
1781701464799839153,/dynamic_straight/tuning/cbf_qp_h_dot,0.0
1781701464799841588,/dynamic_straight/tuning/cbf_qp_h_ddot,0.0
1781701464799844032,/dynamic_straight/tuning/cbf_qp_rhs,0.0
1781701464844055073,/dynamic_straight/tuning/marker_seen,1.0
1781701464844098866,/dynamic_straight/tuning/marker_x_px,174.75
1781701464844102633,/dynamic_straight/tuning/heading_error_rad,-3.141592653589793
1781701464844107693,/dynamic_straight/tuning/lateral_error_px,-37.5
1781701464844111480,/dynamic_straight/tuning/roll_pwm,1850.0
1781701464844114586,/dynamic_straight/tuning/marker_y_px,556.5
1781701464844121359,/dynamic_straight/tuning/throttle_pwm,1585.0
1781701464844128292,/dynamic_straight/tuning/raw_track_speed_pps,4.469535188507892
1781701464844146396,/dynamic_straight/tuning/track_speed_pps,0.40754100445578545
1781701464844160142,/dynamic_straight/tuning/target_speed_pps,0.0
1781701464844220616,/dynamic_straight/tuning/cbf_qp_h,0.0
1781701464844235394,/dynamic_straight/tuning/cbf_qp_h_dot,0.0
1781701464844250633,/dynamic_straight/tuning/cbf_qp_h_ddot,0.0
1781701464844289917,/dynamic_straight/tuning/cbf_qp_rhs,0.0
1781701464882070600,/dynamic_straight/tuning/marker_seen,1.0
1781701464882118942,/dynamic_straight/tuning/throttle_pwm,1585.0
1781701464882123200,/dynamic_straight/tuning/marker_x_px,173.25
1781701464882127057,/dynamic_straight/tuning/heading_error_rad,3.107123552590285
1781701464882130614,/dynamic_straight/tuning/lateral_error_px,-10.99020767211914
1781701464882133850,/dynamic_straight/tuning/roll_pwm,1150.0
1781701464882137557,/dynamic_straight/tuning/marker_y_px,555.75
1781701464882145261,/dynamic_straight/tuning/track_speed_pps,-1.7546572014584605
1781701464882148117,/dynamic_straight/tuning/raw_track_speed_pps,-5.770168155299204
1781701464882156493,/dynamic_straight/tuning/target_speed_pps,0.0
1781701464882222898,/dynamic_straight/tuning/cbf_qp_h,0.0
1781701464882235201,/dynamic_straight/tuning/cbf_qp_h_dot,0.0
1781701464882260108,/dynamic_straight/tuning/cbf_qp_h_ddot,0.0
1781701464882311556,/dynamic_straight/tuning/cbf_qp_rhs,0.0
1781701464913656210,/dynamic_straight/tuning/marker_seen,1.0
1781701464913688121,/dynamic_straight/tuning/marker_x_px,173.25
1781701464913690866,/dynamic_straight/tuning/heading_error_rad,3.107123552590285
1781701464913694092,/dynamic_straight/tuning/lateral_error_px,-10.99020767211914
1781701464913695955,/dynamic_straight/tuning/marker_y_px,555.75
1781701464913701295,/dynamic_straight/tuning/roll_pwm,1607.0
1781701464913706245,/dynamic_straight/tuning/throttle_pwm,1585.0
1781701464913722736,/dynamic_straight/tuning/raw_track_speed_pps,0.0
1781701464913730340,/dynamic_straight/tuning/track_speed_pps,-1.1405271809479993
1781701464913760187,/dynamic_straight/tuning/target_speed_pps,0.0
1781701464913813006,/dynamic_straight/tuning/cbf_qp_h,0.0
1781701464913822585,/dynamic_straight/tuning/cbf_qp_h_dot,0.0
1781701464913830920,/dynamic_straight/tuning/cbf_qp_h_ddot,0.0
1781701464913863702,/dynamic_straight/tuning/cbf_qp_rhs,0.0
1781701464984664235,/dynamic_straight/tuning/marker_seen,1.0
1781701464984703249,/dynamic_straight/tuning/marker_x_px,174.75
1781701464984707757,/dynamic_straight/tuning/heading_error_rad,-3.141592653589793
1781701464984710472,/dynamic_straight/tuning/lateral_error_px,-37.5
1781701464984713007,/dynamic_straight/tuning/marker_y_px,556.5
1781701464984720642,/dynamic_straight/tuning/roll_pwm,1850.0
1781701464984742513,/dynamic_straight/tuning/throttle_pwm,1585.0
1781701464984765316,/dynamic_straight/tuning/raw_track_speed_pps,3.163701742347856
1781701464984774493,/dynamic_straight/tuning/track_speed_pps,0.3659529422055501
1781701464984796275,/dynamic_straight/tuning/target_speed_pps,0.0
1781701464984878039,/dynamic_straight/tuning/cbf_qp_h,0.0
1781701464984897576,/dynamic_straight/tuning/cbf_qp_h_dot,0.0
1781701464984908677,/dynamic_straight/tuning/cbf_qp_h_ddot,0.0
1781701464984952159,/dynamic_straight/tuning/cbf_qp_rhs,0.0
1781701465103095259,/dynamic_straight/tuning/marker_seen,1.0
1781701465103155994,/dynamic_straight/tuning/marker_x_px,174.75
1781701465103165192,/dynamic_straight/tuning/heading_error_rad,-3.141592653589793
1781701465103174389,/dynamic_straight/tuning/lateral_error_px,-37.5
1781701465103179989,/dynamic_straight/tuning/roll_pwm,1691.0
1781701465103185380,/dynamic_straight/tuning/marker_y_px,556.5
1781701465103202773,/dynamic_straight/tuning/throttle_pwm,1585.0
1781701465103208714,/dynamic_straight/tuning/raw_track_speed_pps,0.0
1781701465103221047,/dynamic_straight/tuning/track_speed_pps,0.23786941243360757
1781701465103240043,/dynamic_straight/tuning/target_speed_pps,0.0
1781701465103332698,/dynamic_straight/tuning/cbf_qp_h,0.0
1781701465103352255,/dynamic_straight/tuning/cbf_qp_h_dot,0.0
1781701465103444700,/dynamic_straight/tuning/cbf_qp_h_ddot,0.0
1781701465103450581,/dynamic_straight/tuning/cbf_qp_rhs,0.0
1781701465165312758,/dynamic_straight/tuning/marker_seen,1.0
1781701465165846045,/dynamic_straight/tuning/marker_x_px,174.75
1781701465165878196,/dynamic_straight/tuning/heading_error_rad,-3.141592653589793
1781701465165886532,/dynamic_straight/tuning/lateral_error_px,-37.5
1781701465165891621,/dynamic_straight/tuning/roll_pwm,1691.0
1781701465165895188,/dynamic_straight/tuning/marker_y_px,556.5
1781701465165902111,/dynamic_straight/tuning/throttle_pwm,1585.0
1781701465165906259,/dynamic_straight/tuning/track_speed_pps,0.15461511808184492
1781701465165910277,/dynamic_straight/tuning/raw_track_speed_pps,0.0
1781701465165917270,/dynamic_straight/tuning/cbf_qp_h,0.0
1781701465165920746,/dynamic_straight/tuning/target_speed_pps,0.0
1781701465165927509,/dynamic_straight/tuning/cbf_qp_h_dot,0.0
1781701465165930685,/dynamic_straight/tuning/cbf_qp_h_ddot,0.0
1781701465165939031,/dynamic_straight/tuning/cbf_qp_rhs,0.0
1781701465215188080,/dynamic_straight/tuning/marker_seen,1.0
1781701465215232855,/dynamic_straight/tuning/marker_x_px,175.5
1781701465215238515,/dynamic_straight/tuning/heading_error_rad,-3.141592653589793
1781701465215243585,/dynamic_straight/tuning/lateral_error_px,-37.5
1781701465215246931,/dynamic_straight/tuning/roll_pwm,1691.0
1781701465215250728,/dynamic_straight/tuning/marker_y_px,556.5
1781701465215261148,/dynamic_straight/tuning/throttle_pwm,1585.0
1781701465215265777,/dynamic_straight/tuning/raw_track_speed_pps,2.1548608015607984
1781701465215274283,/dynamic_straight/tuning/track_speed_pps,0.8547011072994787
1781701465215282929,/dynamic_straight/tuning/target_speed_pps,0.0
1781701465215432612,/dynamic_straight/tuning/cbf_qp_h,0.0
1781701465215451989,/dynamic_straight/tuning/cbf_qp_h_dot,0.0
1781701465215466366,/dynamic_straight/tuning/cbf_qp_h_ddot,0.0
1781701465215514877,/dynamic_straight/tuning/cbf_qp_rhs,0.0
1781701465260658771,/dynamic_straight/tuning/marker_seen,1.0
1781701465260714667,/dynamic_straight/tuning/marker_x_px,175.5
1781701465260718474,/dynamic_straight/tuning/heading_error_rad,-3.141592653589793
1781701465260724135,/dynamic_straight/tuning/lateral_error_px,-37.5
1781701465260728874,/dynamic_straight/tuning/marker_y_px,556.5
1781701465260738512,/dynamic_straight/tuning/roll_pwm,1691.0
1781701465260776564,/dynamic_straight/tuning/throttle_pwm,1585.0
1781701465260808344,/dynamic_straight/tuning/raw_track_speed_pps,0.0
1781701465260835926,/dynamic_straight/tuning/track_speed_pps,0.5555557197446611
1781701465260876803,/dynamic_straight/tuning/target_speed_pps,0.0
1781701465260945343,/dynamic_straight/tuning/cbf_qp_h,0.0
1781701465260971352,/dynamic_straight/tuning/cbf_qp_h_dot,0.0
1781701465260996910,/dynamic_straight/tuning/cbf_qp_h_ddot,0.0
1781701465261036695,/dynamic_straight/tuning/cbf_qp_rhs,0.0
1781701465298134739,/dynamic_straight/tuning/marker_seen,1.0
1781701465298177610,/dynamic_straight/tuning/marker_x_px,178.5
1781701465298182078,/dynamic_straight/tuning/heading_error_rad,-3.141592653589793
1781701465298185715,/dynamic_straight/tuning/lateral_error_px,-37.5
1781701465298188070,/dynamic_straight/tuning/marker_y_px,556.5
1781701465298195283,/dynamic_straight/tuning/roll_pwm,1691.0
1781701465298201806,/dynamic_straight/tuning/throttle_pwm,1585.0
1781701465298229348,/dynamic_straight/tuning/raw_track_speed_pps,10.050610414955717
1781701465298239998,/dynamic_straight/tuning/track_speed_pps,3.8788248630685302
1781701465298265997,/dynamic_straight/tuning/target_speed_pps,0.0
1781701465299271977,/dynamic_straight/tuning/cbf_qp_h,0.0
1781701465299282597,/dynamic_straight/tuning/cbf_qp_h_dot,0.0
1781701465299521769,/dynamic_straight/tuning/cbf_qp_h_ddot,0.0
1781701465299568127,/dynamic_straight/tuning/cbf_qp_rhs,0.0
1781701465346657175,/dynamic_straight/tuning/marker_seen,1.0
1781701465346708943,/dynamic_straight/tuning/marker_x_px,179.25
1781701465346717259,/dynamic_straight/tuning/heading_error_rad,3.104572537715863
1781701465346723260,/dynamic_straight/tuning/lateral_error_px,-7.694925308227539
1781701465346728791,/dynamic_straight/tuning/marker_y_px,557.25
1781701465346742156,/dynamic_straight/tuning/roll_pwm,1150.0
1781701465346761823,/dynamic_straight/tuning/throttle_pwm,1585.0
1781701465346821546,/dynamic_straight/tuning/raw_track_speed_pps,2.2064068254781435
1781701465346837326,/dynamic_straight/tuning/track_speed_pps,3.293478549911895
1781701465346878023,/dynamic_straight/tuning/target_speed_pps,0.0
1781701465346970547,/dynamic_straight/tuning/cbf_qp_h,0.0
1781701465346985856,/dynamic_straight/tuning/cbf_qp_h_dot,0.0
1781701465347435386,/dynamic_straight/tuning/cbf_qp_h_ddot,0.0
1781701465347455463,/dynamic_straight/tuning/cbf_qp_rhs,0.0
1781701465385941540,/dynamic_straight/tuning/marker_seen,1.0
1781701465386002134,/dynamic_straight/tuning/throttle_pwm,1585.0
1781701465386009298,/dynamic_straight/tuning/track_speed_pps,5.008433958422561
1781701465386014668,/dynamic_straight/tuning/marker_x_px,181.5
1781701465386018735,/dynamic_straight/tuning/cbf_qp_h,0.0
1781701465386021721,/dynamic_straight/tuning/cbf_qp_h_dot,0.0
1781701465386026470,/dynamic_straight/tuning/heading_error_rad,3.070285188804503
1781701465386030458,/dynamic_straight/tuning/cbf_qp_h_ddot,0.0
1781701465386035156,/dynamic_straight/tuning/raw_track_speed_pps,8.193351145656655
1781701465386038042,/dynamic_straight/tuning/cbf_qp_rhs,0.0
1781701465386041599,/dynamic_straight/tuning/lateral_error_px,19.81341552734375
1781701465386045185,/dynamic_straight/tuning/roll_pwm,1150.0
1781701465386048081,/dynamic_straight/tuning/marker_y_px,558.0
1781701465386051137,/dynamic_straight/tuning/target_speed_pps,0.0
1781701465458150113,/dynamic_straight/tuning/marker_seen,1.0
1781701465458186341,/dynamic_straight/tuning/marker_x_px,184.5
1781701465458189918,/dynamic_straight/tuning/lateral_error_px,-34.5
1781701465458192803,/dynamic_straight/tuning/marker_y_px,559.5
1781701465458209305,/dynamic_straight/tuning/heading_error_rad,-3.141592653589793
1781701465458242678,/dynamic_straight/tuning/roll_pwm,1850.0
1781701465458273476,/dynamic_straight/tuning/throttle_pwm,1585.0
1781701465458297702,/dynamic_straight/tuning/raw_track_speed_pps,5.451124946130192
1781701465458322849,/dynamic_straight/tuning/track_speed_pps,5.163375804120232
1781701465458341825,/dynamic_straight/tuning/target_speed_pps,0.0
1781701465458420964,/dynamic_straight/tuning/cbf_qp_h,0.0
1781701465458437235,/dynamic_straight/tuning/cbf_qp_h_dot,0.0
1781701465458465228,/dynamic_straight/tuning/cbf_qp_h_ddot,0.0
1781701465458502288,/dynamic_straight/tuning/cbf_qp_rhs,0.0
1781701465508849502,/dynamic_straight/tuning/marker_seen,1.0
1781701465508895949,/dynamic_straight/tuning/marker_x_px,186.75
1781701465508899025,/dynamic_straight/tuning/heading_error_rad,-3.141592653589793
1781701465508904085,/dynamic_straight/tuning/lateral_error_px,-34.5
1781701465508908052,/dynamic_straight/tuning/roll_pwm,1676.0
1781701465508910437,/dynamic_straight/tuning/marker_y_px,559.5
1781701465508916659,/dynamic_straight/tuning/throttle_pwm,1585.0
1781701465508919193,/dynamic_straight/tuning/raw_track_speed_pps,6.8412474280500675
1781701465508925195,/dynamic_straight/tuning/track_speed_pps,5.750630872495675
1781701465508945764,/dynamic_straight/tuning/target_speed_pps,0.0
1781701465509001990,/dynamic_straight/tuning/cbf_qp_h,0.0
1781701465509011027,/dynamic_straight/tuning/cbf_qp_h_dot,0.0
1781701465509030704,/dynamic_straight/tuning/cbf_qp_h_ddot,0.0
1781701465509090056,/dynamic_straight/tuning/cbf_qp_rhs,0.0
1781701465595779726,/dynamic_straight/tuning/marker_seen,1.0
1781701465595831254,/dynamic_straight/tuning/marker_x_px,192.0
1781701465595837365,/dynamic_straight/tuning/heading_error_rad,3.070285188804503
1781701465595842375,/dynamic_straight/tuning/lateral_error_px,22.057697296142578
1781701465595846643,/dynamic_straight/tuning/marker_y_px,561.0
1781701465595858555,/dynamic_straight/tuning/roll_pwm,1150.0
1781701465595873944,/dynamic_straight/tuning/throttle_pwm,1585.0
1781701465595901707,/dynamic_straight/tuning/raw_track_speed_pps,8.246979753985602
1781701465595918218,/dynamic_straight/tuning/track_speed_pps,6.62435298101715
1781701465595944728,/dynamic_straight/tuning/target_speed_pps,0.0
1781701465596034207,/dynamic_straight/tuning/cbf_qp_h,0.0
1781701465596048153,/dynamic_straight/tuning/cbf_qp_h_dot,0.0
1781701465596078270,/dynamic_straight/tuning/cbf_qp_h_ddot,0.0
1781701465596114429,/dynamic_straight/tuning/cbf_qp_rhs,0.0
1781701465636944894,/dynamic_straight/tuning/marker_seen,1.0
1781701465636998084,/dynamic_straight/tuning/marker_x_px,194.25
1781701465637004096,/dynamic_straight/tuning/heading_error_rad,3.067653615931853
1781701465637008845,/dynamic_straight/tuning/lateral_error_px,23.922943115234375
1781701465637012501,/dynamic_straight/tuning/marker_y_px,561.0
1781701465637022691,/dynamic_straight/tuning/roll_pwm,1323.0
1781701465637034293,/dynamic_straight/tuning/throttle_pwm,1585.0
1781701465637049461,/dynamic_straight/tuning/raw_track_speed_pps,8.233850216583738
1781701465637076422,/dynamic_straight/tuning/track_speed_pps,7.187677013465455
1781701465637085880,/dynamic_straight/tuning/target_speed_pps,0.0
1781701465637186610,/dynamic_straight/tuning/cbf_qp_h,0.0
1781701465637194786,/dynamic_straight/tuning/cbf_qp_h_dot,0.0
1781701465637796142,/dynamic_straight/tuning/cbf_qp_h_ddot,0.0
1781701465637809788,/dynamic_straight/tuning/cbf_qp_rhs,0.0
1781701465680796616,/dynamic_straight/tuning/marker_seen,1.0
1781701465680841181,/dynamic_straight/tuning/marker_x_px,195.0
1781701465680845238,/dynamic_straight/tuning/lateral_error_px,21.843955993652344
1781701465680848865,/dynamic_straight/tuning/marker_y_px,561.0
1781701465680857832,/dynamic_straight/tuning/heading_error_rad,3.070285188804503
1781701465680875936,/dynamic_straight/tuning/roll_pwm,1437.0
1781701465680912125,/dynamic_straight/tuning/throttle_pwm,1585.0
1781701465680919609,/dynamic_straight/tuning/raw_track_speed_pps,2.252701804666267
1781701465680935198,/dynamic_straight/tuning/track_speed_pps,5.460435690385739
1781701465680956959,/dynamic_straight/tuning/target_speed_pps,0.0
1781701465681038363,/dynamic_straight/tuning/cbf_qp_h,0.0
1781701465681063250,/dynamic_straight/tuning/cbf_qp_h_dot,0.0
1781701465681089720,/dynamic_straight/tuning/cbf_qp_h_ddot,0.0
1781701465681140075,/dynamic_straight/tuning/cbf_qp_rhs,0.0
1781701465725793643,/dynamic_straight/tuning/marker_seen,1.0
1781701465725835502,/dynamic_straight/tuning/marker_x_px,198.0
1781701465725841082,/dynamic_straight/tuning/heading_error_rad,3.0348569809406576
1781701465725845290,/dynamic_straight/tuning/lateral_error_px,49.49470901489258
1781701465725848526,/dynamic_straight/tuning/roll_pwm,1150.0
1781701465725850791,/dynamic_straight/tuning/marker_y_px,561.75
1781701465725858966,/dynamic_straight/tuning/throttle_pwm,1585.0
1781701465725861581,/dynamic_straight/tuning/raw_track_speed_pps,8.588398921356651
1781701465725867993,/dynamic_straight/tuning/track_speed_pps,6.555222821225558
1781701465725893511,/dynamic_straight/tuning/target_speed_pps,0.0
1781701465725942995,/dynamic_straight/tuning/cbf_qp_h,0.0
1781701465725953094,/dynamic_straight/tuning/cbf_qp_h_dot,0.0
1781701465725968814,/dynamic_straight/tuning/cbf_qp_h_ddot,0.0
1781701465726014099,/dynamic_straight/tuning/cbf_qp_rhs,0.0
1781701465766702977,/dynamic_straight/tuning/marker_seen,1.0
1781701465766757930,/dynamic_straight/tuning/throttle_pwm,1585.0
1781701465766764433,/dynamic_straight/tuning/marker_x_px,199.5
1781701465766768180,/dynamic_straight/tuning/heading_error_rad,3.026716048172894
1781701465766773129,/dynamic_straight/tuning/lateral_error_px,57.03633117675781
1781701465766776445,/dynamic_straight/tuning/roll_pwm,1150.0
1781701465766781214,/dynamic_straight/tuning/marker_y_px,563.25
1781701465766790141,/dynamic_straight/tuning/track_speed_pps,6.217279355346614
1781701465766793828,/dynamic_straight/tuning/raw_track_speed_pps,5.589670061571429
1781701465766801954,/dynamic_straight/tuning/target_speed_pps,0.0
1781701465766905720,/dynamic_straight/tuning/cbf_qp_h,0.0
1781701465766922151,/dynamic_straight/tuning/cbf_qp_h_dot,0.0
1781701465766930897,/dynamic_straight/tuning/cbf_qp_h_ddot,0.0
1781701465766974670,/dynamic_straight/tuning/cbf_qp_rhs,0.0
1781701465812518760,/dynamic_straight/tuning/marker_x_px,204.0
1781701465812561561,/dynamic_straight/tuning/marker_seen,1.0
1781701465812569616,/dynamic_straight/tuning/marker_y_px,564.0
1781701465812612497,/dynamic_straight/tuning/throttle_pwm,1585.0
1781701465812617657,/dynamic_straight/tuning/heading_error_rad,3.070285188804503
1781701465812621404,/dynamic_straight/tuning/raw_track_speed_pps,13.748588309093275
1781701465812626694,/dynamic_straight/tuning/lateral_error_px,24.19510841369629
1781701465812630912,/dynamic_straight/tuning/roll_pwm,1850.0
1781701465812641712,/dynamic_straight/tuning/track_speed_pps,8.853237489157944
1781701465812669955,/dynamic_straight/tuning/target_speed_pps,0.0
1781701465812818035,/dynamic_straight/tuning/cbf_qp_h,0.0
1781701465812828765,/dynamic_straight/tuning/cbf_qp_h_dot,0.0
1781701465812862990,/dynamic_straight/tuning/cbf_qp_h_ddot,0.0
1781701465812923244,/dynamic_straight/tuning/cbf_qp_rhs,0.0
1781701465852986219,/dynamic_straight/tuning/marker_seen,1.0
1781701465853040321,/dynamic_straight/tuning/throttle_pwm,1585.0
1781701465853047645,/dynamic_straight/tuning/marker_x_px,207.0
1781701465853051402,/dynamic_straight/tuning/heading_error_rad,3.070285188804503
1781701465853056552,/dynamic_straight/tuning/lateral_error_px,23.981367111206055
1781701465853060179,/dynamic_straight/tuning/roll_pwm,1383.0
1781701465853063235,/dynamic_straight/tuning/marker_y_px,564.0
1781701465853072071,/dynamic_straight/tuning/track_speed_pps,9.230550367427606
1781701465853075979,/dynamic_straight/tuning/raw_track_speed_pps,9.931274284214119
1781701465853079796,/dynamic_straight/tuning/target_speed_pps,0.0
1781701465853142945,/dynamic_straight/tuning/cbf_qp_h,0.0
1781701465853154116,/dynamic_straight/tuning/cbf_qp_h_dot,0.0
1781701465853166730,/dynamic_straight/tuning/cbf_qp_h_ddot,0.0
1781701465853218758,/dynamic_straight/tuning/cbf_qp_rhs,0.0
1781701465886833802,/dynamic_straight/tuning/marker_seen,1.0
1781701465886888556,/dynamic_straight/tuning/marker_x_px,209.25
1781701465886893826,/dynamic_straight/tuning/heading_error_rad,3.104572537715863
1781701465886900128,/dynamic_straight/tuning/lateral_error_px,-2.80938720703125
1781701465886904476,/dynamic_straight/tuning/marker_y_px,563.25
1781701465886916308,/dynamic_straight/tuning/roll_pwm,1850.0
1781701465886932339,/dynamic_straight/tuning/throttle_pwm,1585.0
1781701465886961814,/dynamic_straight/tuning/raw_track_speed_pps,8.669013223162052
1781701465886999014,/dynamic_straight/tuning/track_speed_pps,9.034012366934663
1781701465887015866,/dynamic_straight/tuning/target_speed_pps,0.0
1781701465887120033,/dynamic_straight/tuning/cbf_qp_h,0.0
1781701465887148086,/dynamic_straight/tuning/cbf_qp_h_dot,0.0
1781701465887180517,/dynamic_straight/tuning/cbf_qp_h_ddot,0.0
1781701465887232666,/dynamic_straight/tuning/cbf_qp_rhs,0.0
1781701465939844508,/dynamic_straight/tuning/marker_seen,1.0
1781701465939977759,/dynamic_straight/tuning/throttle_pwm,1585.0
1781701465939995072,/dynamic_straight/tuning/marker_x_px,210.75
1781701465940003709,/dynamic_straight/tuning/heading_error_rad,3.067653615931853
1781701465940016152,/dynamic_straight/tuning/raw_track_speed_pps,4.209672221498584
1781701465940023406,/dynamic_straight/tuning/lateral_error_px,25.69586181640625
1781701465940030730,/dynamic_straight/tuning/roll_pwm,1150.0
1781701465940035589,/dynamic_straight/tuning/marker_y_px,564.0
1781701465940044976,/dynamic_straight/tuning/track_speed_pps,7.3454933160320355
1781701465940048794,/dynamic_straight/tuning/target_speed_pps,0.0
1781701465940137672,/dynamic_straight/tuning/cbf_qp_h,0.0
1781701465940154493,/dynamic_straight/tuning/cbf_qp_h_dot,0.0
1781701465940193687,/dynamic_straight/tuning/cbf_qp_h_ddot,0.0
1781701465940233513,/dynamic_straight/tuning/cbf_qp_rhs,0.0
1781701466022224516,/dynamic_straight/tuning/marker_x_px,219.0
1781701466022320949,/dynamic_straight/tuning/marker_seen,1.0
1781701466022424043,/dynamic_straight/tuning/throttle_pwm,1585.0
1781701466022438911,/dynamic_straight/tuning/track_speed_pps,9.718835285882456
1781701466022452457,/dynamic_straight/tuning/heading_error_rad,3.070285188804503
1781701466022472475,/dynamic_straight/tuning/raw_track_speed_pps,14.126470372747526
1781701466022489307,/dynamic_straight/tuning/lateral_error_px,23.126401901245117
1781701466022504065,/dynamic_straight/tuning/roll_pwm,1416.0
1781701466022527980,/dynamic_straight/tuning/marker_y_px,564.0
1781701466022545282,/dynamic_straight/tuning/target_speed_pps,0.0
1781701466022569709,/dynamic_straight/tuning/cbf_qp_h,0.0
1781701466022588063,/dynamic_straight/tuning/cbf_qp_h_dot,0.0
1781701466022603182,/dynamic_straight/tuning/cbf_qp_h_ddot,0.0
1781701466022623921,/dynamic_straight/tuning/cbf_qp_rhs,0.0
1781701466065392548,/dynamic_straight/tuning/marker_seen,1.0
1781701466065467129,/dynamic_straight/tuning/marker_x_px,223.5
1781701466065471056,/dynamic_straight/tuning/heading_error_rad,3.070285188804503
1781701466065477168,/dynamic_straight/tuning/lateral_error_px,22.8057918548584
1781701466065481626,/dynamic_straight/tuning/roll_pwm,1391.0
1781701466065485654,/dynamic_straight/tuning/marker_y_px,564.0
1781701466065494831,/dynamic_straight/tuning/throttle_pwm,1585.0
1781701466065518496,/dynamic_straight/tuning/raw_track_speed_pps,14.15517152887887
1781701466065537452,/dynamic_straight/tuning/track_speed_pps,11.2715529709312
1781701466065562960,/dynamic_straight/tuning/target_speed_pps,0.0
1781701466065668609,/dynamic_straight/tuning/cbf_qp_h,0.0
1781701466065692104,/dynamic_straight/tuning/cbf_qp_h_dot,0.0
1781701466065713845,/dynamic_straight/tuning/cbf_qp_h_ddot,0.0
1781701466065763949,/dynamic_straight/tuning/cbf_qp_rhs,0.0
1781701466139337211,/dynamic_straight/tuning/marker_seen,1.0
1781701466139388077,/dynamic_straight/tuning/throttle_pwm,1585.0
1781701466139394399,/dynamic_straight/tuning/marker_x_px,231.0
1781701466139400050,/dynamic_straight/tuning/heading_error_rad,3.070285188804503
1781701466139405680,/dynamic_straight/tuning/raw_track_speed_pps,13.40895725613369
1781701466139408726,/dynamic_straight/tuning/lateral_error_px,22.27143669128418
1781701466139411211,/dynamic_straight/tuning/roll_pwm,1393.0
1781701466139414517,/dynamic_straight/tuning/marker_y_px,564.0
1781701466139421841,/dynamic_straight/tuning/track_speed_pps,12.01964447075207
1781701466139424566,/dynamic_straight/tuning/target_speed_pps,0.0
1781701466139462908,/dynamic_straight/tuning/cbf_qp_h,0.0
1781701466139474951,/dynamic_straight/tuning/cbf_qp_h_dot,0.0
1781701466139485481,/dynamic_straight/tuning/cbf_qp_h_ddot,0.0
1781701466139511801,/dynamic_straight/tuning/cbf_qp_rhs,0.0
1781701466188332331,/dynamic_straight/tuning/marker_seen,1.0
1781701466188388437,/dynamic_straight/tuning/marker_x_px,234.0
1781701466188394518,/dynamic_straight/tuning/heading_error_rad,3.1058935409104693
1781701466188399367,/dynamic_straight/tuning/lateral_error_px,-3.191019058227539
1781701466188402674,/dynamic_straight/tuning/roll_pwm,1850.0
1781701466188406501,/dynamic_straight/tuning/marker_y_px,564.75
1781701466188414676,/dynamic_straight/tuning/throttle_pwm,1585.0
1781701466188422140,/dynamic_straight/tuning/raw_track_speed_pps,9.149808611264564
1781701466188452047,/dynamic_straight/tuning/track_speed_pps,11.015201919931442
1781701466188469590,/dynamic_straight/tuning/target_speed_pps,0.0
1781701466188598994,/dynamic_straight/tuning/cbf_qp_h,0.0
1781701466188609404,/dynamic_straight/tuning/cbf_qp_h_dot,0.0
1781701466188623621,/dynamic_straight/tuning/cbf_qp_h_ddot,0.0
1781701466188681049,/dynamic_straight/tuning/cbf_qp_rhs,0.0
1781701466263917954,/dynamic_straight/tuning/marker_seen,1.0
1781701466263984550,/dynamic_straight/tuning/throttle_pwm,1585.0
1781701466263992064,/dynamic_straight/tuning/track_speed_pps,10.92056135769841
1781701466263998105,/dynamic_straight/tuning/marker_x_px,240.0
1781701466264001392,/dynamic_straight/tuning/cbf_qp_h,0.0
1781701466264005048,/dynamic_straight/tuning/cbf_qp_h_dot,0.0
1781701466264009106,/dynamic_straight/tuning/heading_error_rad,3.1058935409104693
1781701466264013003,/dynamic_straight/tuning/cbf_qp_h_ddot,0.0
1781701466264016169,/dynamic_straight/tuning/raw_track_speed_pps,10.744800313551352
1781701466264019255,/dynamic_straight/tuning/cbf_qp_rhs,0.0
1781701466264022461,/dynamic_straight/tuning/lateral_error_px,-3.4051666259765625
1781701466264026208,/dynamic_straight/tuning/roll_pwm,1517.0
1781701466264030166,/dynamic_straight/tuning/marker_y_px,564.75
1781701466264033011,/dynamic_straight/tuning/target_speed_pps,0.0
1781701466308823347,/dynamic_straight/tuning/marker_seen,1.0
1781701466308880796,/dynamic_straight/tuning/marker_x_px,243.75
1781701466308884693,/dynamic_straight/tuning/marker_y_px,564.75
1781701466308892528,/dynamic_straight/tuning/lateral_error_px,-4.425142288208008
1781701466308944727,/dynamic_straight/tuning/heading_error_rad,3.107123552590285
1781701466308985724,/dynamic_straight/tuning/roll_pwm,1545.0
1781701466309029657,/dynamic_straight/tuning/throttle_pwm,1585.0
1781701466309061567,/dynamic_straight/tuning/raw_track_speed_pps,11.917049691281985
1781701466309091694,/dynamic_straight/tuning/track_speed_pps,11.269332274452662
1781701466309122262,/dynamic_straight/tuning/target_speed_pps,0.0
1781701466309207343,/dynamic_straight/tuning/cbf_qp_h,0.0
1781701466309234554,/dynamic_straight/tuning/cbf_qp_h_dot,0.0
1781701466309261876,/dynamic_straight/tuning/cbf_qp_h_ddot,0.0
1781701466309306029,/dynamic_straight/tuning/cbf_qp_rhs,0.0
1781701466348772848,/dynamic_straight/tuning/marker_seen,1.0
1781701466348866095,/dynamic_straight/tuning/throttle_pwm,1585.0
1781701466348873448,/dynamic_straight/tuning/marker_x_px,246.75
1781701466348879510,/dynamic_straight/tuning/heading_error_rad,3.107123552590285
1781701466348884870,/dynamic_straight/tuning/raw_track_speed_pps,10.205069318300202
1781701466348888888,/dynamic_straight/tuning/lateral_error_px,-4.528528213500977
1781701466348891773,/dynamic_straight/tuning/roll_pwm,1522.0
1781701466348895831,/dynamic_straight/tuning/marker_y_px,564.75
1781701466348904627,/dynamic_straight/tuning/track_speed_pps,10.8968402397993
1781701466348911821,/dynamic_straight/tuning/target_speed_pps,0.0
1781701466349014635,/dynamic_straight/tuning/cbf_qp_h,0.0
1781701466349037238,/dynamic_straight/tuning/cbf_qp_h_dot,0.0
1781701466349069499,/dynamic_straight/tuning/cbf_qp_h_ddot,0.0
1781701466349123441,/dynamic_straight/tuning/cbf_qp_rhs,0.0
1781701466395851488,/dynamic_straight/tuning/marker_seen,1.0
1781701466395929104,/dynamic_straight/tuning/throttle_pwm,1585.0
1781701466395935166,/dynamic_straight/tuning/marker_x_px,253.5
1781701466395940005,/dynamic_straight/tuning/heading_error_rad,-3.141592653589793
1781701466395946798,/dynamic_straight/tuning/lateral_error_px,-28.5
1781701466395952839,/dynamic_straight/tuning/roll_pwm,1850.0
1781701466395957498,/dynamic_straight/tuning/marker_y_px,565.5
1781701466395969951,/dynamic_straight/tuning/track_speed_pps,14.304233332025023
1781701466395974340,/dynamic_straight/tuning/raw_track_speed_pps,20.632249074729938
1781701466395984178,/dynamic_straight/tuning/target_speed_pps,0.0
1781701466396052828,/dynamic_straight/tuning/cbf_qp_h,0.0
1781701466396069810,/dynamic_straight/tuning/cbf_qp_h_dot,0.0
1781701466396085229,/dynamic_straight/tuning/cbf_qp_h_ddot,0.0
1781701466396150282,/dynamic_straight/tuning/cbf_qp_rhs,0.0
1781701466444779891,/dynamic_straight/tuning/marker_seen,1.0
1781701466444833172,/dynamic_straight/tuning/marker_x_px,261.75
1781701466444838702,/dynamic_straight/tuning/heading_error_rad,-3.141592653589793
1781701466444844032,/dynamic_straight/tuning/lateral_error_px,-28.5
1781701466444848911,/dynamic_straight/tuning/roll_pwm,1646.0
1781701466444852979,/dynamic_straight/tuning/marker_y_px,565.5
1781701466444864942,/dynamic_straight/tuning/throttle_pwm,1585.0
1781701466444874510,/dynamic_straight/tuning/raw_track_speed_pps,22.983466132840263
1781701466444901350,/dynamic_straight/tuning/track_speed_pps,17.34196481231036
1781701466444929233,/dynamic_straight/tuning/target_speed_pps,0.0
1781701466445016738,/dynamic_straight/tuning/cbf_qp_h,0.0
1781701466445029493,/dynamic_straight/tuning/cbf_qp_h_dot,0.0
1781701466445044471,/dynamic_straight/tuning/cbf_qp_h_ddot,0.0
1781701466445096519,/dynamic_straight/tuning/cbf_qp_rhs,0.0
1781701466480651208,/dynamic_straight/tuning/marker_seen,1.0
1781701466480726941,/dynamic_straight/tuning/throttle_pwm,1585.0
1781701466480733864,/dynamic_straight/tuning/track_speed_pps,20.222966304951548
1781701466480742881,/dynamic_straight/tuning/marker_x_px,268.5
1781701466480747590,/dynamic_straight/tuning/heading_error_rad,-3.141592653589793
1781701466480765163,/dynamic_straight/tuning/raw_track_speed_pps,25.573397648428045
1781701466480773028,/dynamic_straight/tuning/lateral_error_px,-28.5
1781701466480779229,/dynamic_straight/tuning/roll_pwm,1646.0
1781701466480785812,/dynamic_straight/tuning/marker_y_px,565.5
1781701466480791092,/dynamic_straight/tuning/target_speed_pps,0.0
1781701466480801862,/dynamic_straight/tuning/cbf_qp_h,0.0
1781701466480807633,/dynamic_straight/tuning/cbf_qp_h_dot,0.0
1781701466480817732,/dynamic_straight/tuning/cbf_qp_h_ddot,0.0
1781701466480860874,/dynamic_straight/tuning/cbf_qp_rhs,0.0
1781701466521171707,/dynamic_straight/tuning/marker_seen,1.0
1781701466521216803,/dynamic_straight/tuning/marker_x_px,274.5
1781701466521222634,/dynamic_straight/tuning/heading_error_rad,-3.141592653589793
1781701466521227082,/dynamic_straight/tuning/lateral_error_px,-28.5
1781701466521230679,/dynamic_straight/tuning/marker_y_px,565.5
1781701466521241860,/dynamic_straight/tuning/roll_pwm,1646.0
1781701466521258401,/dynamic_straight/tuning/throttle_pwm,1585.0
1781701466521288478,/dynamic_straight/tuning/raw_track_speed_pps,19.98049393590741
1781701466521306352,/dynamic_straight/tuning/track_speed_pps,20.138100975786102
1781701466521341859,/dynamic_straight/tuning/target_speed_pps,0.0
1781701466521415989,/dynamic_straight/tuning/cbf_qp_h,0.0
1781701466521428623,/dynamic_straight/tuning/cbf_qp_h_dot,0.0
1781701466521455784,/dynamic_straight/tuning/cbf_qp_h_ddot,0.0
1781701466521503514,/dynamic_straight/tuning/cbf_qp_rhs,0.0
1781701466575479453,/dynamic_straight/tuning/marker_x_px,280.5
1781701466575516834,/dynamic_straight/tuning/marker_seen,1.0
1781701466575523136,/dynamic_straight/tuning/marker_y_px,567.0
1781701466575682236,/dynamic_straight/tuning/throttle_pwm,1585.0
1781701466575690833,/dynamic_straight/tuning/track_speed_pps,18.66483457499467
1781701466575695862,/dynamic_straight/tuning/heading_error_rad,3.070285188804503
1781701466575699940,/dynamic_straight/tuning/raw_track_speed_pps,15.928768402096303
1781701466575705711,/dynamic_straight/tuning/lateral_error_px,21.737083435058594
1781701466575709949,/dynamic_straight/tuning/roll_pwm,1150.0
1781701466575713506,/dynamic_straight/tuning/target_speed_pps,0.0
1781701466577651697,/dynamic_straight/tuning/cbf_qp_h,0.0
1781701466577668008,/dynamic_straight/tuning/cbf_qp_h_dot,0.0
1781701466577671064,/dynamic_straight/tuning/cbf_qp_h_ddot,0.0
1781701466577674340,/dynamic_straight/tuning/cbf_qp_rhs,0.0
1781701466618987036,/dynamic_straight/tuning/marker_seen,1.0
1781701466619034786,/dynamic_straight/tuning/marker_x_px,283.5
1781701466619040006,/dynamic_straight/tuning/heading_error_rad,3.070285188804503
1781701466619044395,/dynamic_straight/tuning/lateral_error_px,21.52334213256836
1781701466619049013,/dynamic_straight/tuning/marker_y_px,567.0
1781701466619059473,/dynamic_straight/tuning/roll_pwm,1395.0
1781701466619094339,/dynamic_straight/tuning/throttle_pwm,1585.0
1781701466619118074,/dynamic_straight/tuning/raw_track_speed_pps,10.077461527762662
1781701466619145506,/dynamic_straight/tuning/track_speed_pps,15.659254008463469
1781701466619163940,/dynamic_straight/tuning/target_speed_pps,0.0
1781701466619284729,/dynamic_straight/tuning/cbf_qp_h,0.0
1781701466619293836,/dynamic_straight/tuning/cbf_qp_h_dot,0.0
1781701466619307962,/dynamic_straight/tuning/cbf_qp_h_ddot,0.0
1781701466619354781,/dynamic_straight/tuning/cbf_qp_rhs,0.0
1781701466705895620,/dynamic_straight/tuning/marker_seen,1.0
1781701466705969390,/dynamic_straight/tuning/marker_x_px,289.5
1781701466705974810,/dynamic_straight/tuning/heading_error_rad,-3.141592653589793
1781701466705981703,/dynamic_straight/tuning/lateral_error_px,-25.5
1781701466705986993,/dynamic_straight/tuning/roll_pwm,1850.0
1781701466705990770,/dynamic_straight/tuning/marker_y_px,568.5
1781701466706001861,/dynamic_straight/tuning/throttle_pwm,1585.0
1781701466706012762,/dynamic_straight/tuning/raw_track_speed_pps,9.327015981887124
1781701466706038641,/dynamic_straight/tuning/track_speed_pps,13.442970699161748
1781701466706067084,/dynamic_straight/tuning/target_speed_pps,0.0
1781701466706180338,/dynamic_straight/tuning/cbf_qp_h,0.0
1781701466706217028,/dynamic_straight/tuning/cbf_qp_h_dot,0.0
1781701466706234190,/dynamic_straight/tuning/cbf_qp_h_ddot,0.0
1781701466706294724,/dynamic_straight/tuning/cbf_qp_rhs,0.0
1781701466786089880,/dynamic_straight/tuning/marker_seen,1.0
1781701466786155194,/dynamic_straight/tuning/throttle_pwm,1585.0
1781701466786161055,/dynamic_straight/tuning/marker_x_px,295.5
1781701466786164842,/dynamic_straight/tuning/heading_error_rad,-3.141592653589793
1781701466786171224,/dynamic_straight/tuning/raw_track_speed_pps,10.513887280530092
1781701466786176374,/dynamic_straight/tuning/lateral_error_px,-25.5
1781701466786180201,/dynamic_straight/tuning/roll_pwm,1631.0
1781701466786184319,/dynamic_straight/tuning/marker_y_px,568.5
1781701466786193877,/dynamic_straight/tuning/track_speed_pps,12.417791502640668
1781701466786196672,/dynamic_straight/tuning/target_speed_pps,0.0
1781701466786256775,/dynamic_straight/tuning/cbf_qp_h,0.0
1781701466786267305,/dynamic_straight/tuning/cbf_qp_h_dot,0.0
1781701466786290028,/dynamic_straight/tuning/cbf_qp_h_ddot,0.0
1781701466786326637,/dynamic_straight/tuning/cbf_qp_rhs,0.0
1781701466831153002,/dynamic_straight/tuning/marker_seen,1.0
1781701466831249213,/dynamic_straight/tuning/marker_x_px,298.5
1781701466831256407,/dynamic_straight/tuning/heading_error_rad,3.0750244898139694
1781701466831261857,/dynamic_straight/tuning/lateral_error_px,20.294584274291992
1781701466831266256,/dynamic_straight/tuning/roll_pwm,1150.0
1781701466831270654,/dynamic_straight/tuning/marker_y_px,570.0
1781701466831277757,/dynamic_straight/tuning/throttle_pwm,1585.0
1781701466831308616,/dynamic_straight/tuning/raw_track_speed_pps,9.638856001765106
1781701466831352238,/dynamic_straight/tuning/track_speed_pps,11.445164077334221
1781701466831395880,/dynamic_straight/tuning/target_speed_pps,0.0
1781701466831551595,/dynamic_straight/tuning/cbf_qp_h,0.0
1781701466831566833,/dynamic_straight/tuning/cbf_qp_h_dot,0.0
1781701466831573656,/dynamic_straight/tuning/cbf_qp_h_ddot,0.0
1781701466831618842,/dynamic_straight/tuning/cbf_qp_rhs,0.0
1781701466873969328,/dynamic_straight/tuning/marker_seen,1.0
1781701466874016988,/dynamic_straight/tuning/throttle_pwm,1585.0
1781701466874022569,/dynamic_straight/tuning/marker_x_px,300.75
1781701466874025655,/dynamic_straight/tuning/heading_error_rad,3.0727361642887487
1781701466874029422,/dynamic_straight/tuning/lateral_error_px,21.661958694458008
1781701466874031836,/dynamic_straight/tuning/roll_pwm,1354.0
1781701466874036004,/dynamic_straight/tuning/marker_y_px,570.0
1781701466874042957,/dynamic_straight/tuning/track_speed_pps,9.979248766996871
1781701466874045302,/dynamic_straight/tuning/raw_track_speed_pps,7.256834619227509
1781701466874051664,/dynamic_straight/tuning/target_speed_pps,0.0
1781701466874128890,/dynamic_straight/tuning/cbf_qp_h,0.0
1781701466874135452,/dynamic_straight/tuning/cbf_qp_h_dot,0.0
1781701466874164257,/dynamic_straight/tuning/cbf_qp_h_ddot,0.0
1781701466874188222,/dynamic_straight/tuning/cbf_qp_rhs,0.0
1781701466915284630,/dynamic_straight/tuning/marker_seen,1.0
1781701466915346076,/dynamic_straight/tuning/throttle_pwm,1585.0
1781701466915352828,/dynamic_straight/tuning/marker_x_px,306.0
1781701466915357187,/dynamic_straight/tuning/heading_error_rad,3.070285188804503
1781701466915365252,/dynamic_straight/tuning/lateral_error_px,22.912660598754883
1781701466915368538,/dynamic_straight/tuning/roll_pwm,1349.0
1781701466915371574,/dynamic_straight/tuning/marker_y_px,570.0
1781701466915378787,/dynamic_straight/tuning/raw_track_speed_pps,17.887446345653608
1781701466915387213,/dynamic_straight/tuning/track_speed_pps,12.74711791952673
1781701466915416278,/dynamic_straight/tuning/target_speed_pps,0.0
1781701466915499516,/dynamic_straight/tuning/cbf_qp_h,0.0
1781701466915512450,/dynamic_straight/tuning/cbf_qp_h_dot,0.0
1781701466915532568,/dynamic_straight/tuning/cbf_qp_h_ddot,0.0
1781701466915591770,/dynamic_straight/tuning/cbf_qp_rhs,0.0
1781701466992685733,/dynamic_straight/tuning/marker_x_px,312.0
1781701466992709628,/dynamic_straight/tuning/marker_seen,1.0
1781701466992736048,/dynamic_straight/tuning/heading_error_rad,3.0348569809406576
1781701466992741999,/dynamic_straight/tuning/lateral_error_px,46.2987174987793
1781701466992746077,/dynamic_straight/tuning/marker_y_px,570.75
1781701466992766856,/dynamic_straight/tuning/roll_pwm,1150.0
1781701466992784940,/dynamic_straight/tuning/throttle_pwm,1585.0
1781701466992822651,/dynamic_straight/tuning/raw_track_speed_pps,10.138637469738589
1781701466992842329,/dynamic_straight/tuning/track_speed_pps,11.83414976210088
1781701466992872245,/dynamic_straight/tuning/target_speed_pps,0.0
1781701466992951876,/dynamic_straight/tuning/cbf_qp_h,0.0
1781701466992966563,/dynamic_straight/tuning/cbf_qp_h_dot,0.0
1781701466992981411,/dynamic_straight/tuning/cbf_qp_h_ddot,0.0
1781701466993031646,/dynamic_straight/tuning/cbf_qp_rhs,0.0
1781701467075537423,/dynamic_straight/tuning/marker_seen,1.0
1781701467075599490,/dynamic_straight/tuning/throttle_pwm,1585.0
1781701467075604490,/dynamic_straight/tuning/marker_x_px,318.0
1781701467075609099,/dynamic_straight/tuning/heading_error_rad,3.070285188804503
1781701467075615491,/dynamic_straight/tuning/lateral_error_px,25.050071716308594
1781701467075619027,/dynamic_straight/tuning/roll_pwm,1673.0
1781701467075624718,/dynamic_straight/tuning/marker_y_px,573.0
1781701467075636019,/dynamic_straight/tuning/track_speed_pps,11.456621033251293
1781701467075641369,/dynamic_straight/tuning/raw_track_speed_pps,10.75549625110206
1781701467075651589,/dynamic_straight/tuning/target_speed_pps,0.0
1781701467075751518,/dynamic_straight/tuning/cbf_qp_h,0.0
1781701467075801953,/dynamic_straight/tuning/cbf_qp_h_dot,0.0
1781701467075837229,/dynamic_straight/tuning/cbf_qp_h_ddot,0.0
1781701467075883627,/dynamic_straight/tuning/cbf_qp_rhs,0.0
1781701467115898332,/dynamic_straight/tuning/marker_seen,1.0
1781701467115969015,/dynamic_straight/tuning/throttle_pwm,1585.0
1781701467115975247,/dynamic_straight/tuning/track_speed_pps,11.02195386341456
1781701467115981439,/dynamic_straight/tuning/marker_x_px,321.0
1781701467115986298,/dynamic_straight/tuning/cbf_qp_h,0.0
1781701467115991057,/dynamic_straight/tuning/cbf_qp_h_dot,0.0
1781701467115995776,/dynamic_straight/tuning/heading_error_rad,3.070285188804503
1781701467115999042,/dynamic_straight/tuning/cbf_qp_h_ddot,0.0
1781701467116003781,/dynamic_straight/tuning/raw_track_speed_pps,10.214714833717768
1781701467116007668,/dynamic_straight/tuning/cbf_qp_rhs,0.0
1781701467116013209,/dynamic_straight/tuning/lateral_error_px,24.836334228515625
1781701467116017236,/dynamic_straight/tuning/roll_pwm,1378.0
1781701467116020422,/dynamic_straight/tuning/marker_y_px,573.0
1781701467116024941,/dynamic_straight/tuning/target_speed_pps,0.0
1781701467191371042,/dynamic_straight/tuning/marker_seen,1.0
1781701467191405848,/dynamic_straight/tuning/marker_x_px,326.25
1781701467191410046,/dynamic_straight/tuning/lateral_error_px,45.43970489501953
1781701467191412781,/dynamic_straight/tuning/marker_y_px,573.75
1781701467191423331,/dynamic_straight/tuning/heading_error_rad,3.038511045067093
1781701467191460180,/dynamic_straight/tuning/roll_pwm,1150.0
1781701467191490227,/dynamic_straight/tuning/throttle_pwm,1585.0
1781701467191512219,/dynamic_straight/tuning/raw_track_speed_pps,9.070516972366182
1781701467191533429,/dynamic_straight/tuning/track_speed_pps,10.338950951547627
1781701467191555080,/dynamic_straight/tuning/target_speed_pps,0.0
1781701467191612598,/dynamic_straight/tuning/cbf_qp_h,0.0
1781701467191631815,/dynamic_straight/tuning/cbf_qp_h_dot,0.0
1781701467191652424,/dynamic_straight/tuning/cbf_qp_h_ddot,0.0
1781701467191703460,/dynamic_straight/tuning/cbf_qp_rhs,0.0
1781701467277049443,/dynamic_straight/tuning/marker_seen,1.0
1781701467277107933,/dynamic_straight/tuning/throttle_pwm,1585.0
1781701467277113043,/dynamic_straight/tuning/marker_x_px,335.25
1781701467277117822,/dynamic_straight/tuning/heading_error_rad,3.0727361642887487
1781701467277123282,/dynamic_straight/tuning/raw_track_speed_pps,15.100929052369409
1781701467277128021,/dynamic_straight/tuning/lateral_error_px,23.777626037597656
1781701467277131959,/dynamic_straight/tuning/roll_pwm,1665.0
1781701467277136186,/dynamic_straight/tuning/marker_y_px,574.5
1781701467277146386,/dynamic_straight/tuning/track_speed_pps,12.005643286835252
1781701467277149442,/dynamic_straight/tuning/target_speed_pps,0.0
1781701467277216819,/dynamic_straight/tuning/cbf_qp_h,0.0
1781701467277228521,/dynamic_straight/tuning/cbf_qp_h_dot,0.0
1781701467277241796,/dynamic_straight/tuning/cbf_qp_h_ddot,0.0
1781701467277275149,/dynamic_straight/tuning/cbf_qp_rhs,0.0
1781701467395175382,/dynamic_straight/tuning/marker_seen,1.0
1781701467395273948,/dynamic_straight/tuning/marker_x_px,345.0
1781701467395281132,/dynamic_straight/tuning/heading_error_rad,3.1058935409104693
1781701467395288426,/dynamic_straight/tuning/lateral_error_px,1.8414878845214844
1781701467395293094,/dynamic_straight/tuning/marker_y_px,573.75
1781701467395305508,/dynamic_straight/tuning/throttle_pwm,1585.0
1781701467395310648,/dynamic_straight/tuning/roll_pwm,1689.0
1781701467395323512,/dynamic_straight/tuning/raw_track_speed_pps,11.343503237671356
1781701467395350443,/dynamic_straight/tuning/track_speed_pps,11.773894269627888
1781701467395398544,/dynamic_straight/tuning/target_speed_pps,0.0
1781701467395468205,/dynamic_straight/tuning/cbf_qp_h,0.0
1781701467395479767,/dynamic_straight/tuning/cbf_qp_h_dot,0.0
1781701467395863472,/dynamic_straight/tuning/cbf_qp_h_ddot,0.0
1781701467395872359,/dynamic_straight/tuning/cbf_qp_rhs,0.0
1781701467443540472,/dynamic_straight/tuning/marker_seen,1.0
1781701467443575207,/dynamic_straight/tuning/marker_x_px,348.0
1781701467443578243,/dynamic_straight/tuning/heading_error_rad,3.1058935409104693
1781701467443580998,/dynamic_straight/tuning/lateral_error_px,3.233457565307617
1781701467443583233,/dynamic_straight/tuning/roll_pwm,1449.0
1781701467443584946,/dynamic_straight/tuning/marker_y_px,575.25
1781701467443591388,/dynamic_straight/tuning/throttle_pwm,1585.0
1781701467443600495,/dynamic_straight/tuning/raw_track_speed_pps,8.532734298621484
1781701467443614652,/dynamic_straight/tuning/track_speed_pps,10.639488279775648
1781701467443629480,/dynamic_straight/tuning/target_speed_pps,0.0
1781701467443678272,/dynamic_straight/tuning/cbf_qp_h,0.0
1781701467443688471,/dynamic_straight/tuning/cbf_qp_h_dot,0.0
1781701467443701496,/dynamic_straight/tuning/cbf_qp_h_ddot,0.0
1781701467443731994,/dynamic_straight/tuning/cbf_qp_rhs,0.0
1781701467494986442,/dynamic_straight/tuning/marker_seen,1.0
1781701467495087302,/dynamic_straight/tuning/throttle_pwm,1585.0
1781701467495096650,/dynamic_straight/tuning/track_speed_pps,12.65380069461196
1781701467495104314,/dynamic_straight/tuning/marker_x_px,354.0
1781701467495110997,/dynamic_straight/tuning/heading_error_rad,3.070285188804503
1781701467495117279,/dynamic_straight/tuning/raw_track_speed_pps,16.394666607879397
1781701467495123801,/dynamic_straight/tuning/lateral_error_px,25.477556228637695
1781701467495129081,/dynamic_straight/tuning/roll_pwm,1150.0
1781701467495135593,/dynamic_straight/tuning/marker_y_px,576.0
1781701467495140242,/dynamic_straight/tuning/target_speed_pps,0.0
1781701467495154489,/dynamic_straight/tuning/cbf_qp_h,0.0
1781701467495160741,/dynamic_straight/tuning/cbf_qp_h_dot,0.0
1781701467495170840,/dynamic_straight/tuning/cbf_qp_h_ddot,0.0
1781701467495198452,/dynamic_straight/tuning/cbf_qp_rhs,0.0
1781701467542859692,/dynamic_straight/tuning/marker_seen,1.0
1781701467542924424,/dynamic_straight/tuning/marker_x_px,357.0
1781701467542929494,/dynamic_straight/tuning/heading_error_rad,3.1058935409104693
1781701467542936086,/dynamic_straight/tuning/lateral_error_px,2.9122352600097656
1781701467542940154,/dynamic_straight/tuning/roll_pwm,1850.0
1781701467542944853,/dynamic_straight/tuning/marker_y_px,575.25
1781701467542955243,/dynamic_straight/tuning/throttle_pwm,1585.0
1781701467542960132,/dynamic_straight/tuning/raw_track_speed_pps,9.886518213565163
1781701467542979218,/dynamic_straight/tuning/track_speed_pps,11.68525182624558
1781701467543009726,/dynamic_straight/tuning/target_speed_pps,0.0
1781701467543112981,/dynamic_straight/tuning/cbf_qp_h,0.0
1781701467543129532,/dynamic_straight/tuning/cbf_qp_h_dot,0.0
1781701467543162905,/dynamic_straight/tuning/cbf_qp_h_ddot,0.0
1781701467543207700,/dynamic_straight/tuning/cbf_qp_rhs,0.0
1781701467646258409,/dynamic_straight/tuning/marker_seen,1.0
1781701467646319605,/dynamic_straight/tuning/marker_x_px,366.75
1781701467646325336,/dynamic_straight/tuning/heading_error_rad,-3.141592653589793
1781701467646329985,/dynamic_straight/tuning/lateral_error_px,-19.5
1781701467646333932,/dynamic_straight/tuning/roll_pwm,1832.0
1781701467646336377,/dynamic_straight/tuning/marker_y_px,574.5
1781701467646343951,/dynamic_straight/tuning/throttle_pwm,1585.0
1781701467646350624,/dynamic_straight/tuning/raw_track_speed_pps,12.712514039530108
1781701467646377885,/dynamic_straight/tuning/track_speed_pps,12.044793600895165
1781701467646399686,/dynamic_straight/tuning/target_speed_pps,0.0
1781701467646487793,/dynamic_straight/tuning/cbf_qp_h,0.0
1781701467646514283,/dynamic_straight/tuning/cbf_qp_h_dot,0.0
1781701467646534862,/dynamic_straight/tuning/cbf_qp_h_ddot,0.0
1781701467646568706,/dynamic_straight/tuning/cbf_qp_rhs,0.0
1781701467688808704,/dynamic_straight/tuning/marker_seen,1.0
1781701467688878005,/dynamic_straight/tuning/marker_x_px,369.75
1781701467688885208,/dynamic_straight/tuning/marker_y_px,574.5
1781701467689590802,/dynamic_straight/tuning/lateral_error_px,-19.5
1781701467689609767,/dynamic_straight/tuning/throttle_pwm,1585.0
1781701467689614336,/dynamic_straight/tuning/track_speed_pps,11.54534593541418
1781701467689617181,/dynamic_straight/tuning/heading_error_rad,-3.141592653589793
1781701467689620518,/dynamic_straight/tuning/raw_track_speed_pps,10.617800270949493
1781701467689625106,/dynamic_straight/tuning/roll_pwm,1601.0
1781701467689628022,/dynamic_straight/tuning/target_speed_pps,0.0
1781701467689636618,/dynamic_straight/tuning/cbf_qp_h,0.0
1781701467689640295,/dynamic_straight/tuning/cbf_qp_h_dot,0.0
1781701467689643070,/dynamic_straight/tuning/cbf_qp_h_ddot,0.0
1781701467689646256,/dynamic_straight/tuning/cbf_qp_rhs,0.0
1781701467730567403,/dynamic_straight/tuning/marker_seen,1.0
1781701467730789523,/dynamic_straight/tuning/throttle_pwm,1585.0
1781701467730825220,/dynamic_straight/tuning/marker_x_px,372.75
1781701467730834427,/dynamic_straight/tuning/heading_error_rad,-3.141592653589793
1781701467730842192,/dynamic_straight/tuning/lateral_error_px,-19.5
1781701467730847031,/dynamic_straight/tuning/roll_pwm,1601.0
1781701467730851931,/dynamic_straight/tuning/marker_y_px,574.5
1781701467730863082,/dynamic_straight/tuning/track_speed_pps,10.671146982470544
1781701467730866979,/dynamic_straight/tuning/raw_track_speed_pps,9.047634641289507
1781701467730883640,/dynamic_straight/tuning/target_speed_pps,0.0
1781701467731101091,/dynamic_straight/tuning/cbf_qp_h,0.0
1781701467731111170,/dynamic_straight/tuning/cbf_qp_h_dot,0.0
1781701467732333840,/dynamic_straight/tuning/cbf_qp_h_ddot,0.0
1781701467732346975,/dynamic_straight/tuning/cbf_qp_rhs,0.0
1781701467774745272,/dynamic_straight/tuning/marker_seen,1.0
1781701467774797150,/dynamic_straight/tuning/marker_x_px,375.0
1781701467774800176,/dynamic_straight/tuning/heading_error_rad,3.1058935409104693
1781701467774803542,/dynamic_straight/tuning/lateral_error_px,2.269786834716797
1781701467774806618,/dynamic_straight/tuning/roll_pwm,1150.0
1781701467774808662,/dynamic_straight/tuning/marker_y_px,575.25
1781701467774872342,/dynamic_straight/tuning/throttle_pwm,1585.0
1781701467774929440,/dynamic_straight/tuning/raw_track_speed_pps,7.160667145371876
1781701467774953085,/dynamic_straight/tuning/track_speed_pps,9.44247903948601
1781701467774966801,/dynamic_straight/tuning/target_speed_pps,0.0
1781701467775084123,/dynamic_straight/tuning/cbf_qp_h,0.0
1781701467775114420,/dynamic_straight/tuning/cbf_qp_h_dot,0.0
1781701467775143445,/dynamic_straight/tuning/cbf_qp_h_ddot,0.0
1781701467775203779,/dynamic_straight/tuning/cbf_qp_rhs,0.0
1781701467818044391,/dynamic_straight/tuning/marker_seen,1.0
1781701467818097181,/dynamic_straight/tuning/marker_x_px,378.0
1781701467818104084,/dynamic_straight/tuning/heading_error_rad,3.070285188804503
1781701467818107420,/dynamic_straight/tuning/lateral_error_px,23.76762580871582
1781701467818111177,/dynamic_straight/tuning/roll_pwm,1150.0
1781701467818114173,/dynamic_straight/tuning/marker_y_px,576.0
1781701467818122278,/dynamic_straight/tuning/throttle_pwm,1585.0
1781701467818141455,/dynamic_straight/tuning/raw_track_speed_pps,9.791541661383198
1781701467818174978,/dynamic_straight/tuning/track_speed_pps,9.564650957150025
1781701467818203652,/dynamic_straight/tuning/target_speed_pps,0.0
1781701467818331744,/dynamic_straight/tuning/cbf_qp_h,0.0
1781701467818370507,/dynamic_straight/tuning/cbf_qp_h_dot,0.0
1781701467818408599,/dynamic_straight/tuning/cbf_qp_h_ddot,0.0
1781701467818480816,/dynamic_straight/tuning/cbf_qp_rhs,0.0
1781701467866336934,/dynamic_straight/tuning/marker_seen,1.0
1781701467866391697,/dynamic_straight/tuning/marker_x_px,381.0
1781701467866396086,/dynamic_straight/tuning/heading_error_rad,3.070285188804503
1781701467866401476,/dynamic_straight/tuning/lateral_error_px,23.553884506225586
1781701467866404572,/dynamic_straight/tuning/marker_y_px,576.0
1781701467866411385,/dynamic_straight/tuning/roll_pwm,1384.0
1781701467866450168,/dynamic_straight/tuning/throttle_pwm,1585.0
1781701467866471879,/dynamic_straight/tuning/raw_track_speed_pps,8.801819947280421
1781701467866495203,/dynamic_straight/tuning/track_speed_pps,9.297660103695664
1781701467866520751,/dynamic_straight/tuning/target_speed_pps,0.0
1781701467866645226,/dynamic_straight/tuning/cbf_qp_h,0.0
1781701467866651668,/dynamic_straight/tuning/cbf_qp_h_dot,0.0
1781701467866670143,/dynamic_straight/tuning/cbf_qp_h_ddot,0.0
1781701467866728183,/dynamic_straight/tuning/cbf_qp_rhs,0.0
1781701467905982170,/dynamic_straight/tuning/marker_seen,1.0
1781701467906063374,/dynamic_straight/tuning/throttle_pwm,1585.0
1781701467906074294,/dynamic_straight/tuning/marker_x_px,381.75
1781701467906078863,/dynamic_straight/tuning/heading_error_rad,3.0727361642887487
1781701467906085996,/dynamic_straight/tuning/raw_track_speed_pps,2.5465534964093948
1781701467906090796,/dynamic_straight/tuning/lateral_error_px,22.07477378845215
1781701467906096286,/dynamic_straight/tuning/roll_pwm,1426.0
1781701467906101856,/dynamic_straight/tuning/marker_y_px,576.0
1781701467906112867,/dynamic_straight/tuning/track_speed_pps,6.93477279114547
1781701467906122836,/dynamic_straight/tuning/target_speed_pps,0.0
1781701467906264283,/dynamic_straight/tuning/cbf_qp_h,0.0
1781701467906287136,/dynamic_straight/tuning/cbf_qp_h_dot,0.0
1781701467906339024,/dynamic_straight/tuning/cbf_qp_h_ddot,0.0
1781701467906390442,/dynamic_straight/tuning/cbf_qp_rhs,0.0
1781701467940885378,/dynamic_straight/tuning/marker_seen,1.0
1781701467940932237,/dynamic_straight/tuning/marker_x_px,384.75
1781701467940937978,/dynamic_straight/tuning/heading_error_rad,3.0727361642887487
1781701467940943368,/dynamic_straight/tuning/lateral_error_px,21.86836814880371
1781701467940947405,/dynamic_straight/tuning/marker_y_px,576.0
1781701467940959398,/dynamic_straight/tuning/throttle_pwm,1585.0
1781701467940964568,/dynamic_straight/tuning/roll_pwm,1394.0
1781701467940974817,/dynamic_straight/tuning/raw_track_speed_pps,11.809729949013157
1781701467940991108,/dynamic_straight/tuning/track_speed_pps,8.64100779639916
1781701467941007699,/dynamic_straight/tuning/target_speed_pps,0.0
1781701467941113900,/dynamic_straight/tuning/cbf_qp_h,0.0
1781701467941135892,/dynamic_straight/tuning/cbf_qp_h_dot,0.0
1781701467941148716,/dynamic_straight/tuning/cbf_qp_h_ddot,0.0
1781701467941210432,/dynamic_straight/tuning/cbf_qp_rhs,0.0
1781701467985687417,/dynamic_straight/tuning/marker_seen,1.0
1781701467985749644,/dynamic_straight/tuning/marker_x_px,388.5
1781701467985776214,/dynamic_straight/tuning/heading_error_rad,3.070285188804503
1781701467985783178,/dynamic_straight/tuning/lateral_error_px,23.019533157348633
1781701467985786724,/dynamic_straight/tuning/roll_pwm,1353.0
1781701467985790311,/dynamic_straight/tuning/marker_y_px,576.0
1781701467985800621,/dynamic_straight/tuning/throttle_pwm,1585.0
1781701467986771745,/dynamic_straight/tuning/raw_track_speed_pps,11.656942928623225
1781701467986809507,/dynamic_straight/tuning/track_speed_pps,9.696585092677584
1781701467986813995,/dynamic_straight/tuning/target_speed_pps,0.0
1781701467986825176,/dynamic_straight/tuning/cbf_qp_h,0.0
1781701467986834464,/dynamic_straight/tuning/cbf_qp_h_dot,0.0
1781701467986838111,/dynamic_straight/tuning/cbf_qp_h_ddot,0.0
1781701467986848240,/dynamic_straight/tuning/cbf_qp_rhs,0.0
1781701468062623632,/dynamic_straight/tuning/marker_seen,1.0
1781701468062679999,/dynamic_straight/tuning/throttle_pwm,1585.0
1781701468062684818,/dynamic_straight/tuning/marker_x_px,397.5
1781701468062690308,/dynamic_straight/tuning/heading_error_rad,3.108271657711546
1781701468062697612,/dynamic_straight/tuning/raw_track_speed_pps,16.447649165946068
1781701468062701900,/dynamic_straight/tuning/lateral_error_px,3.118086814880371
1781701468062706910,/dynamic_straight/tuning/roll_pwm,1769.0
1781701468062709945,/dynamic_straight/tuning/marker_y_px,578.25
1781701468062716758,/dynamic_straight/tuning/track_speed_pps,12.059457518321553
1781701468062719894,/dynamic_straight/tuning/target_speed_pps,0.0
1781701468062800226,/dynamic_straight/tuning/cbf_qp_h,0.0
1781701468062810535,/dynamic_straight/tuning/cbf_qp_h_dot,0.0
1781701468062831886,/dynamic_straight/tuning/cbf_qp_h_ddot,0.0
1781701468062879025,/dynamic_straight/tuning/cbf_qp_rhs,0.0
1781701468107890529,/dynamic_straight/tuning/marker_seen,1.0
1781701468107938640,/dynamic_straight/tuning/marker_x_px,402.0
1781701468107942658,/dynamic_straight/tuning/marker_y_px,579.0
1781701468107975920,/dynamic_straight/tuning/lateral_error_px,25.05007553100586
1781701468107991670,/dynamic_straight/tuning/throttle_pwm,1585.0
1781701468107996850,/dynamic_straight/tuning/heading_error_rad,3.070285188804503
1781701468107999615,/dynamic_straight/tuning/roll_pwm,1150.0
1781701468108006057,/dynamic_straight/tuning/raw_track_speed_pps,14.392218110095667
1781701468108012780,/dynamic_straight/tuning/track_speed_pps,12.875923725442494
1781701468108039961,/dynamic_straight/tuning/target_speed_pps,0.0
1781701468108145681,/dynamic_straight/tuning/cbf_qp_h,0.0
1781701468108165258,/dynamic_straight/tuning/cbf_qp_h_dot,0.0
1781701468108170568,/dynamic_straight/tuning/cbf_qp_h_ddot,0.0
1781701468108209552,/dynamic_straight/tuning/cbf_qp_rhs,0.0
1781701468147545665,/dynamic_straight/tuning/marker_seen,1.0
1781701468147598655,/dynamic_straight/tuning/throttle_pwm,1585.0
1781701468147603534,/dynamic_straight/tuning/marker_x_px,408.0
1781701468147609776,/dynamic_straight/tuning/heading_error_rad,3.070285188804503
1781701468147614595,/dynamic_straight/tuning/lateral_error_px,24.62259292602539
1781701468147618051,/dynamic_straight/tuning/roll_pwm,1385.0
1781701468147621858,/dynamic_straight/tuning/marker_y_px,579.0
1781701468147631867,/dynamic_straight/tuning/track_speed_pps,15.401032905257704
1781701468147636406,/dynamic_straight/tuning/raw_track_speed_pps,20.09052138205738
1781701468147650703,/dynamic_straight/tuning/target_speed_pps,0.0
1781701468147764758,/dynamic_straight/tuning/cbf_qp_h,0.0
1781701468147796388,/dynamic_straight/tuning/cbf_qp_h_dot,0.0
1781701468147827096,/dynamic_straight/tuning/cbf_qp_h_ddot,0.0
1781701468147899844,/dynamic_straight/tuning/cbf_qp_rhs,0.0
1781701468187806214,/dynamic_straight/tuning/marker_seen,1.0
1781701468187856749,/dynamic_straight/tuning/throttle_pwm,1585.0
1781701468187861358,/dynamic_straight/tuning/marker_x_px,411.0
1781701468187865195,/dynamic_straight/tuning/heading_error_rad,3.070285188804503
1781701468187869724,/dynamic_straight/tuning/lateral_error_px,24.408851623535156
1781701468187875014,/dynamic_straight/tuning/roll_pwm,1381.0
1781701468187878250,/dynamic_straight/tuning/marker_y_px,579.0
1781701468187889591,/dynamic_straight/tuning/track_speed_pps,13.596523045054447
1781701468187893468,/dynamic_straight/tuning/raw_track_speed_pps,10.245290447534108
1781701468187897556,/dynamic_straight/tuning/target_speed_pps,0.0
1781701468187948472,/dynamic_straight/tuning/cbf_qp_h,0.0
1781701468187960966,/dynamic_straight/tuning/cbf_qp_h_dot,0.0
1781701468187972127,/dynamic_straight/tuning/cbf_qp_h_ddot,0.0
1781701468187988368,/dynamic_straight/tuning/cbf_qp_rhs,0.0
1781701468279643079,/dynamic_straight/tuning/marker_seen,1.0
1781701468279688605,/dynamic_straight/tuning/marker_x_px,420.0
1781701468279692282,/dynamic_straight/tuning/heading_error_rad,3.070285188804503
1781701468279696730,/dynamic_straight/tuning/lateral_error_px,23.767627716064453
1781701468279699906,/dynamic_straight/tuning/marker_y_px,579.0
1781701468279709164,/dynamic_straight/tuning/roll_pwm,1387.0
1781701468279746935,/dynamic_straight/tuning/throttle_pwm,1585.0
1781701468279776261,/dynamic_straight/tuning/raw_track_speed_pps,16.080169042004275
1781701468279804193,/dynamic_straight/tuning/track_speed_pps,14.465799143986889
1781701468279827768,/dynamic_straight/tuning/target_speed_pps,0.0
1781701468279928999,/dynamic_straight/tuning/cbf_qp_h,10.063496128425626
1781701468279959767,/dynamic_straight/tuning/cbf_qp_h_dot,5.352415460621728
1781701468279988722,/dynamic_straight/tuning/cbf_qp_h_ddot,1.1135522946906389
1781701468280043846,/dynamic_straight/tuning/cbf_qp_rhs,-309.4317840756376
1781701468320429201,/dynamic_straight/tuning/marker_seen,1.0
1781701468320535031,/dynamic_straight/tuning/throttle_pwm,1585.0
1781701468320541132,/dynamic_straight/tuning/marker_x_px,422.25
1781701468320548246,/dynamic_straight/tuning/heading_error_rad,3.0727361642887487
1781701468320554007,/dynamic_straight/tuning/raw_track_speed_pps,7.04556279815389
1781701468320557233,/dynamic_straight/tuning/lateral_error_px,22.28118133544922
1781701468320559808,/dynamic_straight/tuning/roll_pwm,1422.0
1781701468320564326,/dynamic_straight/tuning/marker_y_px,579.0
1781701468320570859,/dynamic_straight/tuning/track_speed_pps,11.868716422945338
1781701468320574215,/dynamic_straight/tuning/target_speed_pps,0.0
1781701468320651912,/dynamic_straight/tuning/cbf_qp_h,9.502590465150508
1781701468320674174,/dynamic_straight/tuning/cbf_qp_h_dot,4.219759277595612
1781701468320693240,/dynamic_straight/tuning/cbf_qp_h_ddot,0.723683699432848
1781701468320723687,/dynamic_straight/tuning/cbf_qp_rhs,-275.1706785543552
1781701468379632366,/dynamic_straight/tuning/marker_seen,1.0
1781701468379677471,/dynamic_straight/tuning/marker_x_px,426.0
1781701468379681679,/dynamic_straight/tuning/heading_error_rad,3.070285188804503
1781701468379684895,/dynamic_straight/tuning/lateral_error_px,23.340145111083984
1781701468379688061,/dynamic_straight/tuning/roll_pwm,1360.0
1781701468379691387,/dynamic_straight/tuning/marker_y_px,579.0
1781701468379699192,/dynamic_straight/tuning/throttle_pwm,1585.0
1781701468379703119,/dynamic_straight/tuning/raw_track_speed_pps,9.087956353988405
1781701468379709702,/dynamic_straight/tuning/track_speed_pps,10.89545039881041
1781701468379720412,/dynamic_straight/tuning/target_speed_pps,0.0
1781701468379797658,/dynamic_straight/tuning/cbf_qp_h,9.755764780165606
1781701468379808088,/dynamic_straight/tuning/cbf_qp_h_dot,3.982856407255591
1781701468379829689,/dynamic_straight/tuning/cbf_qp_h_ddot,0.6317076434036741
1781701468379886125,/dynamic_straight/tuning/cbf_qp_rhs,-275.40413139182755
1781701468471380724,/dynamic_straight/tuning/marker_seen,1.0
1781701468471428515,/dynamic_straight/tuning/throttle_pwm,1585.0
1781701468471432151,/dynamic_straight/tuning/marker_x_px,432.0
1781701468471434526,/dynamic_straight/tuning/heading_error_rad,3.1058935409104693
1781701468471437532,/dynamic_straight/tuning/lateral_error_px,4.7325029373168945
1781701468471441178,/dynamic_straight/tuning/roll_pwm,1697.0
1781701468471443673,/dynamic_straight/tuning/marker_y_px,579.75
1781701468471452029,/dynamic_straight/tuning/raw_track_speed_pps,9.118079760338752
1781701468471459533,/dynamic_straight/tuning/track_speed_pps,10.27337067534533
1781701468471470063,/dynamic_straight/tuning/target_speed_pps,0.0
1781701468471535827,/dynamic_straight/tuning/cbf_qp_h,9.009638054393491
1781701468471544363,/dynamic_straight/tuning/cbf_qp_h_dot,3.5826672893376617
1781701468471560814,/dynamic_straight/tuning/cbf_qp_h_ddot,0.5434334586278435
1781701468471629003,/dynamic_straight/tuning/cbf_qp_rhs,-252.38954033325115
1781701468519986759,/dynamic_straight/tuning/marker_seen,1.0
1781701468520030983,/dynamic_straight/tuning/marker_x_px,435.0
1781701468520034690,/dynamic_straight/tuning/heading_error_rad,3.1058935409104693
1781701468520039890,/dynamic_straight/tuning/lateral_error_px,4.625428199768066
1781701468520043567,/dynamic_straight/tuning/roll_pwm,1477.0
1781701468520048726,/dynamic_straight/tuning/marker_y_px,579.75
1781701468520054998,/dynamic_straight/tuning/throttle_pwm,1585.0
1781701468520070878,/dynamic_straight/tuning/raw_track_speed_pps,10.620252796992208
1781701468520098711,/dynamic_straight/tuning/track_speed_pps,10.394779417921736
1781701468520120572,/dynamic_straight/tuning/target_speed_pps,0.0
1781701468520207637,/dynamic_straight/tuning/cbf_qp_h,8.864467091239064
1781701468520235830,/dynamic_straight/tuning/cbf_qp_h_dot,3.6026573275766283
1781701468520264594,/dynamic_straight/tuning/cbf_qp_h_ddot,0.5563537415991513
1781701468520336280,/dynamic_straight/tuning/cbf_qp_rhs,-249.89884211791298
1781701468565831979,/dynamic_straight/tuning/marker_seen,1.0
1781701468565892263,/dynamic_straight/tuning/throttle_pwm,1585.0
1781701468565898504,/dynamic_straight/tuning/marker_x_px,438.75
1781701468565901460,/dynamic_straight/tuning/heading_error_rad,-3.141592653589793
1781701468565907551,/dynamic_straight/tuning/lateral_error_px,-13.5
1781701468565910537,/dynamic_straight/tuning/roll_pwm,1850.0
1781701468565913362,/dynamic_straight/tuning/marker_y_px,580.5
1781701468565922520,/dynamic_straight/tuning/track_speed_pps,10.32626869400757
1781701468565925916,/dynamic_straight/tuning/raw_track_speed_pps,10.199034492452693
1781701468565929313,/dynamic_straight/tuning/target_speed_pps,0.0
1781701468565991891,/dynamic_straight/tuning/cbf_qp_h,8.670559277352321
1781701468566002982,/dynamic_straight/tuning/cbf_qp_h_dot,3.5491832138396444
1781701468566023871,/dynamic_straight/tuning/cbf_qp_h_ddot,0.549088374019688
1781701468566071722,/dynamic_straight/tuning/cbf_qp_rhs,-244.94393819785927
1781701468647589423,/dynamic_straight/tuning/marker_seen,1.0
1781701468647645799,/dynamic_straight/tuning/marker_x_px,444.75
1781701468647652682,/dynamic_straight/tuning/heading_error_rad,-3.141592653589793
1781701468647658443,/dynamic_straight/tuning/lateral_error_px,-13.5
1781701468647663092,/dynamic_straight/tuning/roll_pwm,1571.0
1781701468647668823,/dynamic_straight/tuning/marker_y_px,580.5
1781701468647682448,/dynamic_straight/tuning/throttle_pwm,1585.0
1781701468647687177,/dynamic_straight/tuning/raw_track_speed_pps,18.941307071358782
1781701468647699270,/dynamic_straight/tuning/track_speed_pps,13.341532126080494
1781701468647719168,/dynamic_straight/tuning/target_speed_pps,0.0
1781701468647810320,/dynamic_straight/tuning/cbf_qp_h,8.38549582808221
1781701468647826641,/dynamic_straight/tuning/cbf_qp_h_dot,4.528204448617858
1781701468647838593,/dynamic_straight/tuning/cbf_qp_h_ddot,0.9165724901082366
1781701468647881094,/dynamic_straight/tuning/cbf_qp_rhs,-259.19057802410964
1781701468689964166,/dynamic_straight/tuning/marker_seen,1.0
1781701468690061880,/dynamic_straight/tuning/throttle_pwm,1585.0
1781701468690074534,/dynamic_straight/tuning/track_speed_pps,11.581122966717164
1781701468690084623,/dynamic_straight/tuning/marker_x_px,450.0
1781701468690091556,/dynamic_straight/tuning/heading_error_rad,-3.141592653589793
1781701468690097578,/dynamic_straight/tuning/raw_track_speed_pps,8.311791670756694
1781701468690103068,/dynamic_straight/tuning/lateral_error_px,-13.5
1781701468690108248,/dynamic_straight/tuning/roll_pwm,1571.0
1781701468690115091,/dynamic_straight/tuning/marker_y_px,580.5
1781701468690120541,/dynamic_straight/tuning/target_speed_pps,0.0
1781701468690134568,/dynamic_straight/tuning/cbf_qp_h,8.532245743209529
1781701468690145979,/dynamic_straight/tuning/cbf_qp_h_dot,4.026895818660351
1781701468690157841,/dynamic_straight/tuning/cbf_qp_h_ddot,0.7154755686470988
1781701468690214048,/dynamic_straight/tuning/cbf_qp_rhs,-251.89830680604473
1781701468734517464,/dynamic_straight/tuning/marker_seen,1.0
1781701468734617313,/dynamic_straight/tuning/throttle_pwm,1585.0
1781701468734628184,/dynamic_straight/tuning/marker_x_px,452.25
1781701468734634085,/dynamic_straight/tuning/heading_error_rad,-3.141592653589793
1781701468734640427,/dynamic_straight/tuning/lateral_error_px,-13.5
1781701468734646368,/dynamic_straight/tuning/roll_pwm,1571.0
1781701468734649223,/dynamic_straight/tuning/marker_y_px,580.5
1781701468734660004,/dynamic_straight/tuning/track_speed_pps,10.53388813427939
1781701468734663580,/dynamic_straight/tuning/raw_track_speed_pps,8.589023445466387
1781701468734672798,/dynamic_straight/tuning/target_speed_pps,0.0
1781701468734731960,/dynamic_straight/tuning/cbf_qp_h,8.034210556289551
1781701468734750745,/dynamic_straight/tuning/cbf_qp_h_dot,3.5186821546064366
1781701468734779910,/dynamic_straight/tuning/cbf_qp_h_ddot,0.5713902291642844
1781701468734826849,/dynamic_straight/tuning/cbf_qp_rhs,-231.6292444470841
1781701468774217615,/dynamic_straight/tuning/marker_seen,1.0
1781701468774265135,/dynamic_straight/tuning/throttle_pwm,1585.0
1781701468774271386,/dynamic_straight/tuning/marker_x_px,454.5
1781701468774274152,/dynamic_straight/tuning/heading_error_rad,-3.141592653589793
1781701468774277979,/dynamic_straight/tuning/lateral_error_px,-13.5
1781701468774281696,/dynamic_straight/tuning/roll_pwm,1571.0
1781701468774284411,/dynamic_straight/tuning/marker_y_px,580.5
1781701468774292055,/dynamic_straight/tuning/track_speed_pps,9.442749109275727
1781701468774294851,/dynamic_straight/tuning/raw_track_speed_pps,7.416348062840354
1781701468774304369,/dynamic_straight/tuning/target_speed_pps,0.0
1781701468774366626,/dynamic_straight/tuning/cbf_qp_h,8.290159842606098
1781701468774377086,/dynamic_straight/tuning/cbf_qp_h_dot,3.244372851505762
1781701468774397815,/dynamic_straight/tuning/cbf_qp_h_ddot,0.4745628263691991
1781701468774435897,/dynamic_straight/tuning/cbf_qp_rhs,-231.16521670860647
1781701468811630254,/dynamic_straight/tuning/marker_seen,1.0
1781701468811674207,/dynamic_straight/tuning/marker_x_px,456.75
1781701468811678324,/dynamic_straight/tuning/heading_error_rad,-3.141592653589793
1781701468811682813,/dynamic_straight/tuning/lateral_error_px,-13.5
1781701468811685388,/dynamic_straight/tuning/roll_pwm,1571.0
1781701468811688003,/dynamic_straight/tuning/marker_y_px,580.5
1781701468811695307,/dynamic_straight/tuning/throttle_pwm,1585.0
1781701468811699174,/dynamic_straight/tuning/raw_track_speed_pps,8.024299570277156
1781701468811709032,/dynamic_straight/tuning/track_speed_pps,8.946291770626228
1781701468811718721,/dynamic_straight/tuning/target_speed_pps,0.0
1781701468811789164,/dynamic_straight/tuning/cbf_qp_h,7.82612954777128
1781701468811799433,/dynamic_straight/tuning/cbf_qp_h_dot,2.9595338507698297
1781701468811826905,/dynamic_straight/tuning/cbf_qp_h_ddot,0.41213692033750665
1781701468811866009,/dynamic_straight/tuning/cbf_qp_rhs,-216.12540489115972
1781701468856384662,/dynamic_straight/tuning/marker_seen,1.0
1781701468856431050,/dynamic_straight/tuning/marker_x_px,459.0
1781701468856436390,/dynamic_straight/tuning/heading_error_rad,-3.141592653589793
1781701468856440277,/dynamic_straight/tuning/lateral_error_px,-13.5
1781701468856444255,/dynamic_straight/tuning/roll_pwm,1571.0
1781701468856446579,/dynamic_straight/tuning/marker_y_px,580.5
1781701468856471176,/dynamic_straight/tuning/throttle_pwm,1585.0
1781701468856475133,/dynamic_straight/tuning/track_speed_pps,8.20291579145667
1781701468856478620,/dynamic_straight/tuning/raw_track_speed_pps,6.822360401570347
1781701468856485693,/dynamic_straight/tuning/target_speed_pps,0.0
1781701468856546067,/dynamic_straight/tuning/cbf_qp_h,7.363921412908248
1781701468856569852,/dynamic_straight/tuning/cbf_qp_h_dot,2.6082886542159196
1781701468856576405,/dynamic_straight/tuning/cbf_qp_h_ddot,0.33467248650066955
1781701468856606031,/dynamic_straight/tuning/cbf_qp_rhs,-199.77887382898408
1781701468895179522,/dynamic_straight/tuning/marker_seen,1.0
1781701468895240498,/dynamic_straight/tuning/throttle_pwm,1585.0
1781701468895248302,/dynamic_straight/tuning/marker_x_px,461.25
1781701468895252831,/dynamic_straight/tuning/heading_error_rad,-3.141592653589793
1781701468895259163,/dynamic_straight/tuning/raw_track_speed_pps,8.298319868531173
1781701468895264904,/dynamic_straight/tuning/lateral_error_px,-13.5
1781701468895269442,/dynamic_straight/tuning/roll_pwm,1571.0
1781701468895272708,/dynamic_straight/tuning/marker_y_px,580.5
1781701468895289310,/dynamic_straight/tuning/track_speed_pps,8.236307218432746
1781701468895295201,/dynamic_straight/tuning/target_speed_pps,0.0
1781701468895349984,/dynamic_straight/tuning/cbf_qp_h,7.620066155171
1781701468895367538,/dynamic_straight/tuning/cbf_qp_h_dot,2.6981151243871224
1781701468895381043,/dynamic_straight/tuning/cbf_qp_h_ddot,0.3493176106580268
1781701468895426880,/dynamic_straight/tuning/cbf_qp_rhs,-206.7129432018205
1781701468937173136,/dynamic_straight/tuning/marker_seen,1.0
1781701468937218942,/dynamic_straight/tuning/marker_x_px,463.5
1781701468937223901,/dynamic_straight/tuning/heading_error_rad,-3.141592653589793
1781701468937228881,/dynamic_straight/tuning/lateral_error_px,-13.5
1781701468937232167,/dynamic_straight/tuning/roll_pwm,1571.0
1781701468937234762,/dynamic_straight/tuning/marker_y_px,580.5
1781701468937243118,/dynamic_straight/tuning/throttle_pwm,1585.0
1781701468937246454,/dynamic_straight/tuning/raw_track_speed_pps,7.514633154891599
1781701468937252816,/dynamic_straight/tuning/track_speed_pps,7.983721296193345
1781701468937272123,/dynamic_straight/tuning/target_speed_pps,0.0
1781701468937325373,/dynamic_straight/tuning/cbf_qp_h,7.864196476700527
1781701468937340402,/dynamic_straight/tuning/cbf_qp_h_dot,2.689879602789286
1781701468937349819,/dynamic_straight/tuning/cbf_qp_h_ddot,0.33924038690159886
1781701468937381950,/dynamic_straight/tuning/cbf_qp_rhs,-211.4207619766979
1781701468981864816,/dynamic_straight/tuning/marker_seen,1.0
1781701468981904521,/dynamic_straight/tuning/marker_x_px,465.75
1781701468981909380,/dynamic_straight/tuning/heading_error_rad,-3.141592653589793
1781701468981912746,/dynamic_straight/tuning/lateral_error_px,-13.5
1781701468981915421,/dynamic_straight/tuning/roll_pwm,1571.0
1781701468981917616,/dynamic_straight/tuning/marker_y_px,580.5
1781701468981924839,/dynamic_straight/tuning/throttle_pwm,1585.0
1781701468981932844,/dynamic_straight/tuning/raw_track_speed_pps,7.211820124969892
1781701468981948454,/dynamic_straight/tuning/track_speed_pps,7.713555886265135
1781701468981966648,/dynamic_straight/tuning/target_speed_pps,0.0
1781701468982018837,/dynamic_straight/tuning/cbf_qp_h,7.416020378488713
1781701468982036009,/dynamic_straight/tuning/cbf_qp_h_dot,2.502005190628729
1781701468982043964,/dynamic_straight/tuning/cbf_qp_h_ddot,0.306383001501927
1781701468982079281,/dynamic_straight/tuning/cbf_qp_rhs,-198.6668943838508
1781701469025939791,/dynamic_straight/tuning/marker_seen,1.0
1781701469025987832,/dynamic_straight/tuning/marker_x_px,468.75
1781701469025994865,/dynamic_straight/tuning/heading_error_rad,-3.141592653589793
1781701469025999584,/dynamic_straight/tuning/lateral_error_px,-13.5
1781701469026003712,/dynamic_straight/tuning/marker_y_px,580.5
1781701469026015584,/dynamic_straight/tuning/roll_pwm,1571.0
1781701469026043777,/dynamic_straight/tuning/throttle_pwm,1585.0
1781701469026070628,/dynamic_straight/tuning/raw_track_speed_pps,9.711849925824401
1781701469026098361,/dynamic_straight/tuning/track_speed_pps,8.412958800110879
1781701469026129199,/dynamic_straight/tuning/target_speed_pps,0.0
1781701469026208980,/dynamic_straight/tuning/cbf_qp_h,7.28111075843274
1781701469026222295,/dynamic_straight/tuning/cbf_qp_h_dot,2.7107886329063895
1781701469026248053,/dynamic_straight/tuning/cbf_qp_h_ddot,0.3644625670909807
1781701469026297677,/dynamic_straight/tuning/cbf_qp_rhs,-200.20245039387362
1781701469066517670,/dynamic_straight/tuning/marker_seen,1.0
1781701469066556874,/dynamic_straight/tuning/marker_x_px,474.0
1781701469066561553,/dynamic_straight/tuning/heading_error_rad,3.070285188804503
1781701469066566322,/dynamic_straight/tuning/lateral_error_px,22.912662506103516
1781701469066569648,/dynamic_straight/tuning/marker_y_px,582.0
1781701469066585979,/dynamic_straight/tuning/roll_pwm,1150.0
1781701469066619853,/dynamic_straight/tuning/throttle_pwm,1585.0
1781701469066638829,/dynamic_straight/tuning/raw_track_speed_pps,17.389461216602147
1781701469066655250,/dynamic_straight/tuning/track_speed_pps,11.554734645882823
1781701469066675548,/dynamic_straight/tuning/target_speed_pps,0.0
1781701469066780997,/dynamic_straight/tuning/cbf_qp_h,7.428035670971721
1781701469066794172,/dynamic_straight/tuning/cbf_qp_h_dot,3.8122727881199787
1781701469066809892,/dynamic_straight/tuning/cbf_qp_h_ddot,0.7104699415690054
1781701469066841993,/dynamic_straight/tuning/cbf_qp_rhs,-225.5166391234029
1781701469114147531,/dynamic_straight/tuning/marker_seen,1.0
1781701469114205110,/dynamic_straight/tuning/throttle_pwm,1585.0
1781701469114210079,/dynamic_straight/tuning/marker_x_px,477.0
1781701469114213987,/dynamic_straight/tuning/heading_error_rad,3.070285188804503
1781701469114220198,/dynamic_straight/tuning/raw_track_speed_pps,9.658359577230243
1781701469114224857,/dynamic_straight/tuning/lateral_error_px,22.69892120361328
1781701469114229075,/dynamic_straight/tuning/roll_pwm,1389.0
1781701469114232301,/dynamic_straight/tuning/marker_y_px,582.0
1781701469114241168,/dynamic_straight/tuning/track_speed_pps,10.89100337185442
1781701469114244043,/dynamic_straight/tuning/target_speed_pps,0.0
1781701469114307734,/dynamic_straight/tuning/cbf_qp_h,7.290469506185532
1781701469114316200,/dynamic_straight/tuning/cbf_qp_h_dot,3.569040329281208
1781701469114338311,/dynamic_straight/tuning/cbf_qp_h_ddot,0.6311920800230827
1781701469114373127,/dynamic_straight/tuning/cbf_qp_rhs,-217.8213887893578
1781701469155731611,/dynamic_straight/tuning/marker_seen,1.0
1781701469155780102,/dynamic_straight/tuning/marker_x_px,480.0
1781701469155783709,/dynamic_straight/tuning/heading_error_rad,-3.141592653589793
1781701469155786785,/dynamic_straight/tuning/lateral_error_px,-10.5
1781701469155789169,/dynamic_straight/tuning/marker_y_px,583.5
1781701469155796483,/dynamic_straight/tuning/roll_pwm,1850.0
1781701469155819887,/dynamic_straight/tuning/throttle_pwm,1585.0
1781701469155835667,/dynamic_straight/tuning/raw_track_speed_pps,8.68641040118323
1781701469155852750,/dynamic_straight/tuning/track_speed_pps,10.119395832119505
1781701469155866886,/dynamic_straight/tuning/target_speed_pps,0.0
1781701469155960713,/dynamic_straight/tuning/cbf_qp_h,7.1276847559887395
1781701469155989949,/dynamic_straight/tuning/cbf_qp_h_dot,3.2933683111755947
1781701469156018433,/dynamic_straight/tuning/cbf_qp_h_ddot,0.5462640635576553
1781701469156073877,/dynamic_straight/tuning/cbf_qp_rhs,-208.96732540684457
1781701469193581886,/dynamic_straight/tuning/marker_seen,1.0
1781701469193628915,/dynamic_straight/tuning/marker_x_px,482.25
1781701469193633805,/dynamic_straight/tuning/heading_error_rad,3.107123552590285
1781701469193641289,/dynamic_straight/tuning/lateral_error_px,5.344910621643066
1781701469193644875,/dynamic_straight/tuning/roll_pwm,1150.0
1781701469193648452,/dynamic_straight/tuning/marker_y_px,582.75
1781701469193660265,/dynamic_straight/tuning/throttle_pwm,1585.0
1781701469193664903,/dynamic_straight/tuning/raw_track_speed_pps,9.047997820798942
1781701469193674942,/dynamic_straight/tuning/track_speed_pps,9.744406528157308
1781701469193691063,/dynamic_straight/tuning/target_speed_pps,0.0
1781701469193798135,/dynamic_straight/tuning/cbf_qp_h,7.013615025583813
1781701469193814566,/dynamic_straight/tuning/cbf_qp_h_dot,3.1491821303293426
1781701469193825867,/dynamic_straight/tuning/cbf_qp_h_ddot,0.5052851606739988
1781701469193853770,/dynamic_straight/tuning/cbf_qp_rhs,-203.7612282789369
1781701469237487131,/dynamic_straight/tuning/marker_seen,1.0
1781701469237527097,/dynamic_straight/tuning/marker_x_px,483.75
1781701469237530383,/dynamic_straight/tuning/heading_error_rad,3.107123552590285
1781701469237533629,/dynamic_straight/tuning/lateral_error_px,5.293217658996582
1781701469237535813,/dynamic_straight/tuning/roll_pwm,1472.0
1781701469237537977,/dynamic_straight/tuning/marker_y_px,582.75
1781701469237545031,/dynamic_straight/tuning/throttle_pwm,1585.0
1781701469237548277,/dynamic_straight/tuning/raw_track_speed_pps,4.429438367033353
1781701469237558025,/dynamic_straight/tuning/track_speed_pps,7.884167671763924
1781701469237574386,/dynamic_straight/tuning/target_speed_pps,0.0
1781701469237654477,/dynamic_straight/tuning/cbf_qp_h,6.947854237771831
1781701469237669376,/dynamic_straight/tuning/cbf_qp_h_dot,2.5396494225637687
1781701469237673553,/dynamic_straight/tuning/cbf_qp_h_ddot,0.33083276750981677
1781701469237708550,/dynamic_straight/tuning/cbf_qp_rhs,-190.08090597422182
1781701469360598631,/dynamic_straight/tuning/marker_seen,1.0
1781701469360663223,/dynamic_straight/tuning/throttle_pwm,1585.0
1781701469360670506,/dynamic_straight/tuning/marker_x_px,489.75
1781701469360675466,/dynamic_straight/tuning/heading_error_rad,-3.141592653589793
1781701469360680615,/dynamic_straight/tuning/raw_track_speed_pps,6.777560202856281
1781701469360685915,/dynamic_straight/tuning/lateral_error_px,-10.5
1781701469360689763,/dynamic_straight/tuning/roll_pwm,1697.0
1781701469360692368,/dynamic_straight/tuning/marker_y_px,583.5
1781701469360700122,/dynamic_straight/tuning/track_speed_pps,7.49685505764625
1781701469360703158,/dynamic_straight/tuning/target_speed_pps,0.0
1781701469360739106,/dynamic_straight/tuning/cbf_qp_h,6.361851527242604
1781701469360762981,/dynamic_straight/tuning/cbf_qp_h_dot,2.302838278273661
1781701469360775916,/dynamic_straight/tuning/cbf_qp_h_ddot,0.28941006739262337
1781701469360816522,/dynamic_straight/tuning/cbf_qp_rhs,-173.583206177718
1781701469395723728,/dynamic_straight/tuning/marker_seen,1.0
1781701469395776678,/dynamic_straight/tuning/marker_x_px,492.0
1781701469395780255,/dynamic_straight/tuning/heading_error_rad,-3.141592653589793
1781701469395785395,/dynamic_straight/tuning/lateral_error_px,-10.5
1781701469395787719,/dynamic_straight/tuning/roll_pwm,1556.0
1781701469395790494,/dynamic_straight/tuning/marker_y_px,583.5
1781701469395796846,/dynamic_straight/tuning/throttle_pwm,1585.0
1781701469395806144,/dynamic_straight/tuning/raw_track_speed_pps,8.461059337158126
1781701469395830550,/dynamic_straight/tuning/track_speed_pps,7.834326555475407
1781701469395839246,/dynamic_straight/tuning/target_speed_pps,0.0
1781701469395898919,/dynamic_straight/tuning/cbf_qp_h,6.591871062646201
1781701469395908126,/dynamic_straight/tuning/cbf_qp_h_dot,2.479930215824345
1781701469395927924,/dynamic_straight/tuning/cbf_qp_h_ddot,0.32741366626179674
1781701469395955165,/dynamic_straight/tuning/cbf_qp_rhs,-181.76343923567276
1781701469443415386,/dynamic_straight/tuning/marker_seen,1.0
1781701469443458227,/dynamic_straight/tuning/throttle_pwm,1585.0
1781701469443461834,/dynamic_straight/tuning/marker_x_px,492.75
1781701469443464549,/dynamic_straight/tuning/heading_error_rad,-3.141592653589793
1781701469443468166,/dynamic_straight/tuning/lateral_error_px,-10.5
1781701469443470189,/dynamic_straight/tuning/roll_pwm,1556.0
1781701469443472905,/dynamic_straight/tuning/marker_y_px,583.5
1781701469443480629,/dynamic_straight/tuning/raw_track_speed_pps,2.523361196386429
1781701469443486570,/dynamic_straight/tuning/track_speed_pps,5.975488679794265
1781701469443501759,/dynamic_straight/tuning/target_speed_pps,0.0
1781701469443554288,/dynamic_straight/tuning/cbf_qp_h,6.234115652672824
1781701469443562083,/dynamic_straight/tuning/cbf_qp_h_dot,1.8226738031988863
1781701469443582051,/dynamic_straight/tuning/cbf_qp_h_ddot,0.1838663528667743
1781701469443607639,/dynamic_straight/tuning/cbf_qp_rhs,-161.319655470301
1781701469485870261,/dynamic_straight/tuning/marker_seen,1.0
1781701469485907261,/dynamic_straight/tuning/throttle_pwm,1585.0
1781701469485910497,/dynamic_straight/tuning/marker_x_px,495.0
1781701469485912871,/dynamic_straight/tuning/heading_error_rad,3.1058935409104693
1781701469485915596,/dynamic_straight/tuning/raw_track_speed_pps,6.992980262647017
1781701469485918221,/dynamic_straight/tuning/lateral_error_px,6.981067657470703
1781701469485920977,/dynamic_straight/tuning/roll_pwm,1150.0
1781701469485922830,/dynamic_straight/tuning/marker_y_px,584.25
1781701469485928601,/dynamic_straight/tuning/track_speed_pps,6.331610733792727
1781701469485934031,/dynamic_straight/tuning/target_speed_pps,0.0
1781701469485995628,/dynamic_straight/tuning/cbf_qp_h,6.149583667237677
1781701469486010225,/dynamic_straight/tuning/cbf_qp_h_dot,1.9221658161405777
1781701469486012620,/dynamic_straight/tuning/cbf_qp_h_ddot,0.20641862024649132
1781701469486039250,/dynamic_straight/tuning/cbf_qp_rhs,-161.64140828781137
1781701469526064254,/dynamic_straight/tuning/marker_seen,1.0
1781701469526119619,/dynamic_straight/tuning/throttle_pwm,1585.0
1781701469526124959,/dynamic_straight/tuning/marker_x_px,496.5
1781701469526129317,/dynamic_straight/tuning/heading_error_rad,3.108271657711546
1781701469526135188,/dynamic_straight/tuning/raw_track_speed_pps,5.418408178375489
1781701469526139536,/dynamic_straight/tuning/lateral_error_px,5.816588401794434
1781701469526143223,/dynamic_straight/tuning/roll_pwm,1501.0
1781701469526146981,/dynamic_straight/tuning/marker_y_px,584.25
1781701469526157060,/dynamic_straight/tuning/track_speed_pps,6.011989839396694
1781701469526162310,/dynamic_straight/tuning/target_speed_pps,0.0
1781701469526202816,/dynamic_straight/tuning/cbf_qp_h,6.085568715875357
1781701469526213005,/dynamic_straight/tuning/cbf_qp_h_dot,1.8186685366266195
1781701469526227633,/dynamic_straight/tuning/cbf_qp_h_ddot,0.18611950185057796
1781701469526271025,/dynamic_straight/tuning/cbf_qp_rhs,-158.2708645518901
1781701469568020437,/dynamic_straight/tuning/marker_seen,1.0
1781701469568062807,/dynamic_straight/tuning/marker_x_px,501.0
1781701469568066855,/dynamic_straight/tuning/heading_error_rad,-3.141592653589793
1781701469568070742,/dynamic_straight/tuning/lateral_error_px,-10.5
1781701469568073637,/dynamic_straight/tuning/roll_pwm,1850.0
1781701469568076843,/dynamic_straight/tuning/marker_y_px,583.5
1781701469568084247,/dynamic_straight/tuning/throttle_pwm,1585.0
1781701469568088105,/dynamic_straight/tuning/raw_track_speed_pps,14.441029635240666
1781701469568099246,/dynamic_straight/tuning/track_speed_pps,8.962153767942084
1781701469568117801,/dynamic_straight/tuning/target_speed_pps,0.0
1781701469568178225,/dynamic_straight/tuning/cbf_qp_h,6.199764805718966
1781701469568197010,/dynamic_straight/tuning/cbf_qp_h_dot,2.7770883732316127
1781701469568218030,/dynamic_straight/tuning/cbf_qp_h_ddot,0.4284678543951789
1781701469568255621,/dynamic_straight/tuning/cbf_qp_rhs,-179.96553143340694
1781701469615015779,/dynamic_straight/tuning/marker_seen,1.0
1781701469615073709,/dynamic_straight/tuning/throttle_pwm,1585.0
1781701469615080702,/dynamic_straight/tuning/marker_x_px,504.0
1781701469615084379,/dynamic_straight/tuning/heading_error_rad,3.070285188804503
1781701469615088326,/dynamic_straight/tuning/lateral_error_px,23.767627716064453
1781701469615093015,/dynamic_straight/tuning/roll_pwm,1150.0
1781701469615096161,/dynamic_straight/tuning/marker_y_px,585.0
1781701469615102403,/dynamic_straight/tuning/raw_track_speed_pps,9.350744273466832
1781701469615108535,/dynamic_straight/tuning/track_speed_pps,9.098160444875745
1781701469615126969,/dynamic_straight/tuning/target_speed_pps,0.0
1781701469615204927,/dynamic_straight/tuning/cbf_qp_h,6.0942870471368
1781701469615210858,/dynamic_straight/tuning/cbf_qp_h_dot,2.7992200341814257
1781701469615240454,/dynamic_straight/tuning/cbf_qp_h_ddot,0.440486840498828
1781701469615273606,/dynamic_straight/tuning/cbf_qp_rhs,-178.31062846686316
1781701469651352496,/dynamic_straight/tuning/marker_seen,1.0
1781701469651390428,/dynamic_straight/tuning/marker_x_px,507.0
1781701469651393874,/dynamic_straight/tuning/heading_error_rad,3.070285188804503
1781701469651398142,/dynamic_straight/tuning/lateral_error_px,23.55388641357422
1781701469651400316,/dynamic_straight/tuning/roll_pwm,1385.0
1781701469651402200,/dynamic_straight/tuning/marker_y_px,585.0
1781701469651408011,/dynamic_straight/tuning/throttle_pwm,1585.0
1781701469651413381,/dynamic_straight/tuning/raw_track_speed_pps,9.971892121241485
1781701469651430874,/dynamic_straight/tuning/track_speed_pps,9.403966531603754
1781701469651436665,/dynamic_straight/tuning/target_speed_pps,0.0
1781701469651504062,/dynamic_straight/tuning/cbf_qp_h,5.966034887689939
1781701469651512989,/dynamic_straight/tuning/cbf_qp_h_dot,2.872371096556829
1781701469651525913,/dynamic_straight/tuning/cbf_qp_h_ddot,0.47059564683704036
1781701469651562342,/dynamic_straight/tuning/cbf_qp_rhs,-177.23871533177228
1781701469700683050,/dynamic_straight/tuning/marker_seen,1.0
1781701469700732854,/dynamic_straight/tuning/marker_x_px,510.0
1781701469700739527,/dynamic_straight/tuning/heading_error_rad,3.1058935409104693
1781701469700744306,/dynamic_straight/tuning/lateral_error_px,6.445695877075195
1781701469700747822,/dynamic_straight/tuning/marker_y_px,584.25
1781701469700771908,/dynamic_straight/tuning/throttle_pwm,1585.0
1781701469700777598,/dynamic_straight/tuning/roll_pwm,1850.0
1781701469700811803,/dynamic_straight/tuning/raw_track_speed_pps,8.720809852034836
1781701469700838624,/dynamic_straight/tuning/track_speed_pps,9.164861693754633
1781701469700865935,/dynamic_straight/tuning/target_speed_pps,0.0
1781701469700950545,/dynamic_straight/tuning/cbf_qp_h,6.121197236963378
1781701469700964121,/dynamic_straight/tuning/cbf_qp_h_dot,2.875283429439879
1781701469701008384,/dynamic_straight/tuning/cbf_qp_h_ddot,0.4633489530617346
1781701469701057888,/dynamic_straight/tuning/cbf_qp_rhs,-180.39296228112704
1781701469747294918,/dynamic_straight/tuning/marker_seen,1.0
1781701469747332809,/dynamic_straight/tuning/throttle_pwm,1585.0
1781701469747335925,/dynamic_straight/tuning/marker_x_px,519.75
1781701469747338991,/dynamic_straight/tuning/heading_error_rad,3.107123552590285
1781701469747343239,/dynamic_straight/tuning/lateral_error_px,5.551685333251953
1781701469747347056,/dynamic_straight/tuning/roll_pwm,1490.0
1781701469747349621,/dynamic_straight/tuning/marker_y_px,584.25
1781701469747357125,/dynamic_straight/tuning/track_speed_pps,14.87027261395457
1781701469747359770,/dynamic_straight/tuning/raw_track_speed_pps,28.525151780397742
1781701469747366593,/dynamic_straight/tuning/target_speed_pps,0.0
1781701469747420896,/dynamic_straight/tuning/cbf_qp_h,5.399308519761603
1781701469747428320,/dynamic_straight/tuning/cbf_qp_h_dot,4.392739206160835
1781701469747437728,/dynamic_straight/tuning/cbf_qp_h_ddot,1.176694210666411
1781701469747468496,/dynamic_straight/tuning/cbf_qp_rhs,-197.01764872911517
1781701469804085756,/dynamic_straight/tuning/marker_seen,1.0
1781701469804132725,/dynamic_straight/tuning/marker_x_px,523.5
1781701469804137654,/dynamic_straight/tuning/heading_error_rad,3.0750244898139694
1781701469804143214,/dynamic_straight/tuning/lateral_error_px,20.294586181640625
1781701469804146771,/dynamic_straight/tuning/roll_pwm,1150.0
1781701469804150849,/dynamic_straight/tuning/marker_y_px,585.0
1781701469804161940,/dynamic_straight/tuning/throttle_pwm,1585.0
1781701469804166328,/dynamic_straight/tuning/raw_track_speed_pps,10.111584365822987
1781701469804176497,/dynamic_straight/tuning/track_speed_pps,13.204731727108516
1781701469804187238,/dynamic_straight/tuning/target_speed_pps,0.0
1781701469804256729,/dynamic_straight/tuning/cbf_qp_h,4.744657954275679
1781701469804267539,/dynamic_straight/tuning/cbf_qp_h_dot,3.6174797588709438
1781701469804270645,/dynamic_straight/tuning/cbf_qp_h_ddot,0.8672467251093013
1781701469804330408,/dynamic_straight/tuning/cbf_qp_rhs,-168.11000098804243
1781701469920324662,/dynamic_straight/tuning/marker_seen,1.0
1781701469920402789,/dynamic_straight/tuning/marker_x_px,536.25
1781701469920408750,/dynamic_straight/tuning/marker_y_px,585.75
1781701469920461510,/dynamic_straight/tuning/lateral_error_px,6.4821672439575195
1781701469920613768,/dynamic_straight/tuning/heading_error_rad,3.107123552590285
1781701469920782967,/dynamic_straight/tuning/throttle_pwm,1585.0
1781701469920793197,/dynamic_straight/tuning/roll_pwm,1591.0
1781701469920855054,/dynamic_straight/tuning/raw_track_speed_pps,14.764454886465002
1781701469921195717,/dynamic_straight/tuning/track_speed_pps,13.750634832883286
1781701469921359847,/dynamic_straight/tuning/target_speed_pps,0.0
1781701469921467390,/dynamic_straight/tuning/cbf_qp_h,4.734938494077258
1781701469921544646,/dynamic_straight/tuning/cbf_qp_h_dot,3.893950984625537
1781701469921612795,/dynamic_straight/tuning/cbf_qp_h_ddot,1.0061697439589667
1781701469921694820,/dynamic_straight/tuning/cbf_qp_rhs,-173.583959318015
1781701470006511744,/dynamic_straight/tuning/marker_seen,1.0
1781701470006553764,/dynamic_straight/tuning/marker_x_px,543.0
1781701470006559124,/dynamic_straight/tuning/heading_error_rad,-3.141592653589793
1781701470006564764,/dynamic_straight/tuning/lateral_error_px,-7.5
1781701470006568822,/dynamic_straight/tuning/roll_pwm,1720.0
1781701470006572078,/dynamic_straight/tuning/marker_y_px,586.5
1781701470006582237,/dynamic_straight/tuning/throttle_pwm,1585.0
1781701470006608287,/dynamic_straight/tuning/raw_track_speed_pps,10.973632057511214
1781701470006632452,/dynamic_straight/tuning/track_speed_pps,12.778683861503062
1781701470006650817,/dynamic_straight/tuning/target_speed_pps,0.0
1781701470006730027,/dynamic_straight/tuning/cbf_qp_h,4.4804810882947566
1781701470006743993,/dynamic_straight/tuning/cbf_qp_h_dot,3.561458550521987
1781701470006764422,/dynamic_straight/tuning/cbf_qp_h_ddot,0.8710953887015267
1781701470006803325,/dynamic_straight/tuning/cbf_qp_rhs,-161.70988816503652
1781701470113801274,/dynamic_straight/tuning/marker_seen,1.0
1781701470113860806,/dynamic_straight/tuning/throttle_pwm,1585.0
1781701470113865936,/dynamic_straight/tuning/marker_x_px,557.25
1781701470113870044,/dynamic_straight/tuning/heading_error_rad,-3.141592653589793
1781701470113875364,/dynamic_straight/tuning/lateral_error_px,-7.5
1781701470113879521,/dynamic_straight/tuning/roll_pwm,1541.0
1781701470113882738,/dynamic_straight/tuning/marker_y_px,586.5
1781701470113892656,/dynamic_straight/tuning/track_speed_pps,14.649893527740598
1781701470113897135,/dynamic_straight/tuning/raw_track_speed_pps,18.12499719361031
1781701470113911101,/dynamic_straight/tuning/target_speed_pps,0.0
1781701470114010769,/dynamic_straight/tuning/cbf_qp_h,3.7046880606067285
1781701470114026740,/dynamic_straight/tuning/cbf_qp_h_dot,3.7917562050571223
1781701470114063289,/dynamic_straight/tuning/cbf_qp_h_ddot,1.105157924917297
1781701470114116148,/dynamic_straight/tuning/cbf_qp_rhs,-151.03404323819433
1781701470159332360,/dynamic_straight/tuning/marker_x_px,561.0
1781701470159358790,/dynamic_straight/tuning/marker_seen,1.0
1781701470159391963,/dynamic_straight/tuning/heading_error_rad,3.070285188804503
1781701470159397784,/dynamic_straight/tuning/lateral_error_px,22.69892120361328
1781701470159402372,/dynamic_straight/tuning/roll_pwm,1150.0
1781701470159406951,/dynamic_straight/tuning/marker_y_px,588.0
1781701470159418633,/dynamic_straight/tuning/throttle_pwm,1585.0
1781701470159459971,/dynamic_straight/tuning/raw_track_speed_pps,11.904164158688479
1781701470159474959,/dynamic_straight/tuning/track_speed_pps,13.688888248572358
1781701470159514414,/dynamic_straight/tuning/target_speed_pps,0.0
1781701470159689775,/dynamic_straight/tuning/cbf_qp_h,3.816765508948926
1781701470159714642,/dynamic_straight/tuning/cbf_qp_h_dot,3.6326112686922483
1781701470159744218,/dynamic_straight/tuning/cbf_qp_h_ddot,0.9971537159347021
1781701470159866419,/dynamic_straight/tuning/cbf_qp_rhs,-149.98468926875788
1781701470248921540,/dynamic_straight/tuning/marker_seen,1.0
1781701470248961736,/dynamic_straight/tuning/marker_x_px,571.5
1781701470248965403,/dynamic_straight/tuning/heading_error_rad,3.108271657711546
1781701470248969351,/dynamic_straight/tuning/lateral_error_px,7.815478324890137
1781701470248973669,/dynamic_straight/tuning/marker_y_px,588.75
1781701470248981103,/dynamic_straight/tuning/roll_pwm,1662.0
1781701470249016590,/dynamic_straight/tuning/throttle_pwm,1585.0
1781701470249026929,/dynamic_straight/tuning/raw_track_speed_pps,18.210038353513173
1781701470249058689,/dynamic_straight/tuning/track_speed_pps,15.271290785301643
1781701470249073788,/dynamic_straight/tuning/target_speed_pps,0.0
1781701470249143840,/dynamic_straight/tuning/cbf_qp_h,3.2084344375234535
1781701470249154791,/dynamic_straight/tuning/cbf_qp_h_dot,3.7988234542680273
1781701470249182513,/dynamic_straight/tuning/cbf_qp_h_ddot,1.20090015017647
1781701470249220495,/dynamic_straight/tuning/cbf_qp_rhs,-141.34605798600626
1781701470286272223,/dynamic_straight/tuning/marker_seen,1.0
1781701470286315164,/dynamic_straight/tuning/marker_x_px,574.5
1781701470286320704,/dynamic_straight/tuning/heading_error_rad,3.0750244898139694
1781701470286325213,/dynamic_straight/tuning/lateral_error_px,19.895471572875977
1781701470286328108,/dynamic_straight/tuning/marker_y_px,588.0
1781701470286343658,/dynamic_straight/tuning/roll_pwm,1155.0
1781701470286377391,/dynamic_straight/tuning/throttle_pwm,1585.0
1781701470286400455,/dynamic_straight/tuning/raw_track_speed_pps,9.176510558262116
1781701470286423338,/dynamic_straight/tuning/track_speed_pps,13.138117705837807
1781701470286441763,/dynamic_straight/tuning/target_speed_pps,0.0
1781701470286532785,/dynamic_straight/tuning/cbf_qp_h,2.9225956877092454
1781701470286555888,/dynamic_straight/tuning/cbf_qp_h_dot,3.134631040461167
1781701470286578301,/dynamic_straight/tuning/cbf_qp_h_ddot,0.8585202209668614
1781701470286622264,/dynamic_straight/tuning/cbf_qp_rhs,-122.00305334544683
1781701470326930584,/dynamic_straight/tuning/marker_seen,1.0
1781701470326990006,/dynamic_straight/tuning/marker_x_px,578.25
1781701470326996979,/dynamic_straight/tuning/heading_error_rad,3.107123552590285
1781701470327003561,/dynamic_straight/tuning/lateral_error_px,6.533859729766846
1781701470327009583,/dynamic_straight/tuning/roll_pwm,1825.0
1781701470327014422,/dynamic_straight/tuning/marker_y_px,587.25
1781701470327024050,/dynamic_straight/tuning/throttle_pwm,1585.0
1781701470327028519,/dynamic_straight/tuning/raw_track_speed_pps,12.79364448990412
1781701470327041012,/dynamic_straight/tuning/track_speed_pps,13.017552080261016
1781701470327078884,/dynamic_straight/tuning/target_speed_pps,0.0
1781701470327155288,/dynamic_straight/tuning/cbf_qp_h,3.171432964351541
1781701470327182049,/dynamic_straight/tuning/cbf_qp_h_dot,3.2819503713097564
1781701470327209581,/dynamic_straight/tuning/cbf_qp_h_ddot,0.9018939259674122
1781701470327255197,/dynamic_straight/tuning/cbf_qp_rhs,-129.96956063919333
1781701470375085056,/dynamic_straight/tuning/marker_seen,1.0
1781701470375179775,/dynamic_straight/tuning/throttle_pwm,1585.0
1781701470375188321,/dynamic_straight/tuning/track_speed_pps,11.42168070839516
1781701470375193491,/dynamic_straight/tuning/marker_x_px,581.25
1781701470375198050,/dynamic_straight/tuning/heading_error_rad,-3.141592653589793
1781701470375202819,/dynamic_straight/tuning/raw_track_speed_pps,8.457919589215713
1781701470375208279,/dynamic_straight/tuning/lateral_error_px,-7.5
1781701470375212587,/dynamic_straight/tuning/roll_pwm,1850.0
1781701470375218779,/dynamic_straight/tuning/marker_y_px,586.5
1781701470375224860,/dynamic_straight/tuning/target_speed_pps,0.0
1781701470375240460,/dynamic_straight/tuning/cbf_qp_h,2.86931844668955
1781701470375254386,/dynamic_straight/tuning/cbf_qp_h_dot,2.7598669264414775
1781701470375276608,/dynamic_straight/tuning/cbf_qp_h_ddot,0.6717620048413162
1781701470375406704,/dynamic_straight/tuning/cbf_qp_rhs,-113.255469467462
1781701470413075006,/dynamic_straight/tuning/marker_seen,1.0
1781701470413115473,/dynamic_straight/tuning/marker_x_px,584.25
1781701470413119590,/dynamic_straight/tuning/heading_error_rad,-3.141592653589793
1781701470413122185,/dynamic_straight/tuning/lateral_error_px,-7.5
1781701470413125181,/dynamic_straight/tuning/roll_pwm,1541.0
1781701470413128126,/dynamic_straight/tuning/marker_y_px,586.5
1781701470413133787,/dynamic_straight/tuning/throttle_pwm,1585.0
1781701470413149747,/dynamic_straight/tuning/raw_track_speed_pps,10.944610621170536
1781701470413169284,/dynamic_straight/tuning/track_speed_pps,11.254706177866542
1781701470413174975,/dynamic_straight/tuning/target_speed_pps,0.0
1781701470413239687,/dynamic_straight/tuning/cbf_qp_h,2.7689324767858867
1781701470413253573,/dynamic_straight/tuning/cbf_qp_h_dot,2.6953355423964576
1781701470413277459,/dynamic_straight/tuning/cbf_qp_h_ddot,0.6522644794481641
1781701470413314759,/dynamic_straight/tuning/cbf_qp_rhs,-109.93762486309507
1781701470461477938,/dynamic_straight/tuning/marker_seen,1.0
1781701470461528714,/dynamic_straight/tuning/throttle_pwm,1585.0
1781701470461532792,/dynamic_straight/tuning/marker_x_px,587.25
1781701470461536008,/dynamic_straight/tuning/heading_error_rad,3.107123552590285
1781701470461538913,/dynamic_straight/tuning/raw_track_speed_pps,8.438819670509105
1781701470461541258,/dynamic_straight/tuning/lateral_error_px,6.223700046539307
1781701470461545055,/dynamic_straight/tuning/roll_pwm,1160.0
1781701470461547189,/dynamic_straight/tuning/marker_y_px,587.25
1781701470461554012,/dynamic_straight/tuning/track_speed_pps,10.269145900291438
1781701470461577827,/dynamic_straight/tuning/target_speed_pps,0.0
1781701470461654351,/dynamic_straight/tuning/cbf_qp_h,2.8597939812506423
1781701470461678417,/dynamic_straight/tuning/cbf_qp_h_dot,2.520565808159196
1781701470461701490,/dynamic_straight/tuning/cbf_qp_h_ddot,0.5612617715688055
1781701470461768427,/dynamic_straight/tuning/cbf_qp_rhs,-108.16845755976547
1781701470483749072,/dynamic_straight/tuning/marker_x_px,nan
1781701470483814446,/dynamic_straight/tuning/heading_error_rad,nan
1781701470483824344,/dynamic_straight/tuning/lateral_error_px,nan
1781701470483829925,/dynamic_straight/tuning/marker_seen,0.0
1781701470483837189,/dynamic_straight/tuning/marker_y_px,nan
1781701470484353895,/dynamic_straight/tuning/throttle_pwm,1500.0
1781701470484365717,/dynamic_straight/tuning/track_speed_pps,0.0
1781701470484369554,/dynamic_straight/tuning/cbf_qp_h,0.0
1781701470484374814,/dynamic_straight/tuning/cbf_qp_h_dot,0.0
1781701470484378812,/dynamic_straight/tuning/cbf_qp_h_ddot,0.0
1781701470484385044,/dynamic_straight/tuning/raw_track_speed_pps,0.0
1781701470484390384,/dynamic_straight/tuning/cbf_qp_rhs,0.0
1781701470484395624,/dynamic_straight/tuning/roll_pwm,1500.0
1781701470484401244,/dynamic_straight/tuning/target_speed_pps,0.0
1781701470540861688,/dynamic_straight/tuning/marker_seen,1.0
1781701470540902656,/dynamic_straight/tuning/marker_x_px,597.0
1781701470540907184,/dynamic_straight/tuning/lateral_error_px,-4.5
1781701470540910681,/dynamic_straight/tuning/marker_y_px,589.5
1781701470540919187,/dynamic_straight/tuning/heading_error_rad,-3.141592653589793
1781701470540944655,/dynamic_straight/tuning/roll_pwm,1526.0
1781701470540973970,/dynamic_straight/tuning/throttle_pwm,1585.0
1781701470540995631,/dynamic_straight/tuning/raw_track_speed_pps,0.0
1781701470541019106,/dynamic_straight/tuning/track_speed_pps,0.0
1781701470541060905,/dynamic_straight/tuning/target_speed_pps,0.0
1781701470541147358,/dynamic_straight/tuning/cbf_qp_h,2.5375120960773563
1781701470541173828,/dynamic_straight/tuning/cbf_qp_h_dot,0.0
1781701470541200138,/dynamic_straight/tuning/cbf_qp_h_ddot,0.0
1781701470541251294,/dynamic_straight/tuning/cbf_qp_rhs,-50.75024192154713
1781701470589926741,/dynamic_straight/tuning/marker_x_px,603.0
1781701470589965344,/dynamic_straight/tuning/marker_seen,1.0
1781701470589996012,/dynamic_straight/tuning/throttle_pwm,1585.0
1781701470590000550,/dynamic_straight/tuning/heading_error_rad,-3.108271657711546
1781701470590005329,/dynamic_straight/tuning/raw_track_speed_pps,19.943724393393907
1781701470590009567,/dynamic_straight/tuning/lateral_error_px,-17.260231018066406
1781701470590014727,/dynamic_straight/tuning/roll_pwm,1850.0
1781701470590018655,/dynamic_straight/tuning/marker_y_px,588.75
1781701470590029655,/dynamic_straight/tuning/track_speed_pps,6.0169303201837465
1781701470590040296,/dynamic_straight/tuning/target_speed_pps,0.0
1781701470590137850,/dynamic_straight/tuning/cbf_qp_h,2.155763851112609
1781701470590153069,/dynamic_straight/tuning/cbf_qp_h_dot,1.3577378449439594
1781701470590158038,/dynamic_straight/tuning/cbf_qp_h_ddot,0.18599070809011733
1781701470590214344,/dynamic_straight/tuning/cbf_qp_rhs,-70.45602462922163
1781701470633311252,/dynamic_straight/tuning/marker_x_px,606.0
1781701470633333454,/dynamic_straight/tuning/marker_seen,1.0
1781701470633338814,/dynamic_straight/tuning/marker_y_px,588.75
1781701470633358702,/dynamic_straight/tuning/lateral_error_px,-17.160287857055664
1781701470633381134,/dynamic_straight/tuning/heading_error_rad,-3.108271657711546
1781701470633423374,/dynamic_straight/tuning/roll_pwm,1586.0
1781701470633445656,/dynamic_straight/tuning/throttle_pwm,1585.0
1781701470633477406,/dynamic_straight/tuning/raw_track_speed_pps,9.998734093930443
1781701470633483377,/dynamic_straight/tuning/track_speed_pps,7.410561640995089
1781701470633499057,/dynamic_straight/tuning/target_speed_pps,0.0
1781701470633616890,/dynamic_straight/tuning/cbf_qp_h,2.061993989711139
1781701470633625877,/dynamic_straight/tuning/cbf_qp_h_dot,1.6563189571477084
1781701470633648339,/dynamic_straight/tuning/cbf_qp_h_ddot,0.28212627304891746
1781701470633677264,/dynamic_straight/tuning/cbf_qp_rhs,-74.64838521022585
1781701470674572813,/dynamic_straight/tuning/marker_seen,1.0
1781701470674643026,/dynamic_straight/tuning/throttle_pwm,1585.0
1781701470674651071,/dynamic_straight/tuning/marker_x_px,609.75
1781701470674656160,/dynamic_straight/tuning/heading_error_rad,-3.107123552590285
1781701470674664145,/dynamic_straight/tuning/raw_track_speed_pps,12.012833152243843
1781701470674670197,/dynamic_straight/tuning/lateral_error_px,-17.44116973876953
1781701470674674415,/dynamic_straight/tuning/roll_pwm,1597.0
1781701470674678402,/dynamic_straight/tuning/marker_y_px,588.75
1781701470674693932,/dynamic_straight/tuning/track_speed_pps,9.021356669932153
1781701470674699242,/dynamic_straight/tuning/target_speed_pps,0.0
1781701470674806795,/dynamic_straight/tuning/cbf_qp_h,2.116831355163484
1781701470674822465,/dynamic_straight/tuning/cbf_qp_h_dot,2.063764557595455
1781701470674837934,/dynamic_straight/tuning/cbf_qp_h_ddot,0.4331167617447601
1781701470674898578,/dynamic_straight/tuning/cbf_qp_rhs,-84.04503501692355
1781701470704189234,/dynamic_straight/tuning/marker_seen,1.0
1781701470704239919,/dynamic_straight/tuning/marker_x_px,612.75
1781701470704246372,/dynamic_straight/tuning/heading_error_rad,-3.141592653589793
1781701470704251772,/dynamic_straight/tuning/lateral_error_px,-7.5
1781701470704256391,/dynamic_straight/tuning/roll_pwm,1191.0
1781701470704260919,/dynamic_straight/tuning/marker_y_px,586.5
1781701470704279023,/dynamic_straight/tuning/throttle_pwm,1585.0
1781701470704309741,/dynamic_straight/tuning/raw_track_speed_pps,13.362455016050314
1781701470704344477,/dynamic_straight/tuning/track_speed_pps,10.54074109107351
1781701470704372881,/dynamic_straight/tuning/target_speed_pps,0.0
1781701470704460747,/dynamic_straight/tuning/cbf_qp_h,1.8599895822165822
1781701470704473811,/dynamic_straight/tuning/cbf_qp_h_dot,2.3091721954465214
1781701470704505651,/dynamic_straight/tuning/cbf_qp_h_ddot,0.57213392156209
1781701470704554864,/dynamic_straight/tuning/cbf_qp_rhs,-83.95536947482407
1781701470759932232,/dynamic_straight/tuning/marker_seen,1.0
1781701470759974502,/dynamic_straight/tuning/marker_x_px,621.0
1781701470759979452,/dynamic_straight/tuning/heading_error_rad,-3.141592653589793
1781701470759983068,/dynamic_straight/tuning/lateral_error_px,-4.5
1781701470759986254,/dynamic_straight/tuning/roll_pwm,1463.0
1781701470759988729,/dynamic_straight/tuning/marker_y_px,589.5
1781701470759996364,/dynamic_straight/tuning/throttle_pwm,1585.0
1781701470759999359,/dynamic_straight/tuning/raw_track_speed_pps,21.728038978535178
1781701470760018746,/dynamic_straight/tuning/track_speed_pps,14.456295351685092
1781701470760028344,/dynamic_straight/tuning/target_speed_pps,0.0
1781701470760088397,/dynamic_straight/tuning/cbf_qp_h,1.7705814989285473
1781701470760094669,/dynamic_straight/tuning/cbf_qp_h_dot,3.1923056781999737
1781701470760109648,/dynamic_straight/tuning/cbf_qp_h_ddot,1.1148270242481062
1781701470760137300,/dynamic_straight/tuning/cbf_qp_rhs,-100.37257056681851
1781701470804206044,/dynamic_straight/tuning/marker_seen,1.0
1781701470804261158,/dynamic_straight/tuning/throttle_pwm,1585.0
1781701470804269003,/dynamic_straight/tuning/marker_x_px,625.5
1781701470804272930,/dynamic_straight/tuning/heading_error_rad,3.108271657711546
1781701470804277839,/dynamic_straight/tuning/raw_track_speed_pps,13.48271631401693
1781701470804280294,/dynamic_straight/tuning/lateral_error_px,7.5156450271606445
1781701470804283821,/dynamic_straight/tuning/roll_pwm,1183.0
1781701470804287237,/dynamic_straight/tuning/marker_y_px,590.25
1781701470804294661,/dynamic_straight/tuning/track_speed_pps,14.115542688501236
1781701470804297266,/dynamic_straight/tuning/target_speed_pps,0.0
1781701470804351418,/dynamic_straight/tuning/cbf_qp_h,1.4843132838246245
1781701470804368490,/dynamic_straight/tuning/cbf_qp_h_dot,2.9650422803538286
1781701470804381355,/dynamic_straight/tuning/cbf_qp_h_ddot,1.0260098995089937
1781701470804413035,/dynamic_straight/tuning/cbf_qp_rhs,-90.01311885372948
1781701470837890890,/dynamic_straight/tuning/marker_seen,1.0
1781701470837931637,/dynamic_straight/tuning/marker_x_px,629.25
1781701470837935024,/dynamic_straight/tuning/heading_error_rad,-3.141592653589793
1781701470837939232,/dynamic_straight/tuning/lateral_error_px,-4.5
1781701470837942869,/dynamic_straight/tuning/roll_pwm,1807.0
1781701470837945483,/dynamic_straight/tuning/marker_y_px,589.5
1781701470837952908,/dynamic_straight/tuning/throttle_pwm,1585.0
1781701470837959400,/dynamic_straight/tuning/raw_track_speed_pps,17.57231385233101
1781701470837984096,/dynamic_straight/tuning/track_speed_pps,15.325412595841657
1781701470837991130,/dynamic_straight/tuning/target_speed_pps,0.0
1781701470838055311,/dynamic_straight/tuning/cbf_qp_h,1.3707491105238585
1781701470838062134,/dynamic_straight/tuning/cbf_qp_h_dot,3.1762297492480576
1781701470838084456,/dynamic_straight/tuning/cbf_qp_h_ddot,1.209439120749128
1781701470838107209,/dynamic_straight/tuning/cbf_qp_rhs,-92.14900446529649
1781701470886196448,/dynamic_straight/tuning/marker_seen,1.0
1781701470886254889,/dynamic_straight/tuning/throttle_pwm,1585.0
1781701470886260880,/dynamic_straight/tuning/marker_x_px,633.75
1781701470886264447,/dynamic_straight/tuning/heading_error_rad,-3.141592653589793
1781701470886270288,/dynamic_straight/tuning/raw_track_speed_pps,12.259598065142509
1781701470886273474,/dynamic_straight/tuning/lateral_error_px,-4.5
1781701470886278052,/dynamic_straight/tuning/roll_pwm,1526.0
1781701470886280427,/dynamic_straight/tuning/marker_y_px,589.5
1781701470886287070,/dynamic_straight/tuning/track_speed_pps,14.252377510096956
1781701470886289464,/dynamic_straight/tuning/target_speed_pps,0.0
1781701470886350830,/dynamic_straight/tuning/cbf_qp_h,1.2420276614466124
1781701470886359326,/dynamic_straight/tuning/cbf_qp_h_dot,2.907901279041595
1781701470886380917,/dynamic_straight/tuning/cbf_qp_h_ddot,1.0459960392286596
1781701470886411384,/dynamic_straight/tuning/cbf_qp_rhs,-84.04457484899282
1781701470920288204,/dynamic_straight/tuning/marker_seen,1.0
1781701470920324993,/dynamic_straight/tuning/marker_x_px,639.75
1781701470920328420,/dynamic_straight/tuning/heading_error_rad,-3.141592653589793
1781701470920331526,/dynamic_straight/tuning/lateral_error_px,-4.5
1781701470920333529,/dynamic_straight/tuning/roll_pwm,1526.0
1781701470920336014,/dynamic_straight/tuning/marker_y_px,589.5
1781701470920341575,/dynamic_straight/tuning/throttle_pwm,1585.0
1781701470920349510,/dynamic_straight/tuning/raw_track_speed_pps,23.103288234765273
1781701470920368245,/dynamic_straight/tuning/track_speed_pps,17.350196263730865
1781701470920381861,/dynamic_straight/tuning/target_speed_pps,0.0
1781701470920435362,/dynamic_straight/tuning/cbf_qp_h,1.073537576327162
1781701470920449378,/dynamic_straight/tuning/cbf_qp_h_dot,3.4653809140641805
1781701470920462894,/dynamic_straight/tuning/cbf_qp_h_ddot,1.5501159654357697
1781701470920490446,/dynamic_straight/tuning/cbf_qp_rhs,-92.32848577326263
1781701471009996409,/dynamic_straight/tuning/marker_seen,1.0
1781701471010046604,/dynamic_straight/tuning/marker_x_px,645.0
1781701471010051593,/dynamic_straight/tuning/heading_error_rad,3.070285188804503
1781701471010054940,/dynamic_straight/tuning/lateral_error_px,19.706544876098633
1781701471010057775,/dynamic_straight/tuning/roll_pwm,1283.0
1781701471010060510,/dynamic_straight/tuning/marker_y_px,591.0
1781701471010078554,/dynamic_straight/tuning/throttle_pwm,1585.0
1781701471010106046,/dynamic_straight/tuning/raw_track_speed_pps,8.769737430488174
1781701471010139289,/dynamic_straight/tuning/track_speed_pps,14.347035672095924
1781701471010163475,/dynamic_straight/tuning/target_speed_pps,0.0
1781701471010265056,/dynamic_straight/tuning/cbf_qp_h,1.0732795303155993
1781701471010293370,/dynamic_straight/tuning/cbf_qp_h_dot,2.9129261494219083
1781701471010318317,/dynamic_straight/tuning/cbf_qp_h_ddot,1.09537026284465
1781701471010362400,/dynamic_straight/tuning/cbf_qp_rhs,-80.8194565316043
1781701471057535770,/dynamic_straight/tuning/marker_seen,1.0
1781701471057586365,/dynamic_straight/tuning/marker_x_px,646.5
1781701471057591876,/dynamic_straight/tuning/heading_error_rad,3.108271657711546
1781701471057597256,/dynamic_straight/tuning/lateral_error_px,8.315200805664062
1781701471057602867,/dynamic_straight/tuning/roll_pwm,1681.0
1781701471057607145,/dynamic_straight/tuning/marker_y_px,591.75
1781701471057617905,/dynamic_straight/tuning/throttle_pwm,1585.0
1781701471057644135,/dynamic_straight/tuning/raw_track_speed_pps,3.758409341973274
1781701471057669713,/dynamic_straight/tuning/track_speed_pps,10.641016456552995
1781701471057706021,/dynamic_straight/tuning/target_speed_pps,0.0
1781701471057796202,/dynamic_straight/tuning/cbf_qp_h,0.8923717462428398
1781701471057810128,/dynamic_straight/tuning/cbf_qp_h_dot,2.0750498049740465
1781701471057834845,/dynamic_straight/tuning/cbf_qp_h_ddot,0.5830712600247194
1781701471057889458,/dynamic_straight/tuning/cbf_qp_rhs,-59.93150228436242
1781701471099244335,/dynamic_straight/tuning/marker_x_px,649.5
1781701471099272789,/dynamic_straight/tuning/marker_seen,1.0
1781701471099280654,/dynamic_straight/tuning/marker_y_px,591.75
1781701471099308306,/dynamic_straight/tuning/heading_error_rad,3.108271657711546
1781701471099314287,/dynamic_straight/tuning/lateral_error_px,8.215255737304688
1781701471099318165,/dynamic_straight/tuning/roll_pwm,1459.0
1781701471099328875,/dynamic_straight/tuning/throttle_pwm,1585.0
1781701471099344645,/dynamic_straight/tuning/raw_track_speed_pps,11.26462858253004
1781701471099385051,/dynamic_straight/tuning/track_speed_pps,10.85928070064496
1781701471099399498,/dynamic_straight/tuning/target_speed_pps,0.0
1781701471099488196,/dynamic_straight/tuning/cbf_qp_h,0.8113995276026986
1781701471099501701,/dynamic_straight/tuning/cbf_qp_h_dot,2.0942644872801153
1781701471099518774,/dynamic_straight/tuning/cbf_qp_h_ddot,0.6072360187733445
1781701471099573246,/dynamic_straight/tuning/cbf_qp_rhs,-58.7205163164296
1781701471140661049,/dynamic_straight/tuning/marker_x_px,652.5
1781701471140698049,/dynamic_straight/tuning/marker_seen,1.0
1781701471140736141,/dynamic_straight/tuning/throttle_pwm,1585.0
1781701471140743505,/dynamic_straight/tuning/track_speed_pps,10.46660630823117
1781701471140751249,/dynamic_straight/tuning/heading_error_rad,-3.141592653589793
1781701471140766779,/dynamic_straight/tuning/raw_track_speed_pps,9.737353865176992
1781701471140775355,/dynamic_straight/tuning/lateral_error_px,-3.0
1781701471140779202,/dynamic_straight/tuning/roll_pwm,1806.0
1781701471140787478,/dynamic_straight/tuning/marker_y_px,591.0
1781701471140795603,/dynamic_straight/tuning/target_speed_pps,0.0
1781701471140825359,/dynamic_straight/tuning/cbf_qp_h,0.8542097111576559
1781701471140831772,/dynamic_straight/tuning/cbf_qp_h_dot,2.066637719763287
1781701471140843884,/dynamic_straight/tuning/cbf_qp_h_ddot,0.584393316522994
1781701471140872048,/dynamic_straight/tuning/cbf_qp_rhs,-59.00134193494192
1781701471175516908,/dynamic_straight/tuning/marker_x_px,655.5
1781701471175545041,/dynamic_straight/tuning/marker_seen,1.0
1781701471175575930,/dynamic_straight/tuning/heading_error_rad,3.108271657711546
1781701471175582342,/dynamic_straight/tuning/lateral_error_px,8.01536750793457
1781701471175587932,/dynamic_straight/tuning/roll_pwm,1185.0
1781701471175592541,/dynamic_straight/tuning/marker_y_px,591.75
1781701471175603131,/dynamic_straight/tuning/throttle_pwm,1585.0
1781701471175631294,/dynamic_straight/tuning/raw_track_speed_pps,11.254118552381016
1781701471175661311,/dynamic_straight/tuning/track_speed_pps,10.742235593683617
1781701471175691578,/dynamic_straight/tuning/target_speed_pps,0.0
1781701471175782981,/dynamic_straight/tuning/cbf_qp_h,0.6521482339403555
1781701471175801466,/dynamic_straight/tuning/cbf_qp_h_dot,2.025499272176358
1781701471175836051,/dynamic_straight/tuning/cbf_qp_h_ddot,0.5942303114054056
1781701471175883290,/dynamic_straight/tuning/cbf_qp_rhs,-54.14716668309071
1781701471215695633,/dynamic_straight/tuning/marker_seen,1.0
1781701471215761959,/dynamic_straight/tuning/throttle_pwm,1585.0
1781701471215768271,/dynamic_straight/tuning/marker_x_px,659.25
1781701471215772649,/dynamic_straight/tuning/heading_error_rad,-3.141592653589793
1781701471215777398,/dynamic_straight/tuning/raw_track_speed_pps,13.348657645097237
1781701471215781536,/dynamic_straight/tuning/lateral_error_px,-4.5
1781701471215785102,/dynamic_straight/tuning/roll_pwm,1805.0
1781701471215789421,/dynamic_straight/tuning/marker_y_px,589.5
1781701471215799590,/dynamic_straight/tuning/track_speed_pps,11.654483311678383
1781701471215802996,/dynamic_straight/tuning/target_speed_pps,0.0
1781701471215866426,/dynamic_straight/tuning/cbf_qp_h,0.5507166395709611
1781701471215878589,/dynamic_straight/tuning/cbf_qp_h_dot,2.1649834268791754
1781701471215886744,/dynamic_straight/tuning/cbf_qp_h_ddot,0.6994419793207908
1781701471215948772,/dynamic_straight/tuning/cbf_qp_rhs,-55.01342681656972
1781701471272823649,/dynamic_straight/tuning/marker_seen,1.0
1781701471272869876,/dynamic_straight/tuning/marker_x_px,663.0
1781701471272873854,/dynamic_straight/tuning/lateral_error_px,-4.5
1781701471272876869,/dynamic_straight/tuning/marker_y_px,589.5
1781701471272908058,/dynamic_straight/tuning/heading_error_rad,-3.141592653589793
1781701471272936472,/dynamic_straight/tuning/roll_pwm,1526.0
1781701471272959746,/dynamic_straight/tuning/throttle_pwm,1585.0
1781701471272979613,/dynamic_straight/tuning/raw_track_speed_pps,8.772526750379328
1781701471272995764,/dynamic_straight/tuning/track_speed_pps,10.645798515223714
1781701471273016583,/dynamic_straight/tuning/target_speed_pps,0.0
1781701471273118636,/dynamic_straight/tuning/cbf_qp_h,0.34350913570640884
1781701471273148362,/dynamic_straight/tuning/cbf_qp_h_dot,1.8825319493628763
1781701471273168641,/dynamic_straight/tuning/cbf_qp_h_ddot,0.5636895563810043
1781701471273198196,/dynamic_straight/tuning/cbf_qp_rhs,-45.08451125776671
1781701471303856025,/dynamic_straight/tuning/marker_seen,1.0
1781701471303887564,/dynamic_straight/tuning/marker_x_px,666.75
1781701471303890640,/dynamic_straight/tuning/heading_error_rad,-3.141592653589793
1781701471303894237,/dynamic_straight/tuning/lateral_error_px,-4.5
1781701471303896772,/dynamic_straight/tuning/marker_y_px,589.5
1781701471303902753,/dynamic_straight/tuning/roll_pwm,1526.0
1781701471303920166,/dynamic_straight/tuning/throttle_pwm,1585.0
1781701471303929954,/dynamic_straight/tuning/raw_track_speed_pps,18.168957575024866
1781701471303957126,/dynamic_straight/tuning/track_speed_pps,13.278904186154117
1781701471303963919,/dynamic_straight/tuning/target_speed_pps,0.0
1781701471304042457,/dynamic_straight/tuning/cbf_qp_h,0.35971974348546043
1781701471304048739,/dynamic_straight/tuning/cbf_qp_h_dot,2.395406478725057
1781701471304072784,/dynamic_straight/tuning/cbf_qp_h_ddot,0.907987521701597
1781701471304122148,/dynamic_straight/tuning/cbf_qp_rhs,-56.01051196591195
1781701471354844993,/dynamic_straight/tuning/marker_seen,1.0
1781701471354887383,/dynamic_straight/tuning/marker_x_px,669.75
1781701471354891831,/dynamic_straight/tuning/heading_error_rad,-3.141592653589793
1781701471354895318,/dynamic_straight/tuning/lateral_error_px,-4.5
1781701471354898854,/dynamic_straight/tuning/roll_pwm,1526.0
1781701471354902311,/dynamic_straight/tuning/marker_y_px,589.5
1781701471354909815,/dynamic_straight/tuning/throttle_pwm,1585.0
1781701471354913071,/dynamic_straight/tuning/raw_track_speed_pps,9.129020382185741
1781701471354938499,/dynamic_straight/tuning/track_speed_pps,11.826444854765185
1781701471354945833,/dynamic_straight/tuning/target_speed_pps,0.0
1781701471355009463,/dynamic_straight/tuning/cbf_qp_h,0.284890241876365
1781701471355016336,/dynamic_straight/tuning/cbf_qp_h_dot,2.1079813785147237
1781701471355031134,/dynamic_straight/tuning/cbf_qp_h_ddot,0.7202177620202815
1781701471355064698,/dynamic_straight/tuning/cbf_qp_rhs,-48.577650169842066
1781701471388025126,/dynamic_straight/tuning/marker_seen,1.0
1781701471388068578,/dynamic_straight/tuning/marker_x_px,672.75
1781701471388072516,/dynamic_straight/tuning/heading_error_rad,-3.141592653589793
1781701471388076112,/dynamic_straight/tuning/lateral_error_px,-4.5
1781701471388079569,/dynamic_straight/tuning/roll_pwm,1526.0
1781701471388082564,/dynamic_straight/tuning/marker_y_px,589.5
1781701471388090720,/dynamic_straight/tuning/throttle_pwm,1585.0
1781701471388098845,/dynamic_straight/tuning/raw_track_speed_pps,10.983271911322355
1781701471388118803,/dynamic_straight/tuning/track_speed_pps,11.531334324560195
1781701471388129333,/dynamic_straight/tuning/target_speed_pps,0.0
1781701471388202561,/dynamic_straight/tuning/cbf_qp_h,0.21095745845304403
1781701471388223260,/dynamic_straight/tuning/cbf_qp_h_dot,2.030600898671914
1781701471388247927,/dynamic_straight/tuning/cbf_qp_h_ddot,0.684722395879619
1781701471388290036,/dynamic_straight/tuning/cbf_qp_rhs,-45.51588953837879
1781701471434464849,/dynamic_straight/tuning/marker_seen,1.0
1781701471434513421,/dynamic_straight/tuning/marker_x_px,675.75
1781701471434518691,/dynamic_straight/tuning/heading_error_rad,-3.107123552590285
1781701471434521827,/dynamic_straight/tuning/lateral_error_px,-13.667550086975098
1781701471434526145,/dynamic_straight/tuning/roll_pwm,1789.0
1781701471434529622,/dynamic_straight/tuning/marker_y_px,590.25
1781701471434537386,/dynamic_straight/tuning/throttle_pwm,1585.0
1781701471434540963,/dynamic_straight/tuning/raw_track_speed_pps,8.987211142302947
1781701471434549720,/dynamic_straight/tuning/track_speed_pps,10.640891210770159
1781701471434584976,/dynamic_straight/tuning/target_speed_pps,0.0
1781701471434686698,/dynamic_straight/tuning/cbf_qp_h,0.2399199403318515
1781701471434695585,/dynamic_straight/tuning/cbf_qp_h_dot,1.9140563363593763
1781701471434731784,/dynamic_straight/tuning/cbf_qp_h_ddot,0.602583576322186
1781701471434764105,/dynamic_straight/tuning/cbf_qp_rhs,-43.68210911014689
1781701471473033693,/dynamic_straight/tuning/marker_seen,1.0
1781701471473075953,/dynamic_straight/tuning/marker_x_px,681.0
1781701471473079349,/dynamic_straight/tuning/heading_error_rad,-3.108271657711546
1781701471473082756,/dynamic_straight/tuning/lateral_error_px,-13.162508010864258
1781701471473085962,/dynamic_straight/tuning/roll_pwm,1555.0
1781701471473088477,/dynamic_straight/tuning/marker_y_px,590.25
1781701471473094117,/dynamic_straight/tuning/throttle_pwm,1585.0
1781701471473104938,/dynamic_straight/tuning/raw_track_speed_pps,18.192582741582907
1781701471473122902,/dynamic_straight/tuning/track_speed_pps,13.28398324655462
1781701471473132039,/dynamic_straight/tuning/target_speed_pps,0.0
1781701471473194126,/dynamic_straight/tuning/cbf_qp_h,0.008824191825466787
1781701471473208654,/dynamic_straight/tuning/cbf_qp_h_dot,2.256712514755875
1781701471473220195,/dynamic_straight/tuning/cbf_qp_h_ddot,0.9065628580594804
1781701471473252206,/dynamic_straight/tuning/cbf_qp_rhs,-46.21729698968631
1781701471526445087,/dynamic_straight/tuning/marker_seen,1.0
1781701471526482007,/dynamic_straight/tuning/marker_x_px,684.75
1781701471526485133,/dynamic_straight/tuning/heading_error_rad,-3.141592653589793
1781701471526488359,/dynamic_straight/tuning/lateral_error_px,-4.5
1781701471526491615,/dynamic_straight/tuning/roll_pwm,1338.0
1781701471526494420,/dynamic_straight/tuning/marker_y_px,589.5
1781701471526500682,/dynamic_straight/tuning/throttle_pwm,1585.0
1781701471526509469,/dynamic_straight/tuning/raw_track_speed_pps,10.268680735026992
1781701471526525229,/dynamic_straight/tuning/track_speed_pps,12.22862736751995
1781701471526534045,/dynamic_straight/tuning/target_speed_pps,0.0
1781701471526587256,/dynamic_straight/tuning/cbf_qp_h,-0.07580649338249668
1781701471526602645,/dynamic_straight/tuning/cbf_qp_h_dot,2.0482803028511425
1781701471526611461,/dynamic_straight/tuning/cbf_qp_h_ddot,0.7700356433668734
1781701471526653711,/dynamic_straight/tuning/cbf_qp_rhs,-40.219511832739755
1781701471556783903,/dynamic_straight/tuning/marker_seen,1.0
1781701471556852893,/dynamic_straight/tuning/throttle_pwm,1585.0
1781701471556859105,/dynamic_straight/tuning/track_speed_pps,12.333469105540669
1781701471556863303,/dynamic_straight/tuning/marker_x_px,687.75
1781701471556868302,/dynamic_straight/tuning/heading_error_rad,-3.107123552590285
1781701471556871849,/dynamic_straight/tuning/raw_track_speed_pps,12.528175190436292
1781701471556876157,/dynamic_straight/tuning/lateral_error_px,-13.254003524780273
1781701471556879313,/dynamic_straight/tuning/roll_pwm,1767.0
1781701471556883311,/dynamic_straight/tuning/marker_y_px,590.25
1781701471556890965,/dynamic_straight/tuning/target_speed_pps,0.0
1781701471556967660,/dynamic_straight/tuning/cbf_qp_h,-0.05308846056204741
1781701471556993178,/dynamic_straight/tuning/cbf_qp_h_dot,2.1088865995005195
1781701471556998438,/dynamic_straight/tuning/cbf_qp_h_ddot,0.8095573315044386
1781701471557038033,/dynamic_straight/tuning/cbf_qp_rhs,-41.925490611337146
1781701471597625370,/dynamic_straight/tuning/marker_seen,1.0
1781701471597673882,/dynamic_straight/tuning/marker_x_px,704.25
1781701471597678931,/dynamic_straight/tuning/heading_error_rad,-3.141592653589793
1781701471597682167,/dynamic_straight/tuning/lateral_error_px,-3.0
1781701471597685684,/dynamic_straight/tuning/roll_pwm,1216.0
1781701471597688419,/dynamic_straight/tuning/marker_y_px,591.0
1781701471597709158,/dynamic_straight/tuning/throttle_pwm,1585.0
1781701471597715190,/dynamic_straight/tuning/raw_track_speed_pps,61.565602196111165
1781701471597734767,/dynamic_straight/tuning/track_speed_pps,16.80705818598474
1781701471597758241,/dynamic_straight/tuning/target_speed_pps,0.0
1781701471597840296,/dynamic_straight/tuning/cbf_qp_h,-0.34806311773078225
1781701471597850024,/dynamic_straight/tuning/cbf_qp_h_dot,2.7643276782876853
1781701471597865113,/dynamic_straight/tuning/cbf_qp_h_ddot,1.5582594250704478
1781701471597897133,/dynamic_straight/tuning/cbf_qp_rhs,-49.88355063620844
1781701471705472944,/dynamic_straight/tuning/marker_seen,1.0
1781701471705517619,/dynamic_straight/tuning/marker_x_px,722.25
1781701471705523690,/dynamic_straight/tuning/heading_error_rad,-3.141592653589793
1781701471705529170,/dynamic_straight/tuning/lateral_error_px,-1.5
1781701471705533769,/dynamic_straight/tuning/roll_pwm,1496.0
1781701471705536965,/dynamic_straight/tuning/marker_y_px,592.5
1781701471705549890,/dynamic_straight/tuning/throttle_pwm,1585.0
1781701471705568926,/dynamic_straight/tuning/raw_track_speed_pps,21.637179286162148
1781701471705599383,/dynamic_straight/tuning/track_speed_pps,18.49760057104683
1781701471705616846,/dynamic_straight/tuning/target_speed_pps,0.0
1781701471705719550,/dynamic_straight/tuning/cbf_qp_h,-0.8794697799605866
1781701471705735991,/dynamic_straight/tuning/cbf_qp_h_dot,2.6014690926648156
1781701471705740430,/dynamic_straight/tuning/cbf_qp_h_ddot,1.7619200597508469
1781701471705768573,/dynamic_straight/tuning/cbf_qp_rhs,-36.20190631383543
1781701471782992333,/dynamic_straight/tuning/marker_seen,1.0
1781701471783032769,/dynamic_straight/tuning/marker_x_px,726.75
1781701471783035875,/dynamic_straight/tuning/heading_error_rad,-3.141592653589793
1781701471783039853,/dynamic_straight/tuning/lateral_error_px,-1.5
1781701471783044241,/dynamic_straight/tuning/roll_pwm,1511.0
1781701471783046966,/dynamic_straight/tuning/marker_y_px,592.5
1781701471783054470,/dynamic_straight/tuning/throttle_pwm,1585.0
1781701471783056965,/dynamic_straight/tuning/raw_track_speed_pps,9.139541657457587
1781701471783068567,/dynamic_straight/tuning/track_speed_pps,15.222279951290595
1781701471783086160,/dynamic_straight/tuning/target_speed_pps,0.0
1781701471783136595,/dynamic_straight/tuning/cbf_qp_h,-0.9664938333993272
1781701471783145863,/dynamic_straight/tuning/cbf_qp_h_dot,2.091768375712564
1781701471783164037,/dynamic_straight/tuning/cbf_qp_h_ddot,1.193204314590159
1781701471783218009,/dynamic_straight/tuning/cbf_qp_rhs,-23.698695160854893
1781701471822981540,/dynamic_straight/tuning/marker_seen,1.0
1781701471823030462,/dynamic_straight/tuning/throttle_pwm,1585.0
1781701471823035452,/dynamic_straight/tuning/marker_x_px,728.25
1781701471823039229,/dynamic_straight/tuning/heading_error_rad,-3.141592653589793
1781701471823042505,/dynamic_straight/tuning/lateral_error_px,-1.5
1781701471823044849,/dynamic_straight/tuning/roll_pwm,1511.0
1781701471823047835,/dynamic_straight/tuning/marker_y_px,592.5
1781701471823054718,/dynamic_straight/tuning/raw_track_speed_pps,5.1122004483660195
1781701471823061301,/dynamic_straight/tuning/track_speed_pps,11.683752125266993
1781701471823076239,/dynamic_straight/tuning/target_speed_pps,0.0
1781701471823135330,/dynamic_straight/tuning/cbf_qp_h,-0.9950534921193537
1781701471823150419,/dynamic_straight/tuning/cbf_qp_h_dot,1.5929685554289883
1781701471823169966,/dynamic_straight/tuning/cbf_qp_h_ddot,0.7029429424933713
1781701471823215873,/dynamic_straight/tuning/cbf_qp_rhs,-12.661244208686064
1781701471855091001,/dynamic_straight/tuning/marker_seen,1.0
1781701471855168688,/dynamic_straight/tuning/throttle_pwm,1585.0
1781701471855173967,/dynamic_straight/tuning/track_speed_pps,12.18862163383454
1781701471855180750,/dynamic_straight/tuning/marker_x_px,731.25
1781701471855184317,/dynamic_straight/tuning/heading_error_rad,-3.141592653589793
1781701471855189186,/dynamic_straight/tuning/raw_track_speed_pps,13.126236435459983
1781701471855192963,/dynamic_straight/tuning/lateral_error_px,-1.5
1781701471855196811,/dynamic_straight/tuning/roll_pwm,1511.0
1781701471855199816,/dynamic_straight/tuning/marker_y_px,592.5
1781701471855207290,/dynamic_straight/tuning/target_speed_pps,0.0
1781701471855273606,/dynamic_straight/tuning/cbf_qp_h,-1.0515002709200756
1781701471855289265,/dynamic_straight/tuning/cbf_qp_h_dot,1.6356112195273662
1781701471855317769,/dynamic_straight/tuning/cbf_qp_h_ddot,0.7650055693321495
1781701471855350100,/dynamic_straight/tuning/cbf_qp_rhs,-12.447224541477969
1781701471901419724,/dynamic_straight/tuning/marker_seen,1.0
1781701471901457285,/dynamic_straight/tuning/marker_x_px,734.25
1781701471901460411,/dynamic_straight/tuning/heading_error_rad,-3.141592653589793
1781701471901463748,/dynamic_straight/tuning/lateral_error_px,-1.5
1781701471901467054,/dynamic_straight/tuning/roll_pwm,1511.0
1781701471901469138,/dynamic_straight/tuning/marker_y_px,592.5
1781701471901474959,/dynamic_straight/tuning/throttle_pwm,1585.0
1781701471901483615,/dynamic_straight/tuning/raw_track_speed_pps,8.837673859966824
1781701471901500136,/dynamic_straight/tuning/track_speed_pps,11.01578991298084
1781701471901516427,/dynamic_straight/tuning/target_speed_pps,0.0
1781701471901576240,/dynamic_straight/tuning/cbf_qp_h,-1.1070503315350233
1781701471901584265,/dynamic_straight/tuning/cbf_qp_h_dot,1.4545557406465184
1781701471901625333,/dynamic_straight/tuning/cbf_qp_h_ddot,0.6248657128023494
1781701471901650841,/dynamic_straight/tuning/cbf_qp_rhs,-7.574973895032251
1781701471946128227,/dynamic_straight/tuning/marker_seen,1.0
1781701471946167531,/dynamic_straight/tuning/marker_x_px,737.25
1781701471946172912,/dynamic_straight/tuning/heading_error_rad,-3.141592653589793
1781701471946176128,/dynamic_straight/tuning/lateral_error_px,-1.5
1781701471946178512,/dynamic_straight/tuning/marker_y_px,592.5
1781701471946204331,/dynamic_straight/tuning/roll_pwm,1511.0
1781701471946228567,/dynamic_straight/tuning/throttle_pwm,1585.0
1781701471946250779,/dynamic_straight/tuning/raw_track_speed_pps,9.09363242339222
1781701471946276006,/dynamic_straight/tuning/track_speed_pps,10.343034791624824
1781701471946295162,/dynamic_straight/tuning/target_speed_pps,0.0
1781701471946394490,/dynamic_straight/tuning/cbf_qp_h,-1.1617036739641968
1781701471946420479,/dynamic_straight/tuning/cbf_qp_h_dot,1.343497661560443
1781701471946447911,/dynamic_straight/tuning/cbf_qp_h_ddot,0.5508728604018519
1781701471946502654,/dynamic_straight/tuning/cbf_qp_rhs,-4.186752612326778
1781701472078697195,/dynamic_straight/tuning/marker_seen,1.0
1781701472078733784,/dynamic_straight/tuning/marker_x_px,750.0
1781701472078738493,/dynamic_straight/tuning/lateral_error_px,-9.364617347717285
1781701472078741359,/dynamic_straight/tuning/marker_y_px,591.75
1781701472078750586,/dynamic_straight/tuning/heading_error_rad,-3.108271657711546
1781701472078786534,/dynamic_straight/tuning/roll_pwm,1522.0
1781701472078822382,/dynamic_straight/tuning/throttle_pwm,1585.0
1781701472078836929,/dynamic_straight/tuning/raw_track_speed_pps,13.628780712111936
1781701472078850445,/dynamic_straight/tuning/track_speed_pps,11.493045863795313
1781701472078885150,/dynamic_straight/tuning/target_speed_pps,0.0
1781701472078992092,/dynamic_straight/tuning/cbf_qp_h,-1.3857093794373487
1781701472079013994,/dynamic_straight/tuning/cbf_qp_h_dot,1.3854476170566745
1781701472079047136,/dynamic_straight/tuning/cbf_qp_h_ddot,0.6786658547224457
1781701472079086531,/dynamic_straight/tuning/cbf_qp_rhs,-0.6733611708667553
1781701472115644766,/dynamic_straight/tuning/marker_seen,1.0
1781701472115687527,/dynamic_straight/tuning/marker_x_px,752.25
1781701472115693458,/dynamic_straight/tuning/heading_error_rad,-3.107123552590285
1781701472115698127,/dynamic_straight/tuning/lateral_error_px,-9.53207778930664
1781701472115703106,/dynamic_straight/tuning/marker_y_px,591.75
1781701472115715179,/dynamic_straight/tuning/roll_pwm,1555.0
1781701472115764001,/dynamic_straight/tuning/throttle_pwm,1500.0
1781701472115784170,/dynamic_straight/tuning/raw_track_speed_pps,7.484147537052995
1781701472115820819,/dynamic_straight/tuning/track_speed_pps,10.0899314494355
1781701472115848441,/dynamic_straight/tuning/target_speed_pps,0.0
1781701472115931959,/dynamic_straight/tuning/cbf_qp_h,-1.373661628765356
1781701472115946947,/dynamic_straight/tuning/cbf_qp_h_dot,1.2432118427807344
1781701472115957838,/dynamic_straight/tuning/cbf_qp_h_ddot,0.3704082093479623
1781701472116014815,/dynamic_straight/tuning/cbf_qp_rhs,2.0671973227621123
1781701472226987564,/dynamic_straight/tuning/marker_seen,1.0
1781701472227031758,/dynamic_straight/tuning/marker_x_px,762.0
1781701472227037358,/dynamic_straight/tuning/heading_error_rad,-3.108271657711546
1781701472227040945,/dynamic_straight/tuning/lateral_error_px,-8.964838981628418
1781701472227044071,/dynamic_straight/tuning/roll_pwm,1542.0
1781701472227046976,/dynamic_straight/tuning/marker_y_px,591.75
1781701472227054320,/dynamic_straight/tuning/throttle_pwm,1500.0
1781701472227057176,/dynamic_straight/tuning/raw_track_speed_pps,12.243756576038772
1781701472227064109,/dynamic_straight/tuning/track_speed_pps,10.843770243746645
1781701472227074128,/dynamic_straight/tuning/target_speed_pps,0.0
1781701472227137527,/dynamic_straight/tuning/cbf_qp_h,-1.5798734376447072
1781701472227144541,/dynamic_straight/tuning/cbf_qp_h_dot,1.2141389392710018
1781701472227159509,/dynamic_straight/tuning/cbf_qp_h_ddot,0.4483442744613698
1781701472227191720,/dynamic_straight/tuning/cbf_qp_rhs,6.710599617613806
1781701472272076085,/dynamic_straight/tuning/marker_seen,1.0
1781701472272168500,/dynamic_straight/tuning/throttle_pwm,1500.0
1781701472272177086,/dynamic_straight/tuning/marker_x_px,764.25
1781701472272181695,/dynamic_straight/tuning/heading_error_rad,-3.107123552590285
1781701472272188858,/dynamic_straight/tuning/raw_track_speed_pps,7.137253570999512
1781701472272195431,/dynamic_straight/tuning/lateral_error_px,-9.1185302734375
1781701472272200159,/dynamic_straight/tuning/roll_pwm,1553.0
1781701472272204778,/dynamic_straight/tuning/marker_y_px,591.75
1781701472272215268,/dynamic_straight/tuning/track_speed_pps,9.546489408285149
1781701472272220458,/dynamic_straight/tuning/target_speed_pps,0.0
1781701472272321068,/dynamic_straight/tuning/cbf_qp_h,-1.577918976744821
1781701472272333822,/dynamic_straight/tuning/cbf_qp_h_dot,1.0861638177351876
1781701472272359891,/dynamic_straight/tuning/cbf_qp_h_ddot,0.3244180505790051
1781701472272407060,/dynamic_straight/tuning/cbf_qp_rhs,9.352421665420984
1781701472306348773,/dynamic_straight/tuning/marker_seen,1.0
1781701472306382186,/dynamic_straight/tuning/marker_x_px,768.0
1781701472306385191,/dynamic_straight/tuning/heading_error_rad,-3.108271657711546
1781701472306388648,/dynamic_straight/tuning/lateral_error_px,-8.764949798583984
1781701472306391223,/dynamic_straight/tuning/roll_pwm,1537.0
1781701472306393748,/dynamic_straight/tuning/marker_y_px,591.75
1781701472306400681,/dynamic_straight/tuning/throttle_pwm,1500.0
1781701472306402915,/dynamic_straight/tuning/raw_track_speed_pps,13.294329249576506
1781701472306412563,/dynamic_straight/tuning/track_speed_pps,10.858233352737123
1781701472306423253,/dynamic_straight/tuning/target_speed_pps,0.0
1781701472306484429,/dynamic_straight/tuning/cbf_qp_h,-1.671581742370213
1781701472306490621,/dynamic_straight/tuning/cbf_qp_h_dot,1.1691759211179469
1781701472306497814,/dynamic_straight/tuning/cbf_qp_h_ddot,0.4559242762996942
1781701472306533171,/dynamic_straight/tuning/cbf_qp_rhs,9.442413563859219
1781701472365836507,/dynamic_straight/tuning/marker_x_px,771.0
1781701472365931596,/dynamic_straight/tuning/heading_error_rad,-3.0750244898139694
1781701472365967193,/dynamic_straight/tuning/lateral_error_px,-15.804553985595703
1781701472365989566,/dynamic_straight/tuning/marker_seen,1.0
1781701472366008722,/dynamic_straight/tuning/marker_y_px,591.0
1781701472366161781,/dynamic_straight/tuning/throttle_pwm,1500.0
1781701472366210974,/dynamic_straight/tuning/track_speed_pps,9.673549847175465
1781701472366248956,/dynamic_straight/tuning/cbf_qp_h,-1.749452618547744
1781701472366284373,/dynamic_straight/tuning/cbf_qp_h_dot,0.9878004516704615
1781701472366323517,/dynamic_straight/tuning/cbf_qp_h_ddot,0.32236006973334036
1781701472366330630,/dynamic_straight/tuning/raw_track_speed_pps,7.47342333684667
1781701472366334888,/dynamic_straight/tuning/cbf_qp_rhs,14.768642707194495
1781701472366339336,/dynamic_straight/tuning/roll_pwm,1721.0
1781701472366343795,/dynamic_straight/tuning/target_speed_pps,0.0
1781701472424773099,/dynamic_straight/tuning/marker_x_px,772.5
1781701472424802024,/dynamic_straight/tuning/marker_seen,1.0
1781701472424832561,/dynamic_straight/tuning/heading_error_rad,-3.070285188804503
1781701472424838763,/dynamic_straight/tuning/lateral_error_px,-16.607297897338867
1781701472424842691,/dynamic_straight/tuning/roll_pwm,1602.0
1781701472424847049,/dynamic_straight/tuning/marker_y_px,591.0
1781701472424858771,/dynamic_straight/tuning/throttle_pwm,1500.0
1781701472424868940,/dynamic_straight/tuning/raw_track_speed_pps,3.6755369837429583
1781701472424906020,/dynamic_straight/tuning/track_speed_pps,7.574245344974088
1781701472424925607,/dynamic_straight/tuning/target_speed_pps,0.0
1781701472425047147,/dynamic_straight/tuning/cbf_qp_h,-1.6981143074298346
1781701472425061574,/dynamic_straight/tuning/cbf_qp_h_dot,0.8192902831483238
1781701472425064960,/dynamic_straight/tuning/cbf_qp_h_ddot,0.15412317010721807
1781701472425110667,/dynamic_straight/tuning/cbf_qp_rhs,17.27189509506416
1781701472456162470,/dynamic_straight/tuning/marker_seen,1.0
1781701472456201233,/dynamic_straight/tuning/throttle_pwm,1500.0
1781701472456205711,/dynamic_straight/tuning/marker_x_px,774.0
1781701472456208957,/dynamic_straight/tuning/heading_error_rad,-3.0750244898139694
1781701472456213105,/dynamic_straight/tuning/lateral_error_px,-15.604996681213379
1781701472456215109,/dynamic_straight/tuning/roll_pwm,1548.0
1781701472456218676,/dynamic_straight/tuning/marker_y_px,591.0
1781701472456225409,/dynamic_straight/tuning/raw_track_speed_pps,6.337974927100249
1781701472456232412,/dynamic_straight/tuning/track_speed_pps,7.141550698718245
1781701472456247480,/dynamic_straight/tuning/target_speed_pps,0.0
1781701472456314076,/dynamic_straight/tuning/cbf_qp_h,-1.7917253476555404
1781701472456331329,/dynamic_straight/tuning/cbf_qp_h_dot,0.7144263637912447
1781701472456346046,/dynamic_straight/tuning/cbf_qp_h_ddot,0.11395468221400142
1781701472456390861,/dynamic_straight/tuning/cbf_qp_rhs,21.292871544450687
1781701472494380761,/dynamic_straight/tuning/marker_seen,1.0
1781701472494438821,/dynamic_straight/tuning/throttle_pwm,1500.0
1781701472494447307,/dynamic_straight/tuning/marker_x_px,775.5
1781701472494451936,/dynamic_straight/tuning/heading_error_rad,-3.070285188804503
1781701472494457727,/dynamic_straight/tuning/lateral_error_px,-16.393556594848633
1781701472494463247,/dynamic_straight/tuning/roll_pwm,1610.0
1781701472494467385,/dynamic_straight/tuning/marker_y_px,591.0
1781701472494477805,/dynamic_straight/tuning/track_speed_pps,6.712804299739493
1781701472494481411,/dynamic_straight/tuning/raw_track_speed_pps,5.916560987350383
1781701472494484577,/dynamic_straight/tuning/target_speed_pps,0.0
1781701472494539511,/dynamic_straight/tuning/cbf_qp_h,-1.7429033426438905
1781701472494551875,/dynamic_straight/tuning/cbf_qp_h_dot,0.7111995930719449
1781701472494566552,/dynamic_straight/tuning/cbf_qp_h_ddot,0.0918699526843436
1781701472494596188,/dynamic_straight/tuning/cbf_qp_rhs,20.39483250700482
1781701472551043498,/dynamic_straight/tuning/marker_x_px,777.0
1781701472551079897,/dynamic_straight/tuning/marker_seen,1.0
1781701472551092912,/dynamic_straight/tuning/marker_y_px,591.75
1781701472551128940,/dynamic_straight/tuning/throttle_pwm,1500.0
1781701472551132406,/dynamic_straight/tuning/track_speed_pps,5.602503412899629
1781701472551135622,/dynamic_straight/tuning/heading_error_rad,-3.108271657711546
1781701472551140461,/dynamic_straight/tuning/raw_track_speed_pps,3.540516051625594
1781701472551144389,/dynamic_straight/tuning/lateral_error_px,-8.465116500854492
1781701472551147845,/dynamic_straight/tuning/roll_pwm,1398.0
1781701472551152394,/dynamic_straight/tuning/target_speed_pps,0.0
1781701472551165970,/dynamic_straight/tuning/cbf_qp_h,-1.8024270439857535
1781701472551195135,/dynamic_straight/tuning/cbf_qp_h_dot,0.567205068354805
1781701472551204923,/dynamic_straight/tuning/cbf_qp_h_ddot,0.02042481175331729
1781701472551243797,/dynamic_straight/tuning/cbf_qp_rhs,24.54318735174805
1781701472592375813,/dynamic_straight/tuning/marker_seen,1.0
1781701472592411130,/dynamic_straight/tuning/marker_x_px,777.0
1781701472592414286,/dynamic_straight/tuning/heading_error_rad,-3.108271657711546
1781701472592416890,/dynamic_straight/tuning/lateral_error_px,-8.465116500854492
1781701472592419255,/dynamic_straight/tuning/marker_y_px,591.75
1781701472592425847,/dynamic_straight/tuning/roll_pwm,1546.0
1781701472592430687,/dynamic_straight/tuning/throttle_pwm,1500.0
1781701472592451386,/dynamic_straight/tuning/raw_track_speed_pps,0.0
1781701472592459982,/dynamic_straight/tuning/track_speed_pps,3.641627218384759
1781701472592479719,/dynamic_straight/tuning/target_speed_pps,0.0
1781701472592542558,/dynamic_straight/tuning/cbf_qp_h,-1.8024270439857535
1781701472592547738,/dynamic_straight/tuning/cbf_qp_h_dot,0.3686832944306232
1781701472592570070,/dynamic_straight/tuning/cbf_qp_h_ddot,-0.07269831114964434
1781701472592598413,/dynamic_straight/tuning/cbf_qp_rhs,28.60674595313464
1781701472672522195,/dynamic_straight/tuning/marker_seen,1.0
1781701472672587208,/dynamic_straight/tuning/marker_x_px,778.5
1781701472672596936,/dynamic_straight/tuning/heading_error_rad,-3.070285188804503
1781701472672602587,/dynamic_straight/tuning/lateral_error_px,-16.1798152923584
1781701472672606694,/dynamic_straight/tuning/marker_y_px,591.0
1781701472672644275,/dynamic_straight/tuning/roll_pwm,1695.0
1781701472672692807,/dynamic_straight/tuning/throttle_pwm,1500.0
1781701472672733975,/dynamic_straight/tuning/raw_track_speed_pps,2.7356634382946647
1781701472672782647,/dynamic_straight/tuning/track_speed_pps,3.324539895353226
1781701472672816581,/dynamic_straight/tuning/target_speed_pps,0.0
1781701472672936948,/dynamic_straight/tuning/cbf_qp_h,-1.7867631096958867
1781701472672952658,/dynamic_straight/tuning/cbf_qp_h_dot,0.34483966068453853
1781701472672968809,/dynamic_straight/tuning/cbf_qp_h_ddot,-0.08560239391820532
1781701472673011098,/dynamic_straight/tuning/cbf_qp_rhs,28.77978853110448
1781701472709029434,/dynamic_straight/tuning/marker_seen,1.0
1781701472709070862,/dynamic_straight/tuning/marker_x_px,778.5
1781701472709074289,/dynamic_straight/tuning/heading_error_rad,-3.070285188804503
1781701472709078637,/dynamic_straight/tuning/lateral_error_px,-16.1798152923584
1781701472709081402,/dynamic_straight/tuning/roll_pwm,1584.0
1781701472709083887,/dynamic_straight/tuning/marker_y_px,591.0
1781701472709092082,/dynamic_straight/tuning/throttle_pwm,1500.0
1781701472709101670,/dynamic_straight/tuning/raw_track_speed_pps,0.0
1781701472709119063,/dynamic_straight/tuning/track_speed_pps,2.1609509319795968
1781701472709134312,/dynamic_straight/tuning/target_speed_pps,0.0
1781701472709199255,/dynamic_straight/tuning/cbf_qp_h,-1.7867631096958867
1781701472709206709,/dynamic_straight/tuning/cbf_qp_h_dot,0.22414577944495
1781701472709232127,/dynamic_straight/tuning/cbf_qp_h_ddot,-0.11949035328642803
1781701472709283093,/dynamic_straight/tuning/cbf_qp_rhs,31.227554115264486
1781701472750408928,/dynamic_straight/tuning/marker_seen,1.0
1781701472750457239,/dynamic_straight/tuning/throttle_pwm,1500.0
1781701472750462269,/dynamic_straight/tuning/marker_x_px,777.75
1781701472750465725,/dynamic_straight/tuning/heading_error_rad,-3.0727361642887487
1781701472750470925,/dynamic_straight/tuning/lateral_error_px,-15.779383659362793
1781701472750475223,/dynamic_straight/tuning/roll_pwm,1572.0
1781701472750479060,/dynamic_straight/tuning/marker_y_px,591.0
1781701472750488759,/dynamic_straight/tuning/track_speed_pps,0.5560880075572109
1781701472750492977,/dynamic_straight/tuning/raw_track_speed_pps,-2.4243717092272203
1781701472750502304,/dynamic_straight/tuning/target_speed_pps,0.0
1781701472750552890,/dynamic_straight/tuning/cbf_qp_h,-1.8093731012546455
1781701472750563700,/dynamic_straight/tuning/cbf_qp_h_dot,0.05610276000035495
1781701472750572327,/dynamic_straight/tuning/cbf_qp_h_ddot,-0.13874755488480003
1781701472750620427,/dynamic_straight/tuning/cbf_qp_rhs,35.06381817466473
1781701472789918770,/dynamic_straight/tuning/marker_seen,1.0
1781701472789963013,/dynamic_straight/tuning/marker_x_px,777.0
1781701472789968764,/dynamic_straight/tuning/heading_error_rad,-3.0750244898139694
1781701472789972842,/dynamic_straight/tuning/lateral_error_px,-15.405439376831055
1781701472789975897,/dynamic_straight/tuning/roll_pwm,1569.0
1781701472789979033,/dynamic_straight/tuning/marker_y_px,591.0
1781701472789986147,/dynamic_straight/tuning/throttle_pwm,1500.0
1781701472789989473,/dynamic_straight/tuning/raw_track_speed_pps,-2.9805062662023314
1781701472789996687,/dynamic_straight/tuning/track_speed_pps,-0.6817199882586289
1781701472790015983,/dynamic_straight/tuning/target_speed_pps,0.0
1781701472790073552,/dynamic_straight/tuning/cbf_qp_h,-1.83313002115823
1781701472790081337,/dynamic_straight/tuning/cbf_qp_h_dot,0.0
1781701472790100984,/dynamic_straight/tuning/cbf_qp_h_ddot,-0.13626634062465987
1781701472790147221,/dynamic_straight/tuning/cbf_qp_rhs,36.6626004231646
1781701472828800475,/dynamic_straight/tuning/marker_seen,1.0
1781701472828845429,/dynamic_straight/tuning/marker_x_px,777.0
1781701472828849748,/dynamic_straight/tuning/heading_error_rad,-3.108271657711546
1781701472828853364,/dynamic_straight/tuning/lateral_error_px,-8.465116500854492
1781701472828855889,/dynamic_straight/tuning/roll_pwm,1365.0
1781701472828859266,/dynamic_straight/tuning/marker_y_px,591.75
1781701472828867271,/dynamic_straight/tuning/throttle_pwm,1500.0
1781701472828870487,/dynamic_straight/tuning/raw_track_speed_pps,0.0
1781701472828880836,/dynamic_straight/tuning/track_speed_pps,-0.4431179923681088
1781701472828900604,/dynamic_straight/tuning/target_speed_pps,0.0
1781701472828963763,/dynamic_straight/tuning/cbf_qp_h,-1.8024270439857535
1781701472828969975,/dynamic_straight/tuning/cbf_qp_h_dot,0.0
1781701472828990283,/dynamic_straight/tuning/cbf_qp_h_ddot,-0.1408273491176074
1781701472829016012,/dynamic_straight/tuning/cbf_qp_rhs,36.04854087971507
1781701472874853498,/dynamic_straight/tuning/marker_seen,1.0
1781701472874894836,/dynamic_straight/tuning/marker_x_px,777.0
1781701472874898813,/dynamic_straight/tuning/heading_error_rad,-3.108271657711546
1781701472874902600,/dynamic_straight/tuning/lateral_error_px,-8.465116500854492
1781701472874905706,/dynamic_straight/tuning/roll_pwm,1546.0
1781701472874908862,/dynamic_straight/tuning/marker_y_px,591.75
1781701472874915805,/dynamic_straight/tuning/throttle_pwm,1500.0
1781701472874922027,/dynamic_straight/tuning/raw_track_speed_pps,0.0
1781701472874933409,/dynamic_straight/tuning/track_speed_pps,-0.2880266950392707
1781701472874952915,/dynamic_straight/tuning/target_speed_pps,0.0
1781701472875008440,/dynamic_straight/tuning/cbf_qp_h,-1.8024270439857535
1781701472875017377,/dynamic_straight/tuning/cbf_qp_h_dot,0.0
1781701472875036523,/dynamic_straight/tuning/cbf_qp_h_ddot,-0.1408273491176074
1781701472875070628,/dynamic_straight/tuning/cbf_qp_rhs,36.04854087971507
1781701472915962060,/dynamic_straight/tuning/marker_seen,1.0
1781701472916004650,/dynamic_straight/tuning/throttle_pwm,1500.0
1781701472916010311,/dynamic_straight/tuning/marker_x_px,777.0
1781701472916013116,/dynamic_straight/tuning/heading_error_rad,-3.0750244898139694
1781701472916017725,/dynamic_straight/tuning/raw_track_speed_pps,0.0
1781701472916020420,/dynamic_straight/tuning/lateral_error_px,-15.405439376831055
1781701472916023876,/dynamic_straight/tuning/roll_pwm,1752.0
1781701472916026311,/dynamic_straight/tuning/marker_y_px,591.0
1781701472916037973,/dynamic_straight/tuning/track_speed_pps,-0.18721735177552595
1781701472916041690,/dynamic_straight/tuning/target_speed_pps,0.0
1781701472916127783,/dynamic_straight/tuning/cbf_qp_h,-1.83313002115823
1781701472916134816,/dynamic_straight/tuning/cbf_qp_h_dot,0.0
1781701472916137591,/dynamic_straight/tuning/cbf_qp_h_ddot,-0.13626634062465987
1781701472916175823,/dynamic_straight/tuning/cbf_qp_rhs,36.6626004231646
1781701473009563260,/dynamic_straight/tuning/marker_seen,1.0
1781701473009637771,/dynamic_straight/tuning/throttle_pwm,1500.0
1781701473009644053,/dynamic_straight/tuning/track_speed_pps,-0.12169127865409188
1781701473009647560,/dynamic_straight/tuning/marker_x_px,777.0
1781701473009650305,/dynamic_straight/tuning/heading_error_rad,-3.108271657711546
1781701473009653821,/dynamic_straight/tuning/raw_track_speed_pps,0.0
1781701473009657388,/dynamic_straight/tuning/lateral_error_px,-8.465116500854492
1781701473009660905,/dynamic_straight/tuning/roll_pwm,1459.0
1781701473009663410,/dynamic_straight/tuning/marker_y_px,591.75
1781701473009665954,/dynamic_straight/tuning/target_speed_pps,0.0
1781701473009700470,/dynamic_straight/tuning/cbf_qp_h,-1.8024270439857535
1781701473009709286,/dynamic_straight/tuning/cbf_qp_h_dot,0.0
1781701473009728242,/dynamic_straight/tuning/cbf_qp_h_ddot,-0.1408273491176074
1781701473009782525,/dynamic_straight/tuning/cbf_qp_rhs,36.04854087971507
1781701473059742409,/dynamic_straight/tuning/marker_seen,1.0
1781701473059849872,/dynamic_straight/tuning/throttle_pwm,1500.0
1781701473059856825,/dynamic_straight/tuning/marker_x_px,777.0
1781701473059861163,/dynamic_straight/tuning/heading_error_rad,-3.0750244898139694
1781701473059866904,/dynamic_straight/tuning/lateral_error_px,-15.405439376831055
1781701473059871683,/dynamic_straight/tuning/roll_pwm,1734.0
1781701473059875781,/dynamic_straight/tuning/marker_y_px,591.0
1781701473059888024,/dynamic_straight/tuning/raw_track_speed_pps,0.0
1781701473059897191,/dynamic_straight/tuning/track_speed_pps,-0.07909933112515972
1781701473059926627,/dynamic_straight/tuning/target_speed_pps,0.0
1781701473060008692,/dynamic_straight/tuning/cbf_qp_h,-1.83313002115823
1781701473060021526,/dynamic_straight/tuning/cbf_qp_h_dot,0.0
1781701473060047625,/dynamic_straight/tuning/cbf_qp_h_ddot,-0.13626634062465987
1781701473060105144,/dynamic_straight/tuning/cbf_qp_rhs,36.6626004231646
1781701473116506527,/dynamic_straight/tuning/marker_seen,1.0
1781701473116538778,/dynamic_straight/tuning/marker_x_px,777.0
1781701473116543437,/dynamic_straight/tuning/heading_error_rad,-3.108271657711546
1781701473116547034,/dynamic_straight/tuning/lateral_error_px,-8.465116500854492
1781701473116549949,/dynamic_straight/tuning/marker_y_px,591.75
1781701473116559066,/dynamic_straight/tuning/roll_pwm,1411.0
1781701473116585386,/dynamic_straight/tuning/throttle_pwm,1500.0
1781701473116602799,/dynamic_straight/tuning/raw_track_speed_pps,0.0
1781701473116618379,/dynamic_straight/tuning/track_speed_pps,-0.05141456523135382
1781701473116636152,/dynamic_straight/tuning/target_speed_pps,0.0
1781701473116692539,/dynamic_straight/tuning/cbf_qp_h,-1.8024270439857535
1781701473116711545,/dynamic_straight/tuning/cbf_qp_h_dot,0.0
1781701473116724960,/dynamic_straight/tuning/cbf_qp_h_ddot,-0.1408273491176074
1781701473116763533,/dynamic_straight/tuning/cbf_qp_rhs,36.04854087971507
1781701473143881494,/dynamic_straight/tuning/marker_seen,1.0
1781701473143913695,/dynamic_straight/tuning/marker_x_px,777.0
1781701473143917272,/dynamic_straight/tuning/lateral_error_px,-8.465116500854492
1781701473143919476,/dynamic_straight/tuning/marker_y_px,591.75
1781701473143925187,/dynamic_straight/tuning/heading_error_rad,-3.108271657711546
1781701473143950915,/dynamic_straight/tuning/roll_pwm,1546.0
1781701473143972797,/dynamic_straight/tuning/throttle_pwm,1500.0
1781701473143981944,/dynamic_straight/tuning/raw_track_speed_pps,0.0
1781701473144002743,/dynamic_straight/tuning/track_speed_pps,-0.03341946740037999
1781701473144021148,/dynamic_straight/tuning/target_speed_pps,0.0
1781701473144082183,/dynamic_straight/tuning/cbf_qp_h,-1.8024270439857535
1781701473144090589,/dynamic_straight/tuning/cbf_qp_h_dot,0.0
1781701473144108553,/dynamic_straight/tuning/cbf_qp_h_ddot,-0.1408273491176074
1781701473144134221,/dynamic_straight/tuning/cbf_qp_rhs,36.04854087971507
1781701473206833373,/dynamic_straight/tuning/marker_seen,1.0
1781701473206866685,/dynamic_straight/tuning/marker_x_px,777.0
1781701473206870933,/dynamic_straight/tuning/heading_error_rad,-3.108271657711546
1781701473206873909,/dynamic_straight/tuning/lateral_error_px,-8.465116500854492
1781701473206876815,/dynamic_straight/tuning/roll_pwm,1546.0
1781701473206879089,/dynamic_straight/tuning/marker_y_px,591.75
1781701473206886453,/dynamic_straight/tuning/throttle_pwm,1500.0
1781701473206897955,/dynamic_straight/tuning/raw_track_speed_pps,0.0
1781701473206914977,/dynamic_straight/tuning/track_speed_pps,-0.021722653810246993
1781701473206924054,/dynamic_straight/tuning/target_speed_pps,0.0
1781701473206982705,/dynamic_straight/tuning/cbf_qp_h,-1.8024270439857535
1781701473206989057,/dynamic_straight/tuning/cbf_qp_h_dot,0.0
1781701473207004566,/dynamic_straight/tuning/cbf_qp_h_ddot,-0.1408273491176074
1781701473207046726,/dynamic_straight/tuning/cbf_qp_rhs,36.04854087971507
1781701473280258457,/dynamic_straight/tuning/marker_seen,1.0
1781701473280309203,/dynamic_straight/tuning/throttle_pwm,1500.0
1781701473280320003,/dynamic_straight/tuning/marker_x_px,777.0
1781701473280324742,/dynamic_straight/tuning/heading_error_rad,-3.108271657711546
1781701473280332657,/dynamic_straight/tuning/lateral_error_px,-8.465116500854492
1781701473280338017,/dynamic_straight/tuning/roll_pwm,1546.0
1781701473280342696,/dynamic_straight/tuning/marker_y_px,591.75
1781701473280355901,/dynamic_straight/tuning/raw_track_speed_pps,0.0
1781701473280367263,/dynamic_straight/tuning/track_speed_pps,-0.014119724976660546
1781701473280397720,/dynamic_straight/tuning/target_speed_pps,0.0
1781701473280471479,/dynamic_straight/tuning/cbf_qp_h,-1.8024270439857535
1781701473280495525,/dynamic_straight/tuning/cbf_qp_h_dot,0.0
1781701473280520692,/dynamic_straight/tuning/cbf_qp_h_ddot,-0.1408273491176074
1781701473280565096,/dynamic_straight/tuning/cbf_qp_rhs,36.04854087971507
1781701473322050240,/dynamic_straight/tuning/marker_seen,1.0
1781701473322092410,/dynamic_straight/tuning/marker_x_px,777.0
1781701473322096638,/dynamic_straight/tuning/lateral_error_px,-8.465116500854492
1781701473322099413,/dynamic_straight/tuning/marker_y_px,591.75
1781701473322106737,/dynamic_straight/tuning/heading_error_rad,-3.108271657711546
1781701473322135331,/dynamic_straight/tuning/roll_pwm,1546.0
1781701473322157763,/dynamic_straight/tuning/throttle_pwm,1500.0
1781701473322167642,/dynamic_straight/tuning/raw_track_speed_pps,0.0
1781701473322184604,/dynamic_straight/tuning/track_speed_pps,-0.009177821234829355
1781701473322193801,/dynamic_straight/tuning/target_speed_pps,0.0
1781701473322279022,/dynamic_straight/tuning/cbf_qp_h,-1.8024270439857535
1781701473322289833,/dynamic_straight/tuning/cbf_qp_h_dot,0.0
1781701473322316233,/dynamic_straight/tuning/cbf_qp_h_ddot,-0.1408273491176074
1781701473322353753,/dynamic_straight/tuning/cbf_qp_rhs,36.04854087971507
1781701473400880716,/dynamic_straight/tuning/marker_seen,1.0
1781701473400924669,/dynamic_straight/tuning/marker_x_px,777.0
1781701473400929448,/dynamic_straight/tuning/heading_error_rad,-3.0750244898139694
1781701473400935009,/dynamic_straight/tuning/lateral_error_px,-15.405439376831055
1781701473400939618,/dynamic_straight/tuning/roll_pwm,1671.0
1781701473400943545,/dynamic_straight/tuning/marker_y_px,591.0
1781701473400955939,/dynamic_straight/tuning/throttle_pwm,1500.0
1781701473400960587,/dynamic_straight/tuning/raw_track_speed_pps,0.0
1781701473400968272,/dynamic_straight/tuning/track_speed_pps,-0.005965583802639081
1781701473400970807,/dynamic_straight/tuning/target_speed_pps,0.0
1781701473401023616,/dynamic_straight/tuning/cbf_qp_h,-1.83313002115823
1781701473401035088,/dynamic_straight/tuning/cbf_qp_h_dot,0.0
1781701473401045908,/dynamic_straight/tuning/cbf_qp_h_ddot,-0.13626634062465987
1781701473401074803,/dynamic_straight/tuning/cbf_qp_rhs,36.6626004231646
1781701473479252897,/dynamic_straight/tuning/marker_seen,1.0
1781701473479299114,/dynamic_straight/tuning/marker_x_px,777.0
1781701473479304254,/dynamic_straight/tuning/heading_error_rad,-3.108271657711546
1781701473479308873,/dynamic_straight/tuning/lateral_error_px,-8.465116500854492
1781701473479313391,/dynamic_straight/tuning/roll_pwm,1440.0
1781701473479317740,/dynamic_straight/tuning/marker_y_px,591.75
1781701473479327378,/dynamic_straight/tuning/throttle_pwm,1500.0
1781701473479331926,/dynamic_straight/tuning/raw_track_speed_pps,0.0
1781701473479342176,/dynamic_straight/tuning/track_speed_pps,-0.003877629471715403
1781701473479350892,/dynamic_straight/tuning/target_speed_pps,0.0
1781701473479400776,/dynamic_straight/tuning/cbf_qp_h,-1.8024270439857535
1781701473479415174,/dynamic_straight/tuning/cbf_qp_h_dot,0.0
1781701473479423730,/dynamic_straight/tuning/cbf_qp_h_ddot,-0.1408273491176074
1781701473479453626,/dynamic_straight/tuning/cbf_qp_rhs,36.04854087971507
1781701473511899864,/dynamic_straight/tuning/marker_seen,1.0
1781701473511948936,/dynamic_straight/tuning/marker_x_px,777.0
1781701473511955338,/dynamic_straight/tuning/heading_error_rad,-3.108271657711546
1781701473511960638,/dynamic_straight/tuning/lateral_error_px,-8.465116500854492
1781701473511964526,/dynamic_straight/tuning/roll_pwm,1546.0
1781701473511968533,/dynamic_straight/tuning/marker_y_px,591.75
1781701473511981047,/dynamic_straight/tuning/throttle_pwm,1500.0
1781701473511986086,/dynamic_straight/tuning/raw_track_speed_pps,0.0
1781701473511995204,/dynamic_straight/tuning/track_speed_pps,-0.002520459156615012
1781701473512010082,/dynamic_straight/tuning/target_speed_pps,0.0
1781701473512081607,/dynamic_straight/tuning/cbf_qp_h,-1.8024270439857535
1781701473512092297,/dynamic_straight/tuning/cbf_qp_h_dot,0.0
1781701473512116483,/dynamic_straight/tuning/cbf_qp_h_ddot,-0.1408273491176074
1781701473512145878,/dynamic_straight/tuning/cbf_qp_rhs,36.04854087971507
1781701473595248455,/dynamic_straight/tuning/marker_seen,1.0
1781701473595339878,/dynamic_straight/tuning/throttle_pwm,1500.0
1781701473595347623,/dynamic_straight/tuning/track_speed_pps,-0.0016382984517997578
1781701473595351210,/dynamic_straight/tuning/marker_x_px,777.0
1781701473595355778,/dynamic_straight/tuning/heading_error_rad,-3.108271657711546
1781701473595360567,/dynamic_straight/tuning/raw_track_speed_pps,0.0
1781701473595365527,/dynamic_straight/tuning/lateral_error_px,-8.465116500854492
1781701473595368743,/dynamic_straight/tuning/roll_pwm,1546.0
1781701473595372069,/dynamic_straight/tuning/marker_y_px,591.75
1781701473595380485,/dynamic_straight/tuning/target_speed_pps,0.0
1781701473595435669,/dynamic_straight/tuning/cbf_qp_h,-1.8024270439857535
1781701473595462881,/dynamic_straight/tuning/cbf_qp_h_dot,0.0
1781701473595474823,/dynamic_straight/tuning/cbf_qp_h_ddot,-0.1408273491176074
1781701473595516632,/dynamic_straight/tuning/cbf_qp_rhs,36.04854087971507
1781701473632190036,/dynamic_straight/tuning/marker_seen,1.0
1781701473632249558,/dynamic_straight/tuning/throttle_pwm,1500.0
1781701473632256832,/dynamic_straight/tuning/marker_x_px,777.0
1781701473632261300,/dynamic_straight/tuning/heading_error_rad,-3.108271657711546
1781701473632267412,/dynamic_straight/tuning/lateral_error_px,-8.465116500854492
1781701473632272511,/dynamic_straight/tuning/roll_pwm,1546.0
1781701473632276439,/dynamic_straight/tuning/marker_y_px,591.75
1781701473632286237,/dynamic_straight/tuning/track_speed_pps,-0.0010648939936698427
1781701473632289293,/dynamic_straight/tuning/raw_track_speed_pps,0.0
1781701473632292960,/dynamic_straight/tuning/target_speed_pps,0.0
1781701473632350078,/dynamic_straight/tuning/cbf_qp_h,-1.8024270439857535
1781701473632361409,/dynamic_straight/tuning/cbf_qp_h_dot,0.0
1781701473632377189,/dynamic_straight/tuning/cbf_qp_h_ddot,-0.1408273491176074
1781701473632405262,/dynamic_straight/tuning/cbf_qp_rhs,36.04854087971507
1781701473724023567,/dynamic_straight/tuning/marker_seen,1.0
1781701473724077499,/dynamic_straight/tuning/throttle_pwm,1500.0
1781701473724082849,/dynamic_straight/tuning/marker_x_px,777.0
1781701473724086737,/dynamic_straight/tuning/heading_error_rad,-3.108271657711546
1781701473724092558,/dynamic_straight/tuning/raw_track_speed_pps,0.0
1781701473724097978,/dynamic_straight/tuning/lateral_error_px,-8.465116500854492
1781701473724102887,/dynamic_straight/tuning/roll_pwm,1546.0
1781701473724106043,/dynamic_straight/tuning/marker_y_px,591.75
1781701473724114689,/dynamic_straight/tuning/track_speed_pps,-0.0006921810958853978
1781701473724117956,/dynamic_straight/tuning/target_speed_pps,0.0
1781701473724170946,/dynamic_straight/tuning/cbf_qp_h,-1.8024270439857535
1781701473724182738,/dynamic_straight/tuning/cbf_qp_h_dot,0.0
1781701473724193468,/dynamic_straight/tuning/cbf_qp_h_ddot,-0.1408273491176074
1781701473724226611,/dynamic_straight/tuning/cbf_qp_rhs,36.04854087971507
1781701473756658431,/dynamic_straight/tuning/marker_seen,1.0
1781701473756717002,/dynamic_straight/tuning/throttle_pwm,1500.0
1781701473756722903,/dynamic_straight/tuning/marker_x_px,777.0
1781701473756727271,/dynamic_straight/tuning/heading_error_rad,-3.108271657711546
1781701473756733553,/dynamic_straight/tuning/raw_track_speed_pps,0.0
1781701473756739173,/dynamic_straight/tuning/lateral_error_px,-8.465116500854492
1781701473756743121,/dynamic_straight/tuning/roll_pwm,1546.0
1781701473756745355,/dynamic_straight/tuning/marker_y_px,591.75
1781701473756763580,/dynamic_straight/tuning/track_speed_pps,-0.00044991771232550856
1781701473756768379,/dynamic_straight/tuning/target_speed_pps,0.0
1781701473756827931,/dynamic_straight/tuning/cbf_qp_h,-1.8024270439857535
1781701473756839483,/dynamic_straight/tuning/cbf_qp_h_dot,0.0
1781701473756854662,/dynamic_straight/tuning/cbf_qp_h_ddot,-0.1408273491176074
1781701473756882023,/dynamic_straight/tuning/cbf_qp_rhs,36.04854087971507
1781701473813177998,/dynamic_straight/tuning/marker_seen,1.0
1781701473813327901,/dynamic_straight/tuning/throttle_pwm,1500.0
1781701473813357407,/dynamic_straight/tuning/track_speed_pps,-0.00029244651301158056
1781701473813371714,/dynamic_straight/tuning/marker_x_px,777.0
1781701473813381522,/dynamic_straight/tuning/heading_error_rad,-3.108271657711546
1781701473813395819,/dynamic_straight/tuning/raw_track_speed_pps,0.0
1781701473813407932,/dynamic_straight/tuning/lateral_error_px,-8.465116500854492
1781701473813416318,/dynamic_straight/tuning/roll_pwm,1546.0
1781701473813426998,/dynamic_straight/tuning/marker_y_px,591.75
1781701473813433590,/dynamic_straight/tuning/target_speed_pps,0.0
1781701473813456223,/dynamic_straight/tuning/cbf_qp_h,-1.8024270439857535
1781701473813463737,/dynamic_straight/tuning/cbf_qp_h_dot,0.0
1781701473813468837,/dynamic_straight/tuning/cbf_qp_h_ddot,-0.1408273491176074
1781701473813474568,/dynamic_straight/tuning/cbf_qp_rhs,36.04854087971507
1781701473852253299,/dynamic_straight/tuning/marker_seen,1.0
1781701473852305998,/dynamic_straight/tuning/throttle_pwm,1500.0
1781701473852311949,/dynamic_straight/tuning/marker_x_px,777.0
1781701473852315556,/dynamic_straight/tuning/heading_error_rad,-3.108271657711546
1781701473852319694,/dynamic_straight/tuning/raw_track_speed_pps,0.0
1781701473852322680,/dynamic_straight/tuning/lateral_error_px,-8.465116500854492
1781701473852326467,/dynamic_straight/tuning/roll_pwm,1546.0
1781701473852328891,/dynamic_straight/tuning/marker_y_px,591.75
1781701473852335013,/dynamic_straight/tuning/track_speed_pps,-0.00019009023345752736
1781701473852338550,/dynamic_straight/tuning/target_speed_pps,0.0
1781701473852382082,/dynamic_straight/tuning/cbf_qp_h,-1.8024270439857535
1781701473852392241,/dynamic_straight/tuning/cbf_qp_h_dot,0.0
1781701473852405396,/dynamic_straight/tuning/cbf_qp_h_ddot,-0.1408273491176074
1781701473852438408,/dynamic_straight/tuning/cbf_qp_rhs,36.04854087971507
1781701473892559635,/dynamic_straight/tuning/marker_seen,1.0
1781701473892612816,/dynamic_straight/tuning/throttle_pwm,1500.0
1781701473892619088,/dynamic_straight/tuning/marker_x_px,777.0
1781701473892622985,/dynamic_straight/tuning/heading_error_rad,-3.108271657711546
1781701473892629968,/dynamic_straight/tuning/lateral_error_px,-8.465116500854492
1781701473892634958,/dynamic_straight/tuning/roll_pwm,1546.0
1781701473892638875,/dynamic_straight/tuning/marker_y_px,591.75
1781701473892647491,/dynamic_straight/tuning/track_speed_pps,-0.0001235586517473928
1781701473892650347,/dynamic_straight/tuning/raw_track_speed_pps,0.0
1781701473892653092,/dynamic_straight/tuning/target_speed_pps,0.0
1781701473892707645,/dynamic_straight/tuning/cbf_qp_h,-1.8024270439857535
1781701473892719497,/dynamic_straight/tuning/cbf_qp_h_dot,0.0
1781701473892730228,/dynamic_straight/tuning/cbf_qp_h_ddot,-0.1408273491176074
1781701473892765194,/dynamic_straight/tuning/cbf_qp_rhs,36.04854087971507
1781701473931967164,/dynamic_straight/tuning/marker_seen,1.0
1781701473932020214,/dynamic_straight/tuning/marker_x_px,777.0
1781701473932027748,/dynamic_straight/tuning/heading_error_rad,-3.108271657711546
1781701473932033159,/dynamic_straight/tuning/lateral_error_px,-8.465116500854492
1781701473932037617,/dynamic_straight/tuning/roll_pwm,1546.0
1781701473932042436,/dynamic_straight/tuning/marker_y_px,591.75
1781701473932055250,/dynamic_straight/tuning/throttle_pwm,1500.0
1781701473932058997,/dynamic_straight/tuning/track_speed_pps,-8.031312363580533e-05
1781701473932063937,/dynamic_straight/tuning/raw_track_speed_pps,0.0
1781701473932071862,/dynamic_straight/tuning/target_speed_pps,0.0
1781701473932131564,/dynamic_straight/tuning/cbf_qp_h,-1.8024270439857535
1781701473932143166,/dynamic_straight/tuning/cbf_qp_h_dot,0.0
1781701473932158676,/dynamic_straight/tuning/cbf_qp_h_ddot,-0.1408273491176074
1781701473932189113,/dynamic_straight/tuning/cbf_qp_rhs,36.04854087971507
1781701473970984966,/dynamic_straight/tuning/marker_seen,1.0
1781701473971036473,/dynamic_straight/tuning/throttle_pwm,1500.0
1781701473971042455,/dynamic_straight/tuning/marker_x_px,777.0
1781701473971046563,/dynamic_straight/tuning/heading_error_rad,-3.0750244898139694
1781701473971052123,/dynamic_straight/tuning/lateral_error_px,-15.405439376831055
1781701473971056692,/dynamic_straight/tuning/roll_pwm,1774.0
1781701473971062182,/dynamic_straight/tuning/marker_y_px,591.0
1781701473971073954,/dynamic_straight/tuning/track_speed_pps,-5.220353036327347e-05
1781701473971077571,/dynamic_straight/tuning/raw_track_speed_pps,0.0
1781701473971080968,/dynamic_straight/tuning/target_speed_pps,0.0
1781701473971135070,/dynamic_straight/tuning/cbf_qp_h,-1.83313002115823
1781701473971147353,/dynamic_straight/tuning/cbf_qp_h_dot,0.0
1781701473971158344,/dynamic_straight/tuning/cbf_qp_h_ddot,-0.13626634062465987
1781701473971212696,/dynamic_straight/tuning/cbf_qp_rhs,36.6626004231646
1781701474024028897,/dynamic_straight/tuning/marker_seen,1.0
1781701474024062079,/dynamic_straight/tuning/marker_x_px,777.0
1781701474024064734,/dynamic_straight/tuning/heading_error_rad,-3.108271657711546
1781701474024067520,/dynamic_straight/tuning/lateral_error_px,-8.465116500854492
1781701474024070125,/dynamic_straight/tuning/marker_y_px,591.75
1781701474024079342,/dynamic_straight/tuning/roll_pwm,1401.0
1781701474024107555,/dynamic_straight/tuning/throttle_pwm,1500.0
1781701474024121502,/dynamic_straight/tuning/raw_track_speed_pps,0.0
1781701474024139866,/dynamic_straight/tuning/track_speed_pps,-3.3932294736127756e-05
1781701474024153272,/dynamic_straight/tuning/target_speed_pps,0.0
1781701474024235547,/dynamic_straight/tuning/cbf_qp_h,-1.8024270439857535
1781701474024245356,/dynamic_straight/tuning/cbf_qp_h_dot,0.0
1781701474024254323,/dynamic_straight/tuning/cbf_qp_h_ddot,-0.1408273491176074
1781701474024290972,/dynamic_straight/tuning/cbf_qp_rhs,36.04854087971507
1781701474063857601,/dynamic_straight/tuning/marker_seen,1.0
1781701474063894942,/dynamic_straight/tuning/marker_x_px,777.0
1781701474063899180,/dynamic_straight/tuning/heading_error_rad,-3.108271657711546
1781701474063903788,/dynamic_straight/tuning/lateral_error_px,-8.465116500854492
1781701474063906013,/dynamic_straight/tuning/marker_y_px,591.75
1781701474063912886,/dynamic_straight/tuning/roll_pwm,1546.0
1781701474063919548,/dynamic_straight/tuning/throttle_pwm,1500.0
1781701474063937983,/dynamic_straight/tuning/raw_track_speed_pps,0.0
1781701474063947902,/dynamic_straight/tuning/track_speed_pps,-2.205599157848304e-05
1781701474063965816,/dynamic_straight/tuning/target_speed_pps,0.0
1781701474064020960,/dynamic_straight/tuning/cbf_qp_h,-1.8024270439857535
1781701474064042951,/dynamic_straight/tuning/cbf_qp_h_dot,0.0
1781701474064060535,/dynamic_straight/tuning/cbf_qp_h_ddot,-0.1408273491176074
1781701474064087175,/dynamic_straight/tuning/cbf_qp_rhs,36.04854087971507
1781701474095126745,/dynamic_straight/tuning/marker_seen,1.0
1781701474095167131,/dynamic_straight/tuning/throttle_pwm,1500.0
1781701474095170518,/dynamic_straight/tuning/marker_x_px,777.0
1781701474095174415,/dynamic_straight/tuning/heading_error_rad,-3.108271657711546
1781701474095179064,/dynamic_straight/tuning/lateral_error_px,-8.465116500854492
1781701474095183492,/dynamic_straight/tuning/roll_pwm,1546.0
1781701474095186798,/dynamic_straight/tuning/marker_y_px,591.75
1781701474095197148,/dynamic_straight/tuning/track_speed_pps,-1.4336394526013976e-05
1781701474095200264,/dynamic_straight/tuning/raw_track_speed_pps,0.0
1781701474095209872,/dynamic_straight/tuning/target_speed_pps,0.0
1781701474095284313,/dynamic_straight/tuning/cbf_qp_h,-1.8024270439857535
1781701474095288751,/dynamic_straight/tuning/cbf_qp_h_dot,0.0
1781701474095305513,/dynamic_straight/tuning/cbf_qp_h_ddot,-0.1408273491176074
1781701474095351409,/dynamic_straight/tuning/cbf_qp_rhs,36.04854087971507
1781701474143428176,/dynamic_straight/tuning/marker_seen,1.0
1781701474143518397,/dynamic_straight/tuning/throttle_pwm,1500.0
1781701474143530480,/dynamic_straight/tuning/track_speed_pps,-9.318656441909085e-06
1781701474143537142,/dynamic_straight/tuning/marker_x_px,777.0
1781701474143544837,/dynamic_straight/tuning/heading_error_rad,-3.108271657711546
1781701474143550808,/dynamic_straight/tuning/raw_track_speed_pps,0.0
1781701474143559114,/dynamic_straight/tuning/lateral_error_px,-8.465116500854492
1781701474143564253,/dynamic_straight/tuning/roll_pwm,1546.0
1781701474143567950,/dynamic_straight/tuning/marker_y_px,591.75
1781701474143576827,/dynamic_straight/tuning/target_speed_pps,0.0
1781701474143594350,/dynamic_straight/tuning/cbf_qp_h,-1.8024270439857535
1781701474143598538,/dynamic_straight/tuning/cbf_qp_h_dot,0.0
1781701474143611513,/dynamic_straight/tuning/cbf_qp_h_ddot,-0.1408273491176074
1781701474143629847,/dynamic_straight/tuning/cbf_qp_rhs,36.04854087971507
1781701474183202849,/dynamic_straight/tuning/marker_seen,1.0
1781701474183242273,/dynamic_straight/tuning/marker_x_px,777.0
1781701474183246702,/dynamic_straight/tuning/heading_error_rad,-3.108271657711546
1781701474183250659,/dynamic_straight/tuning/lateral_error_px,-8.465116500854492
1781701474183253494,/dynamic_straight/tuning/roll_pwm,1546.0
1781701474183257111,/dynamic_straight/tuning/marker_y_px,591.75
1781701474183262972,/dynamic_straight/tuning/throttle_pwm,1500.0
1781701474183265557,/dynamic_straight/tuning/raw_track_speed_pps,0.0
1781701474183281808,/dynamic_straight/tuning/track_speed_pps,-6.057126687240905e-06
1781701474183301014,/dynamic_straight/tuning/target_speed_pps,0.0
1781701474183348945,/dynamic_straight/tuning/cbf_qp_h,-1.8024270439857535
1781701474183354635,/dynamic_straight/tuning/cbf_qp_h_dot,0.0
1781701474183376747,/dynamic_straight/tuning/cbf_qp_h_ddot,-0.1408273491176074
1781701474183400692,/dynamic_straight/tuning/cbf_qp_rhs,36.04854087971507
1781701474223718030,/dynamic_straight/tuning/marker_seen,1.0
1781701474223779226,/dynamic_straight/tuning/throttle_pwm,1500.0
1781701474223784365,/dynamic_straight/tuning/marker_x_px,777.0
1781701474223788664,/dynamic_straight/tuning/heading_error_rad,-3.108271657711546
1781701474223793483,/dynamic_straight/tuning/raw_track_speed_pps,0.0
1781701474223797821,/dynamic_straight/tuning/lateral_error_px,-8.465116500854492
1781701474223803121,/dynamic_straight/tuning/roll_pwm,1546.0
1781701474223807008,/dynamic_straight/tuning/marker_y_px,591.75
1781701474223819752,/dynamic_straight/tuning/track_speed_pps,-3.937132346706588e-06
1781701474223824291,/dynamic_straight/tuning/target_speed_pps,0.0
1781701474223871320,/dynamic_straight/tuning/cbf_qp_h,-1.8024270439857535
1781701474223875608,/dynamic_straight/tuning/cbf_qp_h_dot,0.0
1781701474223885977,/dynamic_straight/tuning/cbf_qp_h_ddot,-0.1408273491176074
1781701474223919421,/dynamic_straight/tuning/cbf_qp_rhs,36.04854087971507
1781701474267126978,/dynamic_straight/tuning/marker_seen,1.0
1781701474267169860,/dynamic_straight/tuning/marker_x_px,777.0
1781701474267173256,/dynamic_straight/tuning/heading_error_rad,-3.108271657711546
1781701474267177143,/dynamic_straight/tuning/lateral_error_px,-8.465116500854492
1781701474267180079,/dynamic_straight/tuning/roll_pwm,1546.0
1781701474267183906,/dynamic_straight/tuning/marker_y_px,591.75
1781701474267190799,/dynamic_straight/tuning/throttle_pwm,1500.0
1781701474267193524,/dynamic_straight/tuning/raw_track_speed_pps,0.0
1781701474267202922,/dynamic_straight/tuning/track_speed_pps,-2.5591360253592825e-06
1781701474267224122,/dynamic_straight/tuning/target_speed_pps,0.0
1781701474267288093,/dynamic_straight/tuning/cbf_qp_h,-1.8024270439857535
1781701474267296469,/dynamic_straight/tuning/cbf_qp_h_dot,0.0
1781701474267313741,/dynamic_straight/tuning/cbf_qp_h_ddot,-0.1408273491176074
1781701474267338979,/dynamic_straight/tuning/cbf_qp_rhs,36.04854087971507
1781701474315506718,/dynamic_straight/tuning/marker_seen,1.0
1781701474315546853,/dynamic_straight/tuning/marker_x_px,777.0
1781701474315551853,/dynamic_straight/tuning/heading_error_rad,-3.108271657711546
1781701474315555450,/dynamic_straight/tuning/lateral_error_px,-8.465116500854492
1781701474315558535,/dynamic_straight/tuning/roll_pwm,1546.0
1781701474315560960,/dynamic_straight/tuning/marker_y_px,591.75
1781701474315568404,/dynamic_straight/tuning/throttle_pwm,1500.0
1781701474315574956,/dynamic_straight/tuning/raw_track_speed_pps,0.0
1781701474315585536,/dynamic_straight/tuning/track_speed_pps,-1.6634384164835337e-06
1781701474315605354,/dynamic_straight/tuning/target_speed_pps,0.0
1781701474315665858,/dynamic_straight/tuning/cbf_qp_h,-1.8024270439857535
1781701474315673022,/dynamic_straight/tuning/cbf_qp_h_dot,0.0
1781701474315694793,/dynamic_straight/tuning/cbf_qp_h_ddot,-0.1408273491176074
1781701474315719459,/dynamic_straight/tuning/cbf_qp_rhs,36.04854087971507
1781701474361082750,/dynamic_straight/tuning/marker_seen,1.0
1781701474361116303,/dynamic_straight/tuning/marker_x_px,777.0
1781701474361120071,/dynamic_straight/tuning/heading_error_rad,-3.108271657711546
1781701474361123557,/dynamic_straight/tuning/lateral_error_px,-8.465116500854492
1781701474361125711,/dynamic_straight/tuning/marker_y_px,591.75
1781701474361131873,/dynamic_straight/tuning/roll_pwm,1546.0
1781701474361153694,/dynamic_straight/tuning/throttle_pwm,1500.0
1781701474361162110,/dynamic_straight/tuning/raw_track_speed_pps,0.0
1781701474361178872,/dynamic_straight/tuning/track_speed_pps,-1.0812349707142969e-06
1781701474361187067,/dynamic_straight/tuning/target_speed_pps,0.0
1781701474361246319,/dynamic_straight/tuning/cbf_qp_h,-1.8024270439857535
1781701474361259945,/dynamic_straight/tuning/cbf_qp_h_dot,0.0
1781701474361273560,/dynamic_straight/tuning/cbf_qp_h_ddot,-0.1408273491176074
1781701474361301103,/dynamic_straight/tuning/cbf_qp_rhs,36.04854087971507
1781701474393168847,/dynamic_straight/tuning/marker_seen,1.0
1781701474393212640,/dynamic_straight/tuning/marker_x_px,777.0
1781701474393217860,/dynamic_straight/tuning/heading_error_rad,-3.108271657711546
1781701474393222208,/dynamic_straight/tuning/lateral_error_px,-8.465116500854492
1781701474393226206,/dynamic_straight/tuning/roll_pwm,1546.0
1781701474393229001,/dynamic_straight/tuning/marker_y_px,591.75
1781701474393236194,/dynamic_straight/tuning/throttle_pwm,1500.0
1781701474393243679,/dynamic_straight/tuning/raw_track_speed_pps,0.0
1781701474393275308,/dynamic_straight/tuning/track_speed_pps,-7.02802730964293e-07
1781701474393282322,/dynamic_straight/tuning/target_speed_pps,0.0
1781701474393341764,/dynamic_straight/tuning/cbf_qp_h,-1.8024270439857535
1781701474393348026,/dynamic_straight/tuning/cbf_qp_h_dot,0.0
1781701474393370689,/dynamic_straight/tuning/cbf_qp_h_ddot,-0.1408273491176074
1781701474393413369,/dynamic_straight/tuning/cbf_qp_rhs,36.04854087971507
1781701474433378812,/dynamic_straight/tuning/marker_seen,1.0
1781701474433422044,/dynamic_straight/tuning/marker_x_px,777.0
1781701474433426933,/dynamic_straight/tuning/heading_error_rad,-3.108271657711546
1781701474433431542,/dynamic_straight/tuning/lateral_error_px,-8.465116500854492
1781701474433435389,/dynamic_straight/tuning/roll_pwm,1546.0
1781701474433437924,/dynamic_straight/tuning/marker_y_px,591.75
1781701474433444987,/dynamic_straight/tuning/throttle_pwm,1500.0
1781701474433451459,/dynamic_straight/tuning/raw_track_speed_pps,0.0
1781701474433470245,/dynamic_straight/tuning/track_speed_pps,-4.5682177512679047e-07
1781701474433480203,/dynamic_straight/tuning/target_speed_pps,0.0
1781701474433545116,/dynamic_straight/tuning/cbf_qp_h,-1.8024270439857535
1781701474433552390,/dynamic_straight/tuning/cbf_qp_h_dot,0.0
1781701474433574632,/dynamic_straight/tuning/cbf_qp_h_ddot,-0.1408273491176074
1781701474433611391,/dynamic_straight/tuning/cbf_qp_rhs,36.04854087971507
1781701474481278915,/dynamic_straight/tuning/marker_seen,1.0
1781701474481323219,/dynamic_straight/tuning/marker_x_px,777.0
1781701474481327336,/dynamic_straight/tuning/heading_error_rad,-3.108271657711546
1781701474481331364,/dynamic_straight/tuning/lateral_error_px,-8.465116500854492
1781701474481333458,/dynamic_straight/tuning/marker_y_px,591.75
1781701474481358946,/dynamic_straight/tuning/roll_pwm,1546.0
1781701474481392179,/dynamic_straight/tuning/throttle_pwm,1500.0
1781701474481415052,/dynamic_straight/tuning/raw_track_speed_pps,0.0
1781701474481439979,/dynamic_straight/tuning/track_speed_pps,-2.969341538324138e-07
1781701474481464576,/dynamic_straight/tuning/target_speed_pps,0.0
1781701474481537083,/dynamic_straight/tuning/cbf_qp_h,-1.8024270439857535
1781701474481557100,/dynamic_straight/tuning/cbf_qp_h_dot,0.0
1781701474481580384,/dynamic_straight/tuning/cbf_qp_h_ddot,-0.1408273491176074
1781701474481618316,/dynamic_straight/tuning/cbf_qp_rhs,36.04854087971507
1781701474513865878,/dynamic_straight/tuning/marker_seen,1.0
1781701474513911755,/dynamic_straight/tuning/marker_x_px,777.0
1781701474513915492,/dynamic_straight/tuning/heading_error_rad,-3.108271657711546
1781701474513919500,/dynamic_straight/tuning/lateral_error_px,-8.465116500854492
1781701474513923688,/dynamic_straight/tuning/marker_y_px,591.75
1781701474513930771,/dynamic_straight/tuning/roll_pwm,1546.0
1781701474513968382,/dynamic_straight/tuning/throttle_pwm,1500.0
1781701474513996836,/dynamic_straight/tuning/raw_track_speed_pps,0.0
1781701474514029037,/dynamic_straight/tuning/track_speed_pps,-1.93007199991069e-07
1781701474514055166,/dynamic_straight/tuning/target_speed_pps,0.0
1781701474514151087,/dynamic_straight/tuning/cbf_qp_h,-1.8024270439857535
1781701474514172077,/dynamic_straight/tuning/cbf_qp_h_dot,0.0
1781701474514199649,/dynamic_straight/tuning/cbf_qp_h_ddot,-0.1408273491176074
1781701474514241037,/dynamic_straight/tuning/cbf_qp_rhs,36.04854087971507
1781701474607255941,/dynamic_straight/tuning/marker_seen,1.0
1781701474607346422,/dynamic_straight/tuning/throttle_pwm,1500.0
1781701474607355840,/dynamic_straight/tuning/marker_x_px,777.0
1781701474607360669,/dynamic_straight/tuning/heading_error_rad,-3.108271657711546
1781701474607367171,/dynamic_straight/tuning/lateral_error_px,-8.465116500854492
1781701474607372451,/dynamic_straight/tuning/roll_pwm,1546.0
1781701474607377621,/dynamic_straight/tuning/marker_y_px,591.75
1781701474607390986,/dynamic_straight/tuning/track_speed_pps,-1.2545467999419484e-07
1781701474607397969,/dynamic_straight/tuning/raw_track_speed_pps,0.0
1781701474607417326,/dynamic_straight/tuning/target_speed_pps,0.0
1781701474607530871,/dynamic_straight/tuning/cbf_qp_h,-1.8024270439857535
1781701474607545218,/dynamic_straight/tuning/cbf_qp_h_dot,0.0
1781701474607585163,/dynamic_straight/tuning/cbf_qp_h_ddot,-0.1408273491176074
1781701474607629286,/dynamic_straight/tuning/cbf_qp_rhs,36.04854087971507
1781701474654579254,/dynamic_straight/tuning/marker_seen,1.0
1781701474654623097,/dynamic_straight/tuning/marker_x_px,777.0
1781701474654627606,/dynamic_straight/tuning/heading_error_rad,-3.108271657711546
1781701474654631413,/dynamic_straight/tuning/lateral_error_px,-8.465116500854492
1781701474654634238,/dynamic_straight/tuning/roll_pwm,1546.0
1781701474654636352,/dynamic_straight/tuning/marker_y_px,591.75
1781701474654644287,/dynamic_straight/tuning/throttle_pwm,1500.0
1781701474654651160,/dynamic_straight/tuning/raw_track_speed_pps,0.0
1781701474654669214,/dynamic_straight/tuning/track_speed_pps,-8.154554199622665e-08
1781701474654679544,/dynamic_straight/tuning/target_speed_pps,0.0
1781701474654761899,/dynamic_straight/tuning/cbf_qp_h,-1.8024270439857535
1781701474654769644,/dynamic_straight/tuning/cbf_qp_h_dot,0.0
1781701474654778862,/dynamic_straight/tuning/cbf_qp_h_ddot,-0.1408273491176074
1781701474654812886,/dynamic_straight/tuning/cbf_qp_rhs,36.04854087971507
1781701474695380917,/dynamic_straight/tuning/marker_seen,1.0
1781701474695425722,/dynamic_straight/tuning/marker_x_px,777.0
1781701474695430300,/dynamic_straight/tuning/heading_error_rad,-3.108271657711546
1781701474695433657,/dynamic_straight/tuning/lateral_error_px,-8.465116500854492
1781701474695437845,/dynamic_straight/tuning/roll_pwm,1546.0
1781701474695440109,/dynamic_straight/tuning/marker_y_px,591.75
1781701474695447483,/dynamic_straight/tuning/throttle_pwm,1500.0
1781701474695449938,/dynamic_straight/tuning/raw_track_speed_pps,0.0
1781701474695474624,/dynamic_straight/tuning/track_speed_pps,-5.3004602297547325e-08
1781701474695481758,/dynamic_straight/tuning/target_speed_pps,0.0
1781701474695541030,/dynamic_straight/tuning/cbf_qp_h,-1.8024270439857535
1781701474695547692,/dynamic_straight/tuning/cbf_qp_h_dot,0.0
1781701474695562250,/dynamic_straight/tuning/cbf_qp_h_ddot,-0.1408273491176074
1781701474695591174,/dynamic_straight/tuning/cbf_qp_rhs,36.04854087971507
1781701474775592874,/dynamic_straight/tuning/marker_seen,1.0
1781701474775644251,/dynamic_straight/tuning/marker_x_px,777.0
1781701474775649521,/dynamic_straight/tuning/heading_error_rad,-3.108271657711546
1781701474775654921,/dynamic_straight/tuning/lateral_error_px,-8.465116500854492
1781701474775657536,/dynamic_straight/tuning/marker_y_px,591.75
1781701474775665090,/dynamic_straight/tuning/roll_pwm,1546.0
1781701474775675891,/dynamic_straight/tuning/throttle_pwm,1500.0
1781701474775711568,/dynamic_straight/tuning/raw_track_speed_pps,0.0
1781701474775738629,/dynamic_straight/tuning/track_speed_pps,-3.445299149340576e-08
1781701474775777763,/dynamic_straight/tuning/target_speed_pps,0.0
1781701474775867453,/dynamic_straight/tuning/cbf_qp_h,-1.8024270439857535
1781701474775878584,/dynamic_straight/tuning/cbf_qp_h_dot,0.0
1781701474775905184,/dynamic_straight/tuning/cbf_qp_h_ddot,-0.1408273491176074
1781701474775943767,/dynamic_straight/tuning/cbf_qp_rhs,36.04854087971507
1781701474823979105,/dynamic_straight/tuning/marker_seen,1.0
1781701474824050019,/dynamic_straight/tuning/throttle_pwm,1500.0
1781701474824058375,/dynamic_straight/tuning/marker_x_px,777.0
1781701474824062763,/dynamic_straight/tuning/heading_error_rad,-3.108271657711546
1781701474824067492,/dynamic_straight/tuning/raw_track_speed_pps,0.0
1781701474824071540,/dynamic_straight/tuning/lateral_error_px,-8.465116500854492
1781701474824076389,/dynamic_straight/tuning/roll_pwm,1546.0
1781701474824079124,/dynamic_straight/tuning/marker_y_px,591.75
1781701474824086789,/dynamic_straight/tuning/track_speed_pps,-2.2394444470713746e-08
1781701474824089093,/dynamic_straight/tuning/target_speed_pps,0.0
1781701474824139799,/dynamic_straight/tuning/cbf_qp_h,-1.8024270439857535
1781701474824149948,/dynamic_straight/tuning/cbf_qp_h_dot,0.0
1781701474824171118,/dynamic_straight/tuning/cbf_qp_h_ddot,-0.1408273491176074
1781701474824200283,/dynamic_straight/tuning/cbf_qp_rhs,36.04854087971507
1781701474852713300,/dynamic_straight/tuning/marker_seen,1.0
1781701474852773233,/dynamic_straight/tuning/throttle_pwm,1500.0
1781701474852779826,/dynamic_straight/tuning/marker_x_px,777.0
1781701474852785025,/dynamic_straight/tuning/heading_error_rad,-3.108271657711546
1781701474852790806,/dynamic_straight/tuning/lateral_error_px,-8.465116500854492
1781701474852794794,/dynamic_straight/tuning/roll_pwm,1546.0
1781701474852799042,/dynamic_straight/tuning/marker_y_px,591.75
1781701474852811015,/dynamic_straight/tuning/raw_track_speed_pps,0.0
1781701474852821695,/dynamic_straight/tuning/track_speed_pps,-1.4556388905963935e-08
1781701474852825692,/dynamic_straight/tuning/target_speed_pps,0.0
1781701474852897839,/dynamic_straight/tuning/cbf_qp_h,-1.8024270439857535
1781701474852909731,/dynamic_straight/tuning/cbf_qp_h_dot,0.0
1781701474852918618,/dynamic_straight/tuning/cbf_qp_h_ddot,-0.1408273491176074
1781701474852947332,/dynamic_straight/tuning/cbf_qp_rhs,36.04854087971507
1781701474900695759,/dynamic_straight/tuning/marker_seen,1.0
1781701474900775349,/dynamic_straight/tuning/throttle_pwm,1500.0
1781701474900784316,/dynamic_straight/tuning/marker_x_px,777.0
1781701474900786811,/dynamic_straight/tuning/heading_error_rad,-3.108271657711546
1781701474900791139,/dynamic_straight/tuning/raw_track_speed_pps,0.0
1781701474900794665,/dynamic_straight/tuning/lateral_error_px,-8.465116500854492
1781701474900797952,/dynamic_straight/tuning/roll_pwm,1546.0
1781701474900799925,/dynamic_straight/tuning/marker_y_px,591.75
1781701474900806538,/dynamic_straight/tuning/track_speed_pps,-9.461652788876559e-09
1781701474900808832,/dynamic_straight/tuning/target_speed_pps,0.0
1781701474900863465,/dynamic_straight/tuning/cbf_qp_h,-1.8024270439857535
1781701474900871511,/dynamic_straight/tuning/cbf_qp_h_dot,0.0
1781701474900894103,/dynamic_straight/tuning/cbf_qp_h_ddot,-0.1408273491176074
1781701474900931624,/dynamic_straight/tuning/cbf_qp_rhs,36.04854087971507
1781701474943908216,/dynamic_straight/tuning/marker_seen,1.0
1781701474943954483,/dynamic_straight/tuning/marker_x_px,777.0
1781701474943959673,/dynamic_straight/tuning/heading_error_rad,-3.108271657711546
1781701474943963711,/dynamic_straight/tuning/lateral_error_px,-8.465116500854492
1781701474943966045,/dynamic_straight/tuning/roll_pwm,1546.0
1781701474943968059,/dynamic_straight/tuning/marker_y_px,591.75
1781701474943976054,/dynamic_straight/tuning/throttle_pwm,1500.0
1781701474943982506,/dynamic_straight/tuning/raw_track_speed_pps,0.0
1781701474943990942,/dynamic_straight/tuning/track_speed_pps,-6.150074312769764e-09
1781701474944012483,/dynamic_straight/tuning/target_speed_pps,0.0
1781701474944072326,/dynamic_straight/tuning/cbf_qp_h,-1.8024270439857535
1781701474944080181,/dynamic_straight/tuning/cbf_qp_h_dot,0.0
1781701474944106120,/dynamic_straight/tuning/cbf_qp_h_ddot,-0.1408273491176074
1781701474944129774,/dynamic_straight/tuning/cbf_qp_rhs,36.04854087971507
1781701474991200300,/dynamic_straight/tuning/marker_seen,1.0
1781701474991238913,/dynamic_straight/tuning/marker_x_px,777.0
1781701474991243221,/dynamic_straight/tuning/heading_error_rad,-3.108271657711546
1781701474991246838,/dynamic_straight/tuning/lateral_error_px,-8.465116500854492
1781701474991250405,/dynamic_straight/tuning/roll_pwm,1546.0
1781701474991252719,/dynamic_straight/tuning/marker_y_px,591.75
1781701474991260353,/dynamic_straight/tuning/throttle_pwm,1500.0
1781701474991270423,/dynamic_straight/tuning/raw_track_speed_pps,0.0
1781701474991287865,/dynamic_straight/tuning/track_speed_pps,-3.997548303300347e-09
1781701474991297033,/dynamic_straight/tuning/target_speed_pps,0.0
1781701474991357046,/dynamic_straight/tuning/cbf_qp_h,-1.8024270439857535
1781701474991367165,/dynamic_straight/tuning/cbf_qp_h_dot,0.0
1781701474991376403,/dynamic_straight/tuning/cbf_qp_h_ddot,-0.1408273491176074
1781701474991422350,/dynamic_straight/tuning/cbf_qp_rhs,36.04854087971507
1781701475032180801,/dynamic_straight/tuning/marker_seen,1.0
1781701475032274698,/dynamic_straight/tuning/throttle_pwm,1500.0
1781701475032282693,/dynamic_straight/tuning/marker_x_px,777.0
1781701475032287402,/dynamic_straight/tuning/heading_error_rad,-3.108271657711546
1781701475032294095,/dynamic_straight/tuning/lateral_error_px,-8.465116500854492
1781701475032297802,/dynamic_straight/tuning/roll_pwm,1546.0
1781701475032301068,/dynamic_straight/tuning/marker_y_px,591.75
1781701475032311237,/dynamic_straight/tuning/track_speed_pps,-2.5984063971452256e-09
1781701475032315074,/dynamic_straight/tuning/raw_track_speed_pps,0.0
1781701475032318271,/dynamic_straight/tuning/target_speed_pps,0.0
1781701475032383995,/dynamic_straight/tuning/cbf_qp_h,-1.8024270439857535
1781701475032395376,/dynamic_straight/tuning/cbf_qp_h_dot,0.0
1781701475032405435,/dynamic_straight/tuning/cbf_qp_h_ddot,-0.1408273491176074
1781701475032473905,/dynamic_straight/tuning/cbf_qp_rhs,36.04854087971507
1781701475073029953,/dynamic_straight/tuning/marker_seen,1.0
1781701475073071742,/dynamic_straight/tuning/marker_x_px,777.0
1781701475073076201,/dynamic_straight/tuning/heading_error_rad,-3.108271657711546
1781701475073079737,/dynamic_straight/tuning/lateral_error_px,-8.465116500854492
1781701475073083094,/dynamic_straight/tuning/roll_pwm,1546.0
1781701475073085869,/dynamic_straight/tuning/marker_y_px,591.75
1781701475073094085,/dynamic_straight/tuning/throttle_pwm,1500.0
1781701475073097491,/dynamic_straight/tuning/raw_track_speed_pps,0.0
1781701475073109965,/dynamic_straight/tuning/track_speed_pps,-1.6889641581443967e-09
1781701475073129381,/dynamic_straight/tuning/target_speed_pps,0.0
1781701475073198692,/dynamic_straight/tuning/cbf_qp_h,-1.8024270439857535
1781701475073210324,/dynamic_straight/tuning/cbf_qp_h_dot,0.0
1781701475073220443,/dynamic_straight/tuning/cbf_qp_h_ddot,-0.1408273491176074
1781701475073249889,/dynamic_straight/tuning/cbf_qp_rhs,36.04854087971507
1781701475121125776,/dynamic_straight/tuning/marker_seen,1.0
1781701475121162085,/dynamic_straight/tuning/marker_x_px,777.0
1781701475121167395,/dynamic_straight/tuning/heading_error_rad,-3.108271657711546
1781701475121171292,/dynamic_straight/tuning/lateral_error_px,-8.465116500854492
1781701475121174428,/dynamic_straight/tuning/roll_pwm,1546.0
1781701475121176853,/dynamic_straight/tuning/marker_y_px,591.75
1781701475121184277,/dynamic_straight/tuning/throttle_pwm,1500.0
1781701475121190799,/dynamic_straight/tuning/raw_track_speed_pps,0.0
1781701475121209765,/dynamic_straight/tuning/track_speed_pps,-1.0978267027938578e-09
1781701475121216678,/dynamic_straight/tuning/target_speed_pps,0.0
1781701475121282833,/dynamic_straight/tuning/cbf_qp_h,-1.8024270439857535
1781701475121298402,/dynamic_straight/tuning/cbf_qp_h_dot,0.0
1781701475121320845,/dynamic_straight/tuning/cbf_qp_h_ddot,-0.1408273491176074
1781701475121356242,/dynamic_straight/tuning/cbf_qp_rhs,36.04854087971507
1781701475171660848,/dynamic_straight/tuning/marker_seen,1.0
1781701475171713096,/dynamic_straight/tuning/throttle_pwm,1500.0
1781701475171718867,/dynamic_straight/tuning/marker_x_px,777.0
1781701475171721893,/dynamic_straight/tuning/heading_error_rad,-3.108271657711546
1781701475171726311,/dynamic_straight/tuning/lateral_error_px,-8.465116500854492
1781701475171730118,/dynamic_straight/tuning/roll_pwm,1546.0
1781701475171733896,/dynamic_straight/tuning/marker_y_px,591.75
1781701475171741570,/dynamic_straight/tuning/track_speed_pps,-7.135873568160076e-10
1781701475171745257,/dynamic_straight/tuning/raw_track_speed_pps,0.0
1781701475171747772,/dynamic_straight/tuning/target_speed_pps,0.0
1781701475171815650,/dynamic_straight/tuning/cbf_qp_h,-1.8024270439857535
1781701475171822874,/dynamic_straight/tuning/cbf_qp_h_dot,0.0
1781701475171837732,/dynamic_straight/tuning/cbf_qp_h_ddot,-0.1408273491176074
1781701475171863631,/dynamic_straight/tuning/cbf_qp_rhs,36.04854087971507
1781701475209980081,/dynamic_straight/tuning/marker_seen,1.0
1781701475210015307,/dynamic_straight/tuning/marker_x_px,777.0
1781701475210018543,/dynamic_straight/tuning/heading_error_rad,-3.108271657711546
1781701475210021800,/dynamic_straight/tuning/lateral_error_px,-8.465116500854492
1781701475210024475,/dynamic_straight/tuning/marker_y_px,591.75
1781701475210032289,/dynamic_straight/tuning/roll_pwm,1546.0
1781701475210038852,/dynamic_straight/tuning/throttle_pwm,1500.0
1781701475210049412,/dynamic_straight/tuning/raw_track_speed_pps,0.0
1781701475210066324,/dynamic_straight/tuning/track_speed_pps,-4.63831781930405e-10
1781701475210104897,/dynamic_straight/tuning/target_speed_pps,0.0
1781701475210144541,/dynamic_straight/tuning/cbf_qp_h,-1.8024270439857535
1781701475210150443,/dynamic_straight/tuning/cbf_qp_h_dot,0.0
1781701475210170751,/dynamic_straight/tuning/cbf_qp_h_ddot,-0.1408273491176074
1781701475210196830,/dynamic_straight/tuning/cbf_qp_rhs,36.04854087971507
1781701475246327148,/dynamic_straight/tuning/marker_seen,1.0
1781701475246372684,/dynamic_straight/tuning/marker_x_px,777.0
1781701475246375850,/dynamic_straight/tuning/heading_error_rad,-3.108271657711546
1781701475246379457,/dynamic_straight/tuning/lateral_error_px,-8.465116500854492
1781701475246382893,/dynamic_straight/tuning/roll_pwm,1546.0
1781701475246385839,/dynamic_straight/tuning/marker_y_px,591.75
1781701475246393714,/dynamic_straight/tuning/throttle_pwm,1500.0
1781701475246422568,/dynamic_straight/tuning/raw_track_speed_pps,0.0
1781701475246445592,/dynamic_straight/tuning/track_speed_pps,-3.0149065825476327e-10
1781701475246468274,/dynamic_straight/tuning/target_speed_pps,0.0
1781701475246573473,/dynamic_straight/tuning/cbf_qp_h,-1.8024270439857535
1781701475246591838,/dynamic_straight/tuning/cbf_qp_h_dot,0.0
1781701475246625001,/dynamic_straight/tuning/cbf_qp_h_ddot,-0.1408273491176074
1781701475246680636,/dynamic_straight/tuning/cbf_qp_rhs,36.04854087971507
1781701475291886709,/dynamic_straight/tuning/marker_seen,1.0
1781701475291940691,/dynamic_straight/tuning/marker_x_px,777.0
1781701475291949618,/dynamic_straight/tuning/heading_error_rad,-3.108271657711546
1781701475291954568,/dynamic_straight/tuning/lateral_error_px,-8.465116500854492
1781701475291959878,/dynamic_straight/tuning/roll_pwm,1546.0
1781701475291964506,/dynamic_straight/tuning/marker_y_px,591.75
1781701475291977932,/dynamic_straight/tuning/throttle_pwm,1500.0
1781701475291982671,/dynamic_straight/tuning/raw_track_speed_pps,0.0
1781701475291994904,/dynamic_straight/tuning/track_speed_pps,-1.9596892786559612e-10
1781701475292002618,/dynamic_straight/tuning/target_speed_pps,0.0
1781701475292060908,/dynamic_straight/tuning/cbf_qp_h,-1.8024270439857535
1781701475292072581,/dynamic_straight/tuning/cbf_qp_h_dot,0.0
1781701475292089773,/dynamic_straight/tuning/cbf_qp_h_ddot,-0.1408273491176074
1781701475292120782,/dynamic_straight/tuning/cbf_qp_rhs,36.04854087971507
1781701475370313534,/dynamic_straight/tuning/marker_seen,1.0
1781701475370363629,/dynamic_straight/tuning/throttle_pwm,1500.0
1781701475370370131,/dynamic_straight/tuning/marker_x_px,777.0
1781701475370374229,/dynamic_straight/tuning/heading_error_rad,-3.108271657711546
1781701475370380551,/dynamic_straight/tuning/lateral_error_px,-8.465116500854492
1781701475370385229,/dynamic_straight/tuning/roll_pwm,1546.0
1781701475370391101,/dynamic_straight/tuning/marker_y_px,591.75
1781701475370403294,/dynamic_straight/tuning/track_speed_pps,-1.273798031126375e-10
1781701475370408013,/dynamic_straight/tuning/raw_track_speed_pps,0.0
1781701475370414705,/dynamic_straight/tuning/target_speed_pps,0.0
1781701475370474147,/dynamic_straight/tuning/cbf_qp_h,-1.8024270439857535
1781701475370484487,/dynamic_straight/tuning/cbf_qp_h_dot,0.0
1781701475370502431,/dynamic_straight/tuning/cbf_qp_h_ddot,-0.1408273491176074
1781701475370545653,/dynamic_straight/tuning/cbf_qp_rhs,36.04854087971507
1781701475422040938,/dynamic_straight/tuning/marker_seen,1.0
1781701475422092014,/dynamic_straight/tuning/throttle_pwm,1500.0
1781701475422099909,/dynamic_straight/tuning/marker_x_px,777.0
1781701475422104268,/dynamic_straight/tuning/heading_error_rad,-3.108271657711546
1781701475422110840,/dynamic_straight/tuning/lateral_error_px,-8.465116500854492
1781701475422115218,/dynamic_straight/tuning/roll_pwm,1546.0
1781701475422120077,/dynamic_straight/tuning/marker_y_px,591.75
1781701475422131429,/dynamic_straight/tuning/track_speed_pps,-8.279687202321438e-11
1781701475422133843,/dynamic_straight/tuning/raw_track_speed_pps,0.0
1781701475422136248,/dynamic_straight/tuning/target_speed_pps,0.0
1781701475422189799,/dynamic_straight/tuning/cbf_qp_h,-1.8024270439857535
1781701475422199387,/dynamic_straight/tuning/cbf_qp_h_dot,0.0
1781701475422213083,/dynamic_straight/tuning/cbf_qp_h_ddot,-0.1408273491176074
1781701475422242238,/dynamic_straight/tuning/cbf_qp_rhs,36.04854087971507
1781701475473495296,/dynamic_straight/tuning/marker_seen,1.0
1781701475473577902,/dynamic_straight/tuning/throttle_pwm,1500.0
1781701475473584524,/dynamic_straight/tuning/track_speed_pps,-5.381796681508935e-11
1781701475473589514,/dynamic_straight/tuning/marker_x_px,777.0
1781701475473592520,/dynamic_straight/tuning/heading_error_rad,-3.108271657711546
1781701475473595676,/dynamic_straight/tuning/raw_track_speed_pps,0.0
1781701475473600194,/dynamic_straight/tuning/lateral_error_px,-8.465116500854492
1781701475473604192,/dynamic_straight/tuning/roll_pwm,1546.0
1781701475473607388,/dynamic_straight/tuning/marker_y_px,591.75
1781701475473615002,/dynamic_straight/tuning/target_speed_pps,0.0
1781701475473659386,/dynamic_straight/tuning/cbf_qp_h,-1.8024270439857535
1781701475473671429,/dynamic_straight/tuning/cbf_qp_h_dot,0.0
1781701475473688932,/dynamic_straight/tuning/cbf_qp_h_ddot,-0.1408273491176074
1781701475473721303,/dynamic_straight/tuning/cbf_qp_rhs,36.04854087971507
1781701475505897130,/dynamic_straight/tuning/marker_x_px,777.0
1781701475505926135,/dynamic_straight/tuning/marker_seen,1.0
1781701475505960299,/dynamic_straight/tuning/heading_error_rad,-3.108271657711546
1781701475505966431,/dynamic_straight/tuning/lateral_error_px,-8.465116500854492
1781701475505971520,/dynamic_straight/tuning/roll_pwm,1546.0
1781701475505976490,/dynamic_straight/tuning/marker_y_px,591.75
1781701475505987911,/dynamic_straight/tuning/throttle_pwm,1500.0
1781701475506024170,/dynamic_straight/tuning/raw_track_speed_pps,0.0
1781701475506052784,/dynamic_straight/tuning/track_speed_pps,-3.498167842980808e-11
1781701475506116354,/dynamic_straight/tuning/target_speed_pps,0.0
1781701475506198529,/dynamic_straight/tuning/cbf_qp_h,-1.8024270439857535
1781701475506218637,/dynamic_straight/tuning/cbf_qp_h_dot,0.0
1781701475506232994,/dynamic_straight/tuning/cbf_qp_h_ddot,-0.1408273491176074
1781701475506265055,/dynamic_straight/tuning/cbf_qp_rhs,36.04854087971507
1781701475552943721,/dynamic_straight/tuning/marker_seen,1.0
1781701475552990289,/dynamic_straight/tuning/marker_x_px,777.0
1781701475552995508,/dynamic_straight/tuning/heading_error_rad,-3.108271657711546
1781701475553001620,/dynamic_straight/tuning/lateral_error_px,-8.465116500854492
1781701475553006790,/dynamic_straight/tuning/roll_pwm,1546.0
1781701475553010547,/dynamic_straight/tuning/marker_y_px,591.75
1781701475553022600,/dynamic_straight/tuning/throttle_pwm,1500.0
1781701475553027839,/dynamic_straight/tuning/track_speed_pps,-2.273809097937525e-11
1781701475553031817,/dynamic_straight/tuning/raw_track_speed_pps,0.0
1781701475553040033,/dynamic_straight/tuning/target_speed_pps,0.0
1781701475553095998,/dynamic_straight/tuning/cbf_qp_h,-1.8024270439857535
1781701475553106288,/dynamic_straight/tuning/cbf_qp_h_dot,0.0
1781701475553128840,/dynamic_straight/tuning/cbf_qp_h_ddot,-0.1408273491176074
1781701475553163335,/dynamic_straight/tuning/cbf_qp_rhs,36.04854087971507
1781701475585961819,/dynamic_straight/tuning/marker_seen,1.0
1781701475586009699,/dynamic_straight/tuning/marker_x_px,777.0
1781701475586016201,/dynamic_straight/tuning/heading_error_rad,-3.108271657711546
1781701475586021191,/dynamic_straight/tuning/lateral_error_px,-8.465116500854492
1781701475586024988,/dynamic_straight/tuning/roll_pwm,1546.0
1781701475586027533,/dynamic_straight/tuning/marker_y_px,591.75
1781701475586035879,/dynamic_straight/tuning/throttle_pwm,1500.0
1781701475586049725,/dynamic_straight/tuning/raw_track_speed_pps,0.0
1781701475586063761,/dynamic_straight/tuning/track_speed_pps,-1.4779759136593914e-11
1781701475586084480,/dynamic_straight/tuning/target_speed_pps,0.0
1781701475586148762,/dynamic_straight/tuning/cbf_qp_h,-1.8024270439857535
1781701475586169551,/dynamic_straight/tuning/cbf_qp_h_dot,0.0
1781701475586194528,/dynamic_straight/tuning/cbf_qp_h_ddot,-0.1408273491176074
1781701475586237720,/dynamic_straight/tuning/cbf_qp_rhs,36.04854087971507
1781701475642946344,/dynamic_straight/tuning/marker_seen,1.0
1781701475643015846,/dynamic_straight/tuning/throttle_pwm,1500.0
1781701475643025835,/dynamic_straight/tuning/marker_x_px,777.0
1781701475643031245,/dynamic_straight/tuning/heading_error_rad,-3.108271657711546
1781701475643037517,/dynamic_straight/tuning/raw_track_speed_pps,0.0
1781701475643041264,/dynamic_straight/tuning/lateral_error_px,-8.465116500854492
1781701475643046453,/dynamic_straight/tuning/roll_pwm,1546.0
1781701475643049529,/dynamic_straight/tuning/marker_y_px,591.75
1781701475643059127,/dynamic_straight/tuning/track_speed_pps,-9.606843438786045e-12
1781701475643061853,/dynamic_straight/tuning/target_speed_pps,0.0
1781701475643130462,/dynamic_straight/tuning/cbf_qp_h,-1.8024270439857535
1781701475643147955,/dynamic_straight/tuning/cbf_qp_h_dot,0.0
1781701475643152594,/dynamic_straight/tuning/cbf_qp_h_ddot,-0.1408273491176074
1781701475643181759,/dynamic_straight/tuning/cbf_qp_rhs,36.04854087971507
1781701475683674589,/dynamic_straight/tuning/marker_seen,1.0
1781701475683714654,/dynamic_straight/tuning/marker_x_px,777.0
1781701475683718021,/dynamic_straight/tuning/heading_error_rad,-3.108271657711546
1781701475683721126,/dynamic_straight/tuning/lateral_error_px,-8.465116500854492
1781701475683724623,/dynamic_straight/tuning/roll_pwm,1546.0
1781701475683727098,/dynamic_straight/tuning/marker_y_px,591.75
1781701475683733901,/dynamic_straight/tuning/throttle_pwm,1500.0
1781701475683736475,/dynamic_straight/tuning/raw_track_speed_pps,0.0
1781701475683746324,/dynamic_straight/tuning/track_speed_pps,-6.244448235210929e-12
1781701475683768947,/dynamic_straight/tuning/target_speed_pps,0.0
1781701475683827387,/dynamic_straight/tuning/cbf_qp_h,-1.8024270439857535
1781701475683833549,/dynamic_straight/tuning/cbf_qp_h_dot,0.0
1781701475683852445,/dynamic_straight/tuning/cbf_qp_h_ddot,-0.1408273491176074
1781701475683890547,/dynamic_straight/tuning/cbf_qp_rhs,36.04854087971507
1781701475723467165,/dynamic_straight/tuning/marker_seen,1.0
1781701475723503133,/dynamic_straight/tuning/marker_x_px,777.0
1781701475723507381,/dynamic_straight/tuning/heading_error_rad,-3.108271657711546
1781701475723510557,/dynamic_straight/tuning/lateral_error_px,-8.465116500854492
1781701475723513302,/dynamic_straight/tuning/roll_pwm,1546.0
1781701475723515496,/dynamic_straight/tuning/marker_y_px,591.75
1781701475723521618,/dynamic_straight/tuning/throttle_pwm,1500.0
1781701475723539412,/dynamic_straight/tuning/raw_track_speed_pps,0.0
1781701475723552606,/dynamic_straight/tuning/track_speed_pps,-4.058891352887104e-12
1781701475723568006,/dynamic_straight/tuning/target_speed_pps,0.0
1781701475723621897,/dynamic_straight/tuning/cbf_qp_h,-1.8024270439857535
1781701475723640162,/dynamic_straight/tuning/cbf_qp_h_dot,0.0
1781701475723658166,/dynamic_straight/tuning/cbf_qp_h_ddot,-0.1408273491176074
1781701475723696759,/dynamic_straight/tuning/cbf_qp_rhs,36.04854087971507
1781701475769214090,/dynamic_straight/tuning/marker_seen,1.0
1781701475769249297,/dynamic_straight/tuning/marker_x_px,777.0
1781701475769254046,/dynamic_straight/tuning/heading_error_rad,-3.108271657711546
1781701475769257522,/dynamic_straight/tuning/lateral_error_px,-8.465116500854492
1781701475769260017,/dynamic_straight/tuning/marker_y_px,591.75
1781701475769267091,/dynamic_straight/tuning/roll_pwm,1546.0
1781701475769292128,/dynamic_straight/tuning/throttle_pwm,1500.0
1781701475769302618,/dynamic_straight/tuning/raw_track_speed_pps,0.0
1781701475769322285,/dynamic_straight/tuning/track_speed_pps,-2.638279379376618e-12
1781701475769338175,/dynamic_straight/tuning/target_speed_pps,0.0
1781701475769429718,/dynamic_straight/tuning/cbf_qp_h,-1.8024270439857535
1781701475769456398,/dynamic_straight/tuning/cbf_qp_h_dot,0.0
1781701475769487216,/dynamic_straight/tuning/cbf_qp_h_ddot,-0.1408273491176074
1781701475769543463,/dynamic_straight/tuning/cbf_qp_rhs,36.04854087971507
1781701475811239686,/dynamic_straight/tuning/marker_seen,1.0
1781701475811274622,/dynamic_straight/tuning/marker_x_px,777.0
1781701475811278128,/dynamic_straight/tuning/heading_error_rad,-3.108271657711546
1781701475811281635,/dynamic_straight/tuning/lateral_error_px,-8.465116500854492
1781701475811284490,/dynamic_straight/tuning/roll_pwm,1546.0
1781701475811286855,/dynamic_straight/tuning/marker_y_px,591.75
1781701475811294169,/dynamic_straight/tuning/throttle_pwm,1500.0
1781701475811304789,/dynamic_straight/tuning/raw_track_speed_pps,0.0
1781701475811323073,/dynamic_straight/tuning/track_speed_pps,-1.7148815965948017e-12
1781701475811334164,/dynamic_straight/tuning/target_speed_pps,0.0
1781701475811397043,/dynamic_straight/tuning/cbf_qp_h,-1.8024270439857535
1781701475811413835,/dynamic_straight/tuning/cbf_qp_h_dot,0.0
1781701475811438772,/dynamic_straight/tuning/cbf_qp_h_ddot,-0.1408273491176074
1781701475811479168,/dynamic_straight/tuning/cbf_qp_rhs,36.04854087971507
1781701475881144320,/dynamic_straight/tuning/marker_seen,1.0
1781701475881201318,/dynamic_straight/tuning/throttle_pwm,1500.0
1781701475881210275,/dynamic_straight/tuning/marker_x_px,777.0
1781701475881215925,/dynamic_straight/tuning/heading_error_rad,-3.108271657711546
1781701475881222057,/dynamic_straight/tuning/raw_track_speed_pps,0.0
1781701475881226165,/dynamic_straight/tuning/lateral_error_px,-8.465116500854492
1781701475881229561,/dynamic_straight/tuning/roll_pwm,1546.0
1781701475881232637,/dynamic_straight/tuning/marker_y_px,591.75
1781701475881241033,/dynamic_straight/tuning/track_speed_pps,-1.1146730377866212e-12
1781701475881244419,/dynamic_straight/tuning/target_speed_pps,0.0
1781701475881293782,/dynamic_straight/tuning/cbf_qp_h,-1.8024270439857535
1781701475881306987,/dynamic_straight/tuning/cbf_qp_h_dot,0.0
1781701475881317748,/dynamic_straight/tuning/cbf_qp_h_ddot,-0.1408273491176074
1781701475881355509,/dynamic_straight/tuning/cbf_qp_rhs,36.04854087971507
1781701475914641593,/dynamic_straight/tuning/marker_seen,1.0
1781701475914690055,/dynamic_straight/tuning/throttle_pwm,1500.0
1781701475914696226,/dynamic_straight/tuning/marker_x_px,777.0
1781701475914700284,/dynamic_straight/tuning/heading_error_rad,-3.108271657711546
1781701475914705574,/dynamic_straight/tuning/lateral_error_px,-8.465116500854492
1781701475914710313,/dynamic_straight/tuning/roll_pwm,1546.0
1781701475914714962,/dynamic_straight/tuning/marker_y_px,591.75
1781701475914726644,/dynamic_straight/tuning/track_speed_pps,-7.245374745613038e-13
1781701475914729419,/dynamic_straight/tuning/raw_track_speed_pps,0.0
1781701475914736192,/dynamic_straight/tuning/target_speed_pps,0.0
1781701475914809380,/dynamic_straight/tuning/cbf_qp_h,-1.8024270439857535
1781701475914820652,/dynamic_straight/tuning/cbf_qp_h_dot,0.0
1781701475914836642,/dynamic_straight/tuning/cbf_qp_h_ddot,-0.1408273491176074
1781701475914890203,/dynamic_straight/tuning/cbf_qp_rhs,36.04854087971507
1781701475978974191,/dynamic_straight/tuning/marker_seen,1.0
1781701475979023374,/dynamic_straight/tuning/marker_x_px,777.0
1781701475979028594,/dynamic_straight/tuning/heading_error_rad,-3.108271657711546
1781701475979034074,/dynamic_straight/tuning/lateral_error_px,-8.465116500854492
1781701475979041488,/dynamic_straight/tuning/roll_pwm,1546.0
1781701475979045937,/dynamic_straight/tuning/marker_y_px,591.75
1781701475979058009,/dynamic_straight/tuning/throttle_pwm,1500.0
1781701475979061977,/dynamic_straight/tuning/track_speed_pps,-4.709493584648474e-13
1781701475979067517,/dynamic_straight/tuning/raw_track_speed_pps,0.0
1781701475979077486,/dynamic_straight/tuning/target_speed_pps,0.0
1781701475979141888,/dynamic_straight/tuning/cbf_qp_h,-1.8024270439857535
1781701475979151927,/dynamic_straight/tuning/cbf_qp_h_dot,0.0
1781701475979167586,/dynamic_straight/tuning/cbf_qp_h_ddot,-0.1408273491176074
1781701475979211369,/dynamic_straight/tuning/cbf_qp_rhs,36.04854087971507
1781701476027423362,/dynamic_straight/tuning/marker_seen,1.0
1781701476027463428,/dynamic_straight/tuning/marker_x_px,777.0
1781701476027469309,/dynamic_straight/tuning/heading_error_rad,-3.108271657711546
1781701476027473817,/dynamic_straight/tuning/lateral_error_px,-8.465116500854492
1781701476027477424,/dynamic_straight/tuning/marker_y_px,591.75
1781701476027486451,/dynamic_straight/tuning/roll_pwm,1546.0
1781701476027501449,/dynamic_straight/tuning/throttle_pwm,1500.0
1781701476027516768,/dynamic_straight/tuning/raw_track_speed_pps,0.0
1781701476027532077,/dynamic_straight/tuning/track_speed_pps,-3.0611708300215084e-13
1781701476027541926,/dynamic_straight/tuning/target_speed_pps,0.0
1781701476027601248,/dynamic_straight/tuning/cbf_qp_h,-1.8024270439857535
1781701476027624031,/dynamic_straight/tuning/cbf_qp_h_dot,0.0
1781701476027648938,/dynamic_straight/tuning/cbf_qp_h_ddot,-0.1408273491176074
1781701476027693532,/dynamic_straight/tuning/cbf_qp_rhs,36.04854087971507
1781701476065603342,/dynamic_straight/tuning/marker_seen,1.0
1781701476065645051,/dynamic_straight/tuning/marker_x_px,777.0
1781701476065651343,/dynamic_straight/tuning/heading_error_rad,-3.108271657711546
1781701476065656051,/dynamic_straight/tuning/lateral_error_px,-8.465116500854492
1781701476065660530,/dynamic_straight/tuning/roll_pwm,1546.0
1781701476065664127,/dynamic_straight/tuning/marker_y_px,591.75
1781701476065676400,/dynamic_straight/tuning/throttle_pwm,1500.0
1781701476065680538,/dynamic_straight/tuning/raw_track_speed_pps,0.0
1781701476065690487,/dynamic_straight/tuning/track_speed_pps,-1.9897610395139806e-13
1781701476065698562,/dynamic_straight/tuning/target_speed_pps,0.0
1781701476065749708,/dynamic_straight/tuning/cbf_qp_h,-1.8024270439857535
1781701476065770718,/dynamic_straight/tuning/cbf_qp_h_dot,0.0
1781701476065798010,/dynamic_straight/tuning/cbf_qp_h_ddot,-0.1408273491176074
1781701476065806396,/dynamic_straight/tuning/cbf_qp_rhs,36.04854087971507
1781701476145936017,/dynamic_straight/tuning/marker_seen,1.0
1781701476146021749,/dynamic_straight/tuning/throttle_pwm,1500.0
1781701476146030025,/dynamic_straight/tuning/track_speed_pps,-1.2933446756840874e-13
1781701476146034984,/dynamic_straight/tuning/marker_x_px,777.0
1781701476146039032,/dynamic_straight/tuning/heading_error_rad,-3.108271657711546
1781701476146044452,/dynamic_straight/tuning/raw_track_speed_pps,0.0
1781701476146048430,/dynamic_straight/tuning/lateral_error_px,-8.465116500854492
1781701476146052307,/dynamic_straight/tuning/roll_pwm,1546.0
1781701476146055573,/dynamic_straight/tuning/marker_y_px,591.75
1781701476146059371,/dynamic_straight/tuning/target_speed_pps,0.0
1781701476146100839,/dynamic_straight/tuning/cbf_qp_h,-1.8024270439857535
1781701476146118302,/dynamic_straight/tuning/cbf_qp_h_dot,0.0
1781701476146143810,/dynamic_straight/tuning/cbf_qp_h_ddot,-0.1408273491176074
1781701476146180880,/dynamic_straight/tuning/cbf_qp_rhs,36.04854087971507
1781701476268536686,/dynamic_straight/tuning/marker_seen,1.0
1781701476268577273,/dynamic_straight/tuning/marker_x_px,777.0
1781701476268582743,/dynamic_straight/tuning/heading_error_rad,-3.108271657711546
1781701476268587563,/dynamic_straight/tuning/lateral_error_px,-8.465116500854492
1781701476268592011,/dynamic_straight/tuning/roll_pwm,1545.0
1781701476268595698,/dynamic_straight/tuning/marker_y_px,591.75
1781701476268605066,/dynamic_straight/tuning/throttle_pwm,1500.0
1781701476268613201,/dynamic_straight/tuning/raw_track_speed_pps,0.0
1781701476268638298,/dynamic_straight/tuning/track_speed_pps,-8.406740391946568e-14
1781701476268659759,/dynamic_straight/tuning/target_speed_pps,0.0
1781701476268767212,/dynamic_straight/tuning/cbf_qp_h,-1.8024270439857535
1781701476268788031,/dynamic_straight/tuning/cbf_qp_h_dot,0.0
1781701476268811987,/dynamic_straight/tuning/cbf_qp_h_ddot,-0.1408273491176074
1781701476268879033,/dynamic_straight/tuning/cbf_qp_rhs,36.04854087971507
1781701476306978722,/dynamic_straight/tuning/marker_seen,1.0
1781701476307030029,/dynamic_straight/tuning/throttle_pwm,1500.0
1781701476307037984,/dynamic_straight/tuning/marker_x_px,777.0
1781701476307042282,/dynamic_straight/tuning/heading_error_rad,-3.108271657711546
1781701476307046961,/dynamic_straight/tuning/raw_track_speed_pps,0.0
1781701476307051349,/dynamic_straight/tuning/lateral_error_px,-8.465116500854492
1781701476307056999,/dynamic_straight/tuning/roll_pwm,1545.0
1781701476307060706,/dynamic_straight/tuning/marker_y_px,591.75
1781701476307068491,/dynamic_straight/tuning/track_speed_pps,-5.4643812547652695e-14
1781701476307071086,/dynamic_straight/tuning/target_speed_pps,0.0
1781701476307130248,/dynamic_straight/tuning/cbf_qp_h,-1.8024270439857535
1781701476307141459,/dynamic_straight/tuning/cbf_qp_h_dot,0.0
1781701476307146619,/dynamic_straight/tuning/cbf_qp_h_ddot,-0.1408273491176074
1781701476307162409,/dynamic_straight/tuning/cbf_qp_rhs,36.04854087971507
1781701476384214056,/dynamic_straight/tuning/marker_seen,1.0
1781701476384253891,/dynamic_straight/tuning/marker_x_px,777.0
1781701476384257177,/dynamic_straight/tuning/heading_error_rad,-3.108271657711546
1781701476384261265,/dynamic_straight/tuning/lateral_error_px,-8.465116500854492
1781701476384265212,/dynamic_straight/tuning/roll_pwm,1545.0
1781701476384268108,/dynamic_straight/tuning/marker_y_px,591.75
1781701476384275592,/dynamic_straight/tuning/throttle_pwm,1500.0
1781701476384278027,/dynamic_straight/tuning/raw_track_speed_pps,0.0
1781701476384284058,/dynamic_straight/tuning/track_speed_pps,-3.551847815597425e-14
1781701476384303014,/dynamic_straight/tuning/target_speed_pps,0.0
1781701476384356234,/dynamic_straight/tuning/cbf_qp_h,-1.8024270439857535
1781701476384363939,/dynamic_straight/tuning/cbf_qp_h_dot,0.0
1781701476384382243,/dynamic_straight/tuning/cbf_qp_h_ddot,-0.1408273491176074
1781701476384411018,/dynamic_straight/tuning/cbf_qp_rhs,36.04854087971507
1781701476426810419,/dynamic_straight/tuning/marker_seen,1.0
1781701476426863900,/dynamic_straight/tuning/throttle_pwm,1500.0
1781701476426869782,/dynamic_straight/tuning/marker_x_px,777.0
1781701476426873428,/dynamic_straight/tuning/heading_error_rad,-3.108271657711546
1781701476426878147,/dynamic_straight/tuning/raw_track_speed_pps,0.0
1781701476426882586,/dynamic_straight/tuning/lateral_error_px,-8.465116500854492
1781701476426885441,/dynamic_straight/tuning/roll_pwm,1545.0
1781701476426888036,/dynamic_straight/tuning/marker_y_px,591.75
1781701476426896232,/dynamic_straight/tuning/track_speed_pps,-2.3087010801383266e-14
1781701476426903776,/dynamic_straight/tuning/target_speed_pps,0.0
1781701476426996120,/dynamic_straight/tuning/cbf_qp_h,-1.8024270439857535
1781701476427019945,/dynamic_straight/tuning/cbf_qp_h_dot,0.0
1781701476427044341,/dynamic_straight/tuning/cbf_qp_h_ddot,-0.1408273491176074
1781701476427115355,/dynamic_straight/tuning/cbf_qp_rhs,36.04854087971507
1781701476454805428,/dynamic_straight/tuning/marker_seen,1.0
1781701476454864920,/dynamic_straight/tuning/throttle_pwm,1500.0
1781701476454873557,/dynamic_straight/tuning/marker_x_px,777.0
1781701476454877184,/dynamic_straight/tuning/heading_error_rad,-3.108271657711546
1781701476454882694,/dynamic_straight/tuning/lateral_error_px,-8.465116500854492
1781701476454887393,/dynamic_straight/tuning/roll_pwm,1545.0
1781701476454890589,/dynamic_straight/tuning/marker_y_px,591.75
1781701476454897983,/dynamic_straight/tuning/track_speed_pps,-1.5006557020899124e-14
1781701476454901550,/dynamic_straight/tuning/raw_track_speed_pps,0.0
1781701476454913903,/dynamic_straight/tuning/target_speed_pps,0.0
1781701476454996629,/dynamic_straight/tuning/cbf_qp_h,-1.8024270439857535
1781701476455006448,/dynamic_straight/tuning/cbf_qp_h_dot,0.0
1781701476455027878,/dynamic_straight/tuning/cbf_qp_h_ddot,-0.1408273491176074
1781701476455059598,/dynamic_straight/tuning/cbf_qp_rhs,36.04854087971507
1781701476501387201,/dynamic_straight/tuning/marker_seen,1.0
1781701476501426305,/dynamic_straight/tuning/throttle_pwm,1500.0
1781701476501429691,/dynamic_straight/tuning/marker_x_px,777.0
1781701476501432076,/dynamic_straight/tuning/heading_error_rad,-3.108271657711546
1781701476501437286,/dynamic_straight/tuning/lateral_error_px,-8.465116500854492
1781701476501440271,/dynamic_straight/tuning/roll_pwm,1545.0
1781701476501442385,/dynamic_straight/tuning/marker_y_px,591.75
1781701476501449278,/dynamic_straight/tuning/raw_track_speed_pps,0.0
1781701476501455851,/dynamic_straight/tuning/track_speed_pps,-9.754262063584431e-15
1781701476501465268,/dynamic_straight/tuning/target_speed_pps,0.0
1781701476501521014,/dynamic_straight/tuning/cbf_qp_h,-1.8024270439857535
1781701476501527476,/dynamic_straight/tuning/cbf_qp_h_dot,0.0
1781701476501544698,/dynamic_straight/tuning/cbf_qp_h_ddot,-0.1408273491176074
1781701476501593411,/dynamic_straight/tuning/cbf_qp_rhs,36.04854087971507
1781701476543411313,/dynamic_straight/tuning/marker_seen,1.0
1781701476543464073,/dynamic_straight/tuning/throttle_pwm,1500.0
1781701476543470565,/dynamic_straight/tuning/marker_x_px,777.0
1781701476543475054,/dynamic_straight/tuning/heading_error_rad,-3.108271657711546
1781701476543480995,/dynamic_straight/tuning/lateral_error_px,-8.465116500854492
1781701476543485964,/dynamic_straight/tuning/roll_pwm,1545.0
1781701476543489651,/dynamic_straight/tuning/marker_y_px,591.75
1781701476543501374,/dynamic_straight/tuning/track_speed_pps,-6.3402703413298806e-15
1781701476543504950,/dynamic_straight/tuning/raw_track_speed_pps,0.0
1781701476543507736,/dynamic_straight/tuning/target_speed_pps,0.0
1781701476543554213,/dynamic_straight/tuning/cbf_qp_h,-1.8024270439857535
1781701476543564873,/dynamic_straight/tuning/cbf_qp_h_dot,0.0
1781701476543575023,/dynamic_straight/tuning/cbf_qp_h_ddot,-0.1408273491176074
1781701476543603226,/dynamic_straight/tuning/cbf_qp_rhs,36.04854087971507
1781701476578936638,/dynamic_straight/tuning/marker_seen,1.0
1781701476578997283,/dynamic_straight/tuning/throttle_pwm,1500.0
1781701476579002503,/dynamic_straight/tuning/marker_x_px,777.0
1781701476579005268,/dynamic_straight/tuning/heading_error_rad,-3.108271657711546
1781701476579009686,/dynamic_straight/tuning/raw_track_speed_pps,0.0
1781701476579014095,/dynamic_straight/tuning/lateral_error_px,-8.465116500854492
1781701476579019455,/dynamic_straight/tuning/roll_pwm,1545.0
1781701476579024124,/dynamic_straight/tuning/marker_y_px,591.75
1781701476579037128,/dynamic_straight/tuning/track_speed_pps,-4.121175721864423e-15
1781701476579047217,/dynamic_straight/tuning/target_speed_pps,0.0
1781701476579114514,/dynamic_straight/tuning/cbf_qp_h,-1.8024270439857535
1781701476579128170,/dynamic_straight/tuning/cbf_qp_h_dot,0.0
1781701476579139592,/dynamic_straight/tuning/cbf_qp_h_ddot,-0.1408273491176074
1781701476579181862,/dynamic_straight/tuning/cbf_qp_rhs,36.04854087971507
1781701476621490402,/dynamic_straight/tuning/marker_seen,1.0
1781701476621541027,/dynamic_straight/tuning/throttle_pwm,1500.0
1781701476621546988,/dynamic_straight/tuning/marker_x_px,777.0
1781701476621551156,/dynamic_straight/tuning/heading_error_rad,-3.108271657711546
1781701476621556486,/dynamic_straight/tuning/lateral_error_px,-8.465116500854492
1781701476621561676,/dynamic_straight/tuning/roll_pwm,1545.0
1781701476621565794,/dynamic_straight/tuning/marker_y_px,591.75
1781701476621577686,/dynamic_straight/tuning/track_speed_pps,-2.678764219211875e-15
1781701476621580572,/dynamic_straight/tuning/raw_track_speed_pps,0.0
1781701476621583197,/dynamic_straight/tuning/target_speed_pps,0.0
1781701476621639443,/dynamic_straight/tuning/cbf_qp_h,-1.8024270439857535
1781701476621653019,/dynamic_straight/tuning/cbf_qp_h_dot,0.0
1781701476621661214,/dynamic_straight/tuning/cbf_qp_h_ddot,-0.1408273491176074
1781701476621690339,/dynamic_straight/tuning/cbf_qp_rhs,36.04854087971507
1781701476662931673,/dynamic_straight/tuning/marker_seen,1.0
1781701476662988280,/dynamic_straight/tuning/throttle_pwm,1500.0
1781701476662996516,/dynamic_straight/tuning/marker_x_px,777.0
1781701476663000914,/dynamic_straight/tuning/heading_error_rad,-3.108271657711546
1781701476663006084,/dynamic_straight/tuning/raw_track_speed_pps,0.0
1781701476663011714,/dynamic_straight/tuning/lateral_error_px,-8.465116500854492
1781701476663015361,/dynamic_straight/tuning/roll_pwm,1546.0
1781701476663018086,/dynamic_straight/tuning/marker_y_px,591.75
1781701476663025981,/dynamic_straight/tuning/track_speed_pps,-1.7411967424877188e-15
1781701476663029017,/dynamic_straight/tuning/target_speed_pps,0.0
1781701476663086415,/dynamic_straight/tuning/cbf_qp_h,-1.8024270439857535
1781701476663098769,/dynamic_straight/tuning/cbf_qp_h_dot,0.0
1781701476663108347,/dynamic_straight/tuning/cbf_qp_h_ddot,-0.1408273491176074
1781701476663138925,/dynamic_straight/tuning/cbf_qp_rhs,36.04854087971507
1781701476699965418,/dynamic_straight/tuning/marker_seen,1.0
1781701476700012176,/dynamic_straight/tuning/marker_x_px,777.0
1781701476700016003,/dynamic_straight/tuning/heading_error_rad,-3.108271657711546
1781701476700019460,/dynamic_straight/tuning/lateral_error_px,-8.465116500854492
1781701476700021924,/dynamic_straight/tuning/marker_y_px,591.75
1781701476700033586,/dynamic_straight/tuning/roll_pwm,1546.0
1781701476700072139,/dynamic_straight/tuning/throttle_pwm,1500.0
1781701476700097447,/dynamic_straight/tuning/raw_track_speed_pps,0.0
1781701476700139156,/dynamic_straight/tuning/track_speed_pps,-1.1317778826170173e-15
1781701476700155737,/dynamic_straight/tuning/target_speed_pps,0.0
1781701476700222944,/dynamic_straight/tuning/cbf_qp_h,-1.8024270439857535
1781701476700245697,/dynamic_straight/tuning/cbf_qp_h_dot,0.0
1781701476700277487,/dynamic_straight/tuning/cbf_qp_h_ddot,-0.1408273491176074
1781701476700314537,/dynamic_straight/tuning/cbf_qp_rhs,36.04854087971507
1781701476747688557,/dynamic_straight/tuning/marker_seen,1.0
1781701476747733832,/dynamic_straight/tuning/throttle_pwm,1500.0
1781701476747739373,/dynamic_straight/tuning/marker_x_px,777.0
1781701476747743501,/dynamic_straight/tuning/heading_error_rad,-3.108271657711546
1781701476747748961,/dynamic_straight/tuning/lateral_error_px,-8.465116500854492
1781701476747759541,/dynamic_straight/tuning/roll_pwm,1546.0
1781701476747764029,/dynamic_straight/tuning/marker_y_px,591.75
1781701476747775932,/dynamic_straight/tuning/track_speed_pps,-7.356556237010612e-16
1781701476747779248,/dynamic_straight/tuning/raw_track_speed_pps,0.0
1781701476747789127,/dynamic_straight/tuning/target_speed_pps,0.0
1781701476747844642,/dynamic_straight/tuning/cbf_qp_h,-1.8024270439857535
1781701476747855312,/dynamic_straight/tuning/cbf_qp_h_dot,0.0
1781701476747863688,/dynamic_straight/tuning/cbf_qp_h_ddot,-0.1408273491176074
1781701476747895498,/dynamic_straight/tuning/cbf_qp_rhs,36.04854087971507
1781701476787495911,/dynamic_straight/tuning/marker_seen,1.0
1781701476787545796,/dynamic_straight/tuning/throttle_pwm,1500.0
1781701476787551597,/dynamic_straight/tuning/marker_x_px,777.0
1781701476787555193,/dynamic_straight/tuning/heading_error_rad,-3.108271657711546
1781701476787559512,/dynamic_straight/tuning/lateral_error_px,-8.465116500854492
1781701476787563900,/dynamic_straight/tuning/roll_pwm,1546.0
1781701476787567907,/dynamic_straight/tuning/marker_y_px,591.75
1781701476787577215,/dynamic_straight/tuning/track_speed_pps,-4.781761554056898e-16
1781701476787581353,/dynamic_straight/tuning/raw_track_speed_pps,0.0
1781701476787585030,/dynamic_straight/tuning/target_speed_pps,0.0
1781701476787634203,/dynamic_straight/tuning/cbf_qp_h,-1.8024270439857535
1781701476787644422,/dynamic_straight/tuning/cbf_qp_h_dot,0.0
1781701476787652728,/dynamic_straight/tuning/cbf_qp_h_ddot,-0.1408273491176074
1781701476787685319,/dynamic_straight/tuning/cbf_qp_rhs,36.04854087971507
1781701476834357593,/dynamic_straight/tuning/marker_seen,1.0
1781701476834404201,/dynamic_straight/tuning/marker_x_px,777.0
1781701476834409081,/dynamic_straight/tuning/heading_error_rad,-3.108271657711546
1781701476834414000,/dynamic_straight/tuning/lateral_error_px,-8.465116500854492
1781701476834417627,/dynamic_straight/tuning/roll_pwm,1546.0
1781701476834421995,/dynamic_straight/tuning/marker_y_px,591.75
1781701476834433917,/dynamic_straight/tuning/throttle_pwm,1500.0
1781701476834437504,/dynamic_straight/tuning/raw_track_speed_pps,0.0
1781701476834447353,/dynamic_straight/tuning/track_speed_pps,-3.108145010136984e-16
1781701476834462632,/dynamic_straight/tuning/target_speed_pps,0.0
1781701476834529087,/dynamic_straight/tuning/cbf_qp_h,-1.8024270439857535
1781701476834539828,/dynamic_straight/tuning/cbf_qp_h_dot,0.0
1781701476834555527,/dynamic_straight/tuning/cbf_qp_h_ddot,-0.1408273491176074
1781701476834592377,/dynamic_straight/tuning/cbf_qp_rhs,36.04854087971507
1781701476873726149,/dynamic_straight/tuning/marker_seen,1.0
1781701476873782125,/dynamic_straight/tuning/throttle_pwm,1500.0
1781701476873788437,/dynamic_straight/tuning/marker_x_px,777.0
1781701476873791853,/dynamic_straight/tuning/heading_error_rad,-3.108271657711546
1781701476873796692,/dynamic_straight/tuning/lateral_error_px,-8.465116500854492
1781701476873799758,/dynamic_straight/tuning/roll_pwm,1546.0
1781701476873803285,/dynamic_straight/tuning/marker_y_px,591.75
1781701476873813404,/dynamic_straight/tuning/raw_track_speed_pps,0.0
1781701476873821890,/dynamic_straight/tuning/track_speed_pps,-2.0202942565890397e-16
1781701476873830556,/dynamic_straight/tuning/target_speed_pps,0.0
1781701476873900488,/dynamic_straight/tuning/cbf_qp_h,-1.8024270439857535
1781701476873910277,/dynamic_straight/tuning/cbf_qp_h_dot,0.0
1781701476873917571,/dynamic_straight/tuning/cbf_qp_h_ddot,-0.1408273491176074
1781701476873948309,/dynamic_straight/tuning/cbf_qp_rhs,36.04854087971507
1781701476944322801,/dynamic_straight/tuning/marker_seen,1.0
1781701476944369780,/dynamic_straight/tuning/throttle_pwm,1500.0
1781701476944378086,/dynamic_straight/tuning/marker_x_px,777.0
1781701476944381752,/dynamic_straight/tuning/heading_error_rad,-3.108271657711546
1781701476944386732,/dynamic_straight/tuning/lateral_error_px,-8.465116500854492
1781701476944390439,/dynamic_straight/tuning/roll_pwm,1546.0
1781701476944394226,/dynamic_straight/tuning/marker_y_px,591.75
1781701476944405507,/dynamic_straight/tuning/track_speed_pps,-1.313191266782876e-16
1781701476944410978,/dynamic_straight/tuning/raw_track_speed_pps,0.0
1781701476944415376,/dynamic_straight/tuning/target_speed_pps,0.0
1781701476944470149,/dynamic_straight/tuning/cbf_qp_h,-1.8024270439857535
1781701476944481351,/dynamic_straight/tuning/cbf_qp_h_dot,0.0
1781701476944495547,/dynamic_straight/tuning/cbf_qp_h_ddot,-0.1408273491176074
1781701476944523961,/dynamic_straight/tuning/cbf_qp_rhs,36.04854087971507
1781701476989567137,/dynamic_straight/tuning/marker_seen,1.0
1781701476989612403,/dynamic_straight/tuning/marker_x_px,777.0
1781701476989617422,/dynamic_straight/tuning/heading_error_rad,-3.108271657711546
1781701476989622061,/dynamic_straight/tuning/lateral_error_px,-8.465116500854492
1781701476989625488,/dynamic_straight/tuning/roll_pwm,1546.0
1781701476989628724,/dynamic_straight/tuning/marker_y_px,591.75
1781701476989637029,/dynamic_straight/tuning/throttle_pwm,1500.0
1781701476989645155,/dynamic_straight/tuning/raw_track_speed_pps,0.0
1781701476989682876,/dynamic_straight/tuning/track_speed_pps,-8.535743234088694e-17
1781701476989693947,/dynamic_straight/tuning/target_speed_pps,0.0
1781701476989813152,/dynamic_straight/tuning/cbf_qp_h,-1.8024270439857535
1781701476989823622,/dynamic_straight/tuning/cbf_qp_h_dot,0.0
1781701476989855783,/dynamic_straight/tuning/cbf_qp_h_ddot,-0.1408273491176074
1781701476989881772,/dynamic_straight/tuning/cbf_qp_rhs,36.04854087971507
1781701477031911124,/dynamic_straight/tuning/marker_seen,1.0
1781701477031979133,/dynamic_straight/tuning/marker_x_px,777.0
1781701477031986106,/dynamic_straight/tuning/lateral_error_px,-8.465116500854492
1781701477031991025,/dynamic_straight/tuning/marker_y_px,591.75
1781701477032019729,/dynamic_straight/tuning/heading_error_rad,-3.108271657711546
1781701477032072890,/dynamic_straight/tuning/roll_pwm,1546.0
1781701477032126902,/dynamic_straight/tuning/throttle_pwm,1500.0
1781701477032143373,/dynamic_straight/tuning/raw_track_speed_pps,0.0
1781701477032184270,/dynamic_straight/tuning/track_speed_pps,-5.5482331021576515e-17
1781701477032209167,/dynamic_straight/tuning/target_speed_pps,0.0
1781701477032308074,/dynamic_straight/tuning/cbf_qp_h,-1.8024270439857535
1781701477032325367,/dynamic_straight/tuning/cbf_qp_h_dot,0.0
1781701477032362697,/dynamic_straight/tuning/cbf_qp_h_ddot,-0.1408273491176074
1781701477032410007,/dynamic_straight/tuning/cbf_qp_rhs,36.04854087971507
1781701477067591342,/dynamic_straight/tuning/marker_seen,1.0
1781701477067644913,/dynamic_straight/tuning/marker_x_px,777.0
1781701477067652067,/dynamic_straight/tuning/lateral_error_px,-8.465116500854492
1781701477067657467,/dynamic_straight/tuning/marker_y_px,591.75
1781701477067669770,/dynamic_straight/tuning/heading_error_rad,-3.108271657711546
1781701477067704155,/dynamic_straight/tuning/roll_pwm,1546.0
1781701477067764780,/dynamic_straight/tuning/throttle_pwm,1500.0
1781701477067779868,/dynamic_straight/tuning/raw_track_speed_pps,0.0
1781701477067819202,/dynamic_straight/tuning/track_speed_pps,-3.606351516402474e-17
1781701477067854149,/dynamic_straight/tuning/target_speed_pps,0.0
1781701477067980758,/dynamic_straight/tuning/cbf_qp_h,-1.8024270439857535
1781701477068011766,/dynamic_straight/tuning/cbf_qp_h_dot,0.0
1781701477068047504,/dynamic_straight/tuning/cbf_qp_h_ddot,-0.1408273491176074
1781701477068104642,/dynamic_straight/tuning/cbf_qp_rhs,36.04854087971507
1781701477103586375,/dynamic_straight/tuning/marker_seen,1.0
1781701477103631800,/dynamic_straight/tuning/marker_x_px,777.0
1781701477103636479,/dynamic_straight/tuning/heading_error_rad,-3.108271657711546
1781701477103640797,/dynamic_straight/tuning/lateral_error_px,-8.465116500854492
1781701477103643953,/dynamic_straight/tuning/roll_pwm,1546.0
1781701477103646538,/dynamic_straight/tuning/marker_y_px,591.75
1781701477103655976,/dynamic_straight/tuning/throttle_pwm,1500.0
1781701477103659372,/dynamic_straight/tuning/raw_track_speed_pps,0.0
1781701477103665314,/dynamic_straight/tuning/track_speed_pps,-2.344128485661608e-17
1781701477103682085,/dynamic_straight/tuning/target_speed_pps,0.0
1781701477103737911,/dynamic_straight/tuning/cbf_qp_h,-1.8024270439857535
1781701477103743712,/dynamic_straight/tuning/cbf_qp_h_dot,0.0
1781701477103791622,/dynamic_straight/tuning/cbf_qp_h_ddot,-0.1408273491176074
1781701477103816870,/dynamic_straight/tuning/cbf_qp_rhs,36.04854087971507
1781701477135733888,/dynamic_straight/tuning/marker_seen,1.0
1781701477135786588,/dynamic_straight/tuning/marker_x_px,777.0
1781701477135790996,/dynamic_straight/tuning/lateral_error_px,-8.465116500854492
1781701477135794763,/dynamic_straight/tuning/marker_y_px,591.75
1781701477135805904,/dynamic_straight/tuning/heading_error_rad,-3.108271657711546
1781701477135851440,/dynamic_straight/tuning/roll_pwm,1546.0
1781701477135888490,/dynamic_straight/tuning/throttle_pwm,1500.0
1781701477135917635,/dynamic_straight/tuning/raw_track_speed_pps,0.0
1781701477135949846,/dynamic_straight/tuning/track_speed_pps,-1.523683515680045e-17
1781701477135978811,/dynamic_straight/tuning/target_speed_pps,0.0
1781701477136055446,/dynamic_straight/tuning/cbf_qp_h,-1.8024270439857535
1781701477136081515,/dynamic_straight/tuning/cbf_qp_h_dot,0.0
1781701477136108215,/dynamic_straight/tuning/cbf_qp_h_ddot,-0.1408273491176074
1781701477136152860,/dynamic_straight/tuning/cbf_qp_rhs,36.04854087971507
1781701477198508022,/dynamic_straight/tuning/marker_seen,1.0
1781701477198547307,/dynamic_straight/tuning/marker_x_px,777.0
1781701477198551915,/dynamic_straight/tuning/heading_error_rad,-3.108271657711546
1781701477198555622,/dynamic_straight/tuning/lateral_error_px,-8.465116500854492
1781701477198559640,/dynamic_straight/tuning/roll_pwm,1546.0
1781701477198562065,/dynamic_straight/tuning/marker_y_px,591.75
1781701477198569539,/dynamic_straight/tuning/throttle_pwm,1500.0
1781701477198575430,/dynamic_straight/tuning/raw_track_speed_pps,0.0
1781701477198592081,/dynamic_straight/tuning/track_speed_pps,-9.903942851920293e-18
1781701477198601509,/dynamic_straight/tuning/target_speed_pps,0.0
1781701477198664889,/dynamic_straight/tuning/cbf_qp_h,-1.8024270439857535
1781701477198674607,/dynamic_straight/tuning/cbf_qp_h_dot,0.0
1781701477198689004,/dynamic_straight/tuning/cbf_qp_h_ddot,-0.1408273491176074
1781701477198717448,/dynamic_straight/tuning/cbf_qp_rhs,36.04854087971507
1781701477241297752,/dynamic_straight/tuning/marker_seen,1.0
1781701477241331325,/dynamic_straight/tuning/marker_x_px,777.0
1781701477241335713,/dynamic_straight/tuning/lateral_error_px,-8.465116500854492
1781701477241338068,/dynamic_straight/tuning/marker_y_px,591.75
1781701477241347155,/dynamic_straight/tuning/heading_error_rad,-3.108271657711546
1781701477241384796,/dynamic_straight/tuning/roll_pwm,1546.0
1781701477241417127,/dynamic_straight/tuning/throttle_pwm,1500.0
1781701477241459597,/dynamic_straight/tuning/raw_track_speed_pps,0.0
1781701477241477181,/dynamic_straight/tuning/track_speed_pps,-6.437562853748191e-18
1781701477241493181,/dynamic_straight/tuning/target_speed_pps,0.0
1781701477241592258,/dynamic_straight/tuning/cbf_qp_h,-1.8024270439857535
1781701477241610783,/dynamic_straight/tuning/cbf_qp_h_dot,0.0
1781701477241639838,/dynamic_straight/tuning/cbf_qp_h_ddot,-0.1408273491176074
1781701477241680415,/dynamic_straight/tuning/cbf_qp_rhs,36.04854087971507
